# FCI-FPGA FoM wizard dataset, derived from Zenodo record 8037239
# See data/zenodo_to_gui_csv.py for exactly how energy_long/fci/psd were derived
# (fci is 1 - Zenodo's own FCI column; psd is computed here, not published)
energy_long,fci,psd
13808.3,0.113842,0.570501
15564.7,0.119373,0.5611
26473.7,0.109831,0.581232
5977,0.127402,0.541743
7831.67,0.144393,0.631581
26960.7,0.0966641,0.572958
14412.3,0.103021,0.574693
17504.3,0.090444,0.590749
10667.3,0.138225,0.585963
8685.33,0.133551,0.559641
14034.7,0.110159,0.55693
15216.3,0.122557,0.578961
26384.7,0.108748,0.573338
20556.7,0.124641,0.588876
12443.3,0.110064,0.587597
8049.33,0.143466,0.633676
16639.7,0.111426,0.546906
20880,0.108641,0.601868
18428,0.110005,0.575971
6990,0.141771,0.593276
26157.7,0.117616,0.585348
19653.7,0.0954055,0.574057
7783.67,0.131489,0.601302
17410,0.0969533,0.586445
5752,0.136606,0.589882
28138.3,0.105947,0.593023
8839.67,0.124907,0.599268
13103.7,0.116438,0.618173
9166,0.138567,0.570587
18466.3,0.127324,0.584722
13448.7,0.107698,0.585733
27884.7,0.102435,0.590336
10247,0.113798,0.578316
14154.3,0.109567,0.614276
17667.3,0.113204,0.605053
25065.3,0.10338,0.599181
5358.33,0.16247,0.626252
25625.7,0.0857222,0.585129
23721.7,0.0818405,0.56591
17980,0.100436,0.574694
7824.67,0.124736,0.598279
13433.7,0.127949,0.566065
18702.3,0.0914843,0.578787
25704,0.103743,0.593176
9489.33,0.10901,0.590101
12779.7,0.112507,0.630246
16755.3,0.121646,0.619604
11048,0.114117,0.568429
8610.33,0.119825,0.577059
13027,0.110096,0.586935
6034,0.151463,0.631753
8117.67,0.127212,0.573851
17995.7,0.110809,0.585715
7620.67,0.116172,0.548946
8797.33,0.113629,0.588663
17715.3,0.117815,0.603244
17762.7,0.106637,0.579549
4380.33,0.18521,0.618142
9599.67,0.129049,0.578076
16910,0.127208,0.5877
12559.7,0.127004,0.572892
17734.7,0.105701,0.597493
11876.3,0.113053,0.566645
25886.3,0.100716,0.592192
12492.3,0.119699,0.603463
8767.33,0.119801,0.570945
19496.7,0.101539,0.586271
19494.7,0.106652,0.60526
15058.3,0.10189,0.582911
6226.33,0.162388,0.593394
10311,0.116149,0.613907
11832.3,0.108416,0.593092
6426.33,0.160117,0.572125
7567.67,0.14477,0.601022
19309.3,0.107588,0.571882
18796,0.109612,0.579325
12983.7,0.0906704,0.564966
16622.7,0.091439,0.585726
20798.3,0.0929111,0.610946
9372.33,0.117694,0.585838
5643,0.21095,0.600744
14234,0.12801,0.583532
27431.3,0.10217,0.584757
6807.33,0.151969,0.585055
12308,0.0995605,0.595385
17934,0.0984678,0.560444
9151.67,0.103403,0.578947
18721.7,0.0980678,0.554562
17492.3,0.100245,0.585952
16772,0.123074,0.573635
8296.33,0.165976,0.61939
13087,0.0961679,0.562849
16119.3,0.0908127,0.605587
6882.67,0.14271,0.584124
13492.7,0.11737,0.578413
5266.67,0.158884,0.62057
8872.67,0.123378,0.572019
9269.67,0.113867,0.576001
21421,0.113241,0.589328
8656.33,0.119995,0.556664
5063,0.195746,0.604385
10273.3,0.10858,0.602206
8288.67,0.132224,0.563822
25940.7,0.0991511,0.585965
16767,0.0973839,0.574999
17721.3,0.0917515,0.589722
13472.3,0.12454,0.570478
27180.7,0.103566,0.583552
25855,0.0889974,0.579385
10791.3,0.102067,0.552357
20243.7,0.0925466,0.592646
14248.7,0.114664,0.623731
8648.67,0.133765,0.572728
5677,0.156771,0.58693
10120.3,0.125091,0.609532
8964.67,0.113175,0.596378
24408,0.103592,0.569936
11646.3,0.115871,0.608146
9046.33,0.133818,0.550684
23049,0.10908,0.574559
14598,0.113089,0.568366
8448,0.117619,0.574455
8839.67,0.0973257,0.579924
13891,0.115162,0.599885
7063.67,0.127774,0.588693
5747,0.156567,0.592483
16527.3,0.108255,0.584345
8286.33,0.131658,0.609276
19264.3,0.103999,0.592061
17621,0.115334,0.616253
4577.67,0.169404,0.591422
27079.3,0.107514,0.582314
7583,0.138062,0.571937
7813,0.13752,0.606297
4920.67,0.171794,0.590028
11384.7,0.118815,0.609094
10150,0.119857,0.594581
11906.7,0.130893,0.570465
14685,0.113147,0.586176
27680.3,0.0995795,0.615046
18967.7,0.114373,0.598299
13345.7,0.115006,0.609961
15986,0.112463,0.623045
14348.3,0.108815,0.584574
7801,0.135147,0.597616
6227,0.159037,0.589208
27899,0.0910752,0.594071
12323.3,0.111251,0.617825
16205,0.110236,0.617155
28121,0.0990598,0.586892
10407.3,0.125924,0.594357
7105,0.15291,0.635468
6270.67,0.15628,0.590262
7803.33,0.122557,0.591371
18520,0.106903,0.549946
11294.7,0.101982,0.589069
7142.33,0.123795,0.571895
3873,0.219504,0.570875
5573,0.164665,0.585502
6134.33,0.148859,0.567081
8909.33,0.127814,0.55657
6447.67,0.115276,0.531562
23540.3,0.104418,0.570411
18021,0.110977,0.581821
7588.67,0.129772,0.582228
18023.3,0.110119,0.571186
15200.7,0.121012,0.609732
14219.3,0.0898575,0.586643
16216.7,0.102966,0.584358
9656,0.141022,0.632146
6174.33,0.128247,0.62884
13474.7,0.11436,0.577033
9231.67,0.116518,0.597003
5819.33,0.133751,0.581968
8044.33,0.111722,0.577135
13732.3,0.113264,0.629366
20698,0.102055,0.600879
25869.3,0.0980574,0.569426
8667.67,0.133122,0.605969
7102.33,0.11741,0.566668
7164,0.136479,0.596315
14192.7,0.116196,0.604702
8407,0.130979,0.610087
10127.7,0.116722,0.651516
15273.7,0.101075,0.598306
14826,0.108918,0.58937
5242,0.150368,0.55227
17235,0.100784,0.58329
6344.67,0.14811,0.53499
9613.33,0.142483,0.617441
26711.7,0.103576,0.586835
9630.67,0.132821,0.625536
16376.7,0.125999,0.581946
16210.7,0.118692,0.584574
14960,0.123421,0.564104
26790.7,0.10442,0.563716
11464,0.102766,0.609211
12817,0.127066,0.573847
14028,0.119686,0.627673
10032,0.11832,0.563397
7716.33,0.146613,0.628494
20112.7,0.0897266,0.610229
8467.67,0.117521,0.550014
10872.3,0.120494,0.584113
5833,0.158204,0.577747
25760.7,0.0966616,0.583072
4687.33,0.171055,0.636752
12052.3,0.123726,0.596869
18967.3,0.100702,0.575129
18437.3,0.0980125,0.623228
7340,0.162655,0.591008
16672.7,0.11112,0.578032
27613.7,0.115466,0.607537
11421,0.104982,0.594782
7659.33,0.117261,0.587867
13879.3,0.128976,0.609227
26240.3,0.126061,0.573113
15648,0.111583,0.602122
13583,0.127802,0.555768
26751.3,0.0979429,0.580519
26172.7,0.121705,0.577142
26291.7,0.10397,0.574415
14336.7,0.125954,0.592211
15793.3,0.120733,0.574588
17413.3,0.102771,0.580858
17170.7,0.0914694,0.59027
8090.67,0.116301,0.61643
9661.33,0.0987166,0.574213
5560,0.152386,0.571942
14767.3,0.102557,0.581667
9821,0.12605,0.590877
5483.33,0.164662,0.57459
10987.7,0.100257,0.570852
11475.3,0.120798,0.597601
25779,0.090442,0.572094
8166,0.132606,0.57568
24164.3,0.100848,0.573352
15421.7,0.103509,0.622847
9660,0.100483,0.590683
8454.33,0.135205,0.578362
14020,0.122516,0.560842
9989.33,0.116025,0.577983
11039.3,0.13684,0.60526
9672.33,0.122145,0.578936
24615.3,0.096483,0.592706
14050.7,0.108012,0.603767
8857.67,0.131609,0.574681
12074,0.111341,0.60328
15433,0.116154,0.62956
8759.33,0.142118,0.619073
9040,0.122287,0.559845
15093.7,0.0987341,0.590998
12933.7,0.114812,0.585475
19898.7,0.0956882,0.629556
27331,0.0942138,0.594856
8944,0.129729,0.575693
22085.7,0.104082,0.573871
15750.3,0.10406,0.591839
4677.67,0.147505,0.589468
6513,0.146691,0.573929
16914.3,0.107429,0.611296
7389.33,0.155621,0.593107
12661,0.123321,0.568281
11066.7,0.128532,0.570753
20165,0.103713,0.594942
27966.3,0.0969594,0.615979
11275,0.140107,0.563016
13024,0.119992,0.585918
15318.7,0.1102,0.606145
13624,0.104676,0.587639
8421.33,0.11906,0.548686
7538.33,0.159213,0.634314
8171.67,0.150702,0.591597
8906.33,0.130144,0.581459
24527.7,0.104592,0.581194
10776,0.106721,0.589272
8461.67,0.103165,0.604885
7766.33,0.139127,0.601013
15816.3,0.112912,0.560475
28217.7,0.101395,0.594781
11313,0.121986,0.572174
8239.33,0.137374,0.574521
6967.67,0.143149,0.558915
14669.7,0.116963,0.599491
8322.67,0.130655,0.638898
16304.3,0.126514,0.570196
5438.67,0.179061,0.570789
18850,0.105595,0.571034
13058.3,0.115465,0.599132
5658.33,0.176859,0.611782
12955.3,0.122458,0.576416
13568.3,0.108889,0.605872
7771,0.145957,0.580749
6647.67,0.165701,0.59304
11941.7,0.122234,0.592826
6240,0.166729,0.622115
12293.3,0.124845,0.57801
7058.33,0.135069,0.565525
9612,0.118985,0.610591
6617.67,0.174093,0.6122
7133.33,0.14143,0.591963
12254,0.110413,0.596703
18013.3,0.110535,0.57339
8175,0.133593,0.577248
21929.3,0.0989782,0.623944
10724.7,0.118778,0.595667
25980,0.0926556,0.571055
14836.3,0.129514,0.578894
17357.3,0.110989,0.593505
16395,0.105865,0.586886
21746.3,0.0945717,0.582704
7202.67,0.135052,0.590244
4760.67,0.179679,0.588013
18436.3,0.121017,0.56517
6260.67,0.142034,0.580343
16163.7,0.0970045,0.591966
15701.3,0.113528,0.596234
16580,0.107673,0.610253
9685,0.120188,0.575942
16982.7,0.0913061,0.547755
15608,0.118044,0.563045
12500,0.101022,0.57704
15969,0.109624,0.585509
10362,0.121107,0.625555
17850,0.113765,0.595854
18862,0.100072,0.590022
10511,0.117396,0.597279
16002.7,0.099268,0.584236
9459.33,0.127338,0.592818
11502.7,0.128257,0.604324
22639.7,0.0862784,0.586596
13198.7,0.100101,0.613269
28459.3,0.0990201,0.566129
25564.7,0.110236,0.591611
8368,0.136445,0.578155
10490.3,0.121568,0.583172
12483,0.11135,0.577185
13772.3,0.125568,0.581359
27982,0.0950699,0.585269
9005.33,0.143841,0.630589
17406.3,0.0958446,0.585974
7027,0.145881,0.566671
6624.33,0.119545,0.61103
15775,0.114872,0.589794
8405.67,0.107117,0.631043
25152.7,0.107248,0.582099
13874.3,0.110217,0.58595
19603.3,0.120303,0.58065
18693.3,0.103082,0.595863
28582.7,0.102824,0.599956
16261,0.109151,0.57438
5502.67,0.163047,0.562152
26507.3,0.0998057,0.585486
28964.7,0.0818506,0.587313
8783.33,0.120914,0.587324
8232.67,0.114875,0.653656
14612.3,0.0955736,0.587563
27734.7,0.098382,0.585381
9606,0.118696,0.58224
9241,0.111956,0.620496
14886.7,0.116791,0.54944
8405,0.13082,0.578584
19261.7,0.102474,0.59846
9847.67,0.0958159,0.553363
12170.3,0.115615,0.59478
26548.3,0.0902547,0.574487
9988,0.113049,0.60032
10167.7,0.131408,0.557683
14196.7,0.0964656,0.57213
8768,0.126623,0.579037
18756.3,0.111273,0.578667
9547.33,0.122383,0.575204
6220.67,0.165168,0.601275
16753.7,0.0928544,0.623406
18634.3,0.0980651,0.607409
24142.3,0.0982192,0.539785
12944,0.101888,0.583745
13388,0.104565,0.586122
4817.67,0.16033,0.624438
9004.67,0.119104,0.599726
6015,0.148833,0.603491
5988,0.14078,0.58517
25872.3,0.0978377,0.582579
20142.3,0.107716,0.57941
55921.3,0.103956,0.588034
17836,0.113101,0.558645
15085,0.114562,0.58767
15892,0.106881,0.60068
8185.33,0.119424,0.597491
9041.67,0.160784,0.621051
10791.3,0.135437,0.599895
5923.67,0.139304,0.639356
10189.7,0.116573,0.634106
13626,0.123121,0.615514
20567,0.102666,0.586862
11461.7,0.116235,0.600029
14394.3,0.111385,0.601811
17476,0.103026,0.566148
7080.33,0.124531,0.600348
10949,0.136186,0.62645
8321,0.116057,0.624084
9444.33,0.118775,0.58296
11172.3,0.126481,0.615509
8750,0.125866,0.596571
27255,0.104414,0.578279
12627.7,0.119399,0.617005
18478.3,0.112612,0.589104
6130,0.150345,0.578793
10752.3,0.121677,0.620578
15391.3,0.119312,0.608308
8736.67,0.139936,0.598321
12521,0.119827,0.600431
14788.3,0.106136,0.641497
5948.33,0.137138,0.591202
17880.7,0.122303,0.580366
17368,0.11254,0.564774
7743.33,0.110334,0.536418
4913.33,0.169314,0.585278
7064.67,0.114016,0.653723
12623,0.108871,0.57926
14911,0.105765,0.625243
27614.3,0.0926616,0.614995
19476.3,0.105657,0.57391
15213.7,0.111497,0.570299
8239,0.118108,0.586358
20063.7,0.115216,0.602299
23722,0.0846408,0.567111
10521,0.148264,0.635586
13348,0.129391,0.591924
6357.67,0.123409,0.616788
4459,0.157708,0.592958
14151,0.0929236,0.595152
17366,0.112553,0.583496
27196,0.115375,0.554935
8375,0.145738,0.601313
11173.3,0.0996159,0.538395
15140.3,0.10843,0.600097
19577.3,0.101229,0.62586
7583.67,0.1389,0.555053
16968.3,0.110094,0.599037
14853.3,0.109752,0.606239
12979.7,0.114524,0.607129
14684,0.0994346,0.583833
8435.67,0.132119,0.595369
13739.3,0.117248,0.603062
13296.3,0.111902,0.584873
13721,0.103409,0.573792
9342.67,0.126659,0.595583
25468,0.0889046,0.569067
15397,0.127679,0.601286
8608.33,0.135564,0.544201
17313,0.0992487,0.614394
13176.7,0.128586,0.564584
12166.3,0.104122,0.574262
17443,0.11629,0.570487
6445,0.147642,0.599224
13736.3,0.110369,0.585066
28710,0.112204,0.602856
17671,0.091917,0.577783
19835.7,0.121442,0.583662
4184.33,0.181108,0.66263
9920.67,0.12224,0.624588
15446,0.11444,0.576654
9429.67,0.12086,0.588285
9882.33,0.122231,0.585253
9696,0.120167,0.597669
7314,0.126728,0.584769
16421.7,0.0955337,0.561839
5391,0.149994,0.592283
17309.7,0.110807,0.587668
7313.33,0.128455,0.578213
15627.3,0.109694,0.560599
14067.3,0.11011,0.562201
10926.7,0.113259,0.581452
18592.7,0.106847,0.577504
5312.33,0.145739,0.568426
13120.3,0.113413,0.559259
11215.3,0.104197,0.592195
13412.7,0.105929,0.598414
6304.67,0.145789,0.567093
5100,0.136348,0.584314
6722,0.143321,0.598631
13709.3,0.102362,0.585197
6491,0.144038,0.583577
10165.3,0.101819,0.566501
15831,0.113335,0.565599
12169,0.118016,0.579587
14196.3,0.112527,0.596609
26474,0.114543,0.595792
8347,0.113584,0.586798
11753.3,0.145982,0.590953
5946,0.158256,0.618231
15176.3,0.11811,0.57146
12156.7,0.110342,0.609323
19235.7,0.108575,0.620063
12234.3,0.138081,0.5875
11560.3,0.112012,0.609469
8071.67,0.121818,0.576007
11253.7,0.1282,0.60019
25175.7,0.0992616,0.581765
10278.3,0.114828,0.586639
7900.33,0.124216,0.629425
16557.7,0.0987463,0.585006
25052.7,0.0983257,0.569134
17581,0.104956,0.584438
12290.3,0.0996877,0.559518
25135.7,0.0967414,0.577917
12510.3,0.119259,0.571741
15098,0.106849,0.584779
18179.3,0.0987889,0.588397
6327,0.130134,0.584953
8790,0.12306,0.585666
26680.3,0.104313,0.594358
24843,0.0961,0.584511
13238,0.115324,0.569497
27066,0.0933512,0.558856
11372.7,0.106795,0.563661
25045,0.0989433,0.598123
16286.3,0.103052,0.594957
10910,0.117626,0.549954
28953.3,0.109246,0.593012
10905,0.117843,0.581385
19362,0.108485,0.587904
9022.67,0.115703,0.596313
4731.33,0.1519,0.575454
6670,0.156336,0.604048
27043,0.0917323,0.58603
7030.33,0.134455,0.576881
11480.7,0.118974,0.607572
17246,0.100059,0.621303
14603.7,0.110513,0.6085
8620,0.12143,0.596288
20036,0.106546,0.576462
10313,0.131229,0.606613
13818.7,0.118609,0.593135
12093.3,0.123959,0.606918
19067,0.116074,0.578067
14109.7,0.10647,0.56942
6246.33,0.16141,0.621912
9079,0.12395,0.57231
18886.3,0.103626,0.57749
17684.7,0.121561,0.587194
11649,0.147457,0.596189
27138.7,0.0930627,0.592488
26247,0.102116,0.594925
19827.7,0.101641,0.574719
12234.7,0.111694,0.56547
14395.3,0.102865,0.585722
16504.7,0.12025,0.608454
7060.33,0.14817,0.586186
26940.7,0.110381,0.583962
11135.7,0.115781,0.622085
25102.3,0.102547,0.554517
9430.67,0.11951,0.615686
10105.3,0.113822,0.578968
16231.7,0.10353,0.61764
8562.33,0.134764,0.563476
23305.3,0.0999224,0.600749
15259.3,0.107076,0.597317
25977.3,0.0993585,0.561015
27018.7,0.105666,0.603743
19544,0.110548,0.56887
16226.7,0.114843,0.555649
11058.3,0.114614,0.584959
11497.3,0.111694,0.561753
10524,0.140797,0.592645
27168.7,0.113155,0.60133
16706.7,0.115764,0.619773
8689.33,0.12963,0.587464
8483.67,0.124178,0.561589
4893.33,0.179836,0.60218
15135.7,0.110176,0.588169
9672.33,0.129706,0.584726
7204.33,0.158872,0.600564
19286,0.110401,0.610858
7106.33,0.151412,0.556921
6670,0.151855,0.596852
5428.33,0.174886,0.608965
13938,0.100631,0.556249
16501.7,0.125612,0.606262
7417,0.132216,0.553189
13226.7,0.119349,0.57621
8777,0.134506,0.587444
19708,0.109224,0.591993
18416,0.10427,0.572057
17457.3,0.108141,0.556996
7619.67,0.135181,0.592852
18297.3,0.108833,0.594385
8375.67,0.135666,0.59247
7477.33,0.163765,0.608595
8668.67,0.142085,0.590556
8761.33,0.139157,0.635139
10443,0.127244,0.573877
9437.33,0.119651,0.599181
10801.7,0.125388,0.565777
6486.67,0.16878,0.580319
28237,0.105382,0.610794
10783.3,0.129471,0.57085
14737.3,0.107652,0.586515
5835.67,0.155456,0.579768
11438.3,0.137626,0.571645
28294,0.124348,0.5891
14197.3,0.132887,0.56473
12271.3,0.146233,0.628429
20167.3,0.1115,0.592675
15115.3,0.0982472,0.601089
12713,0.120497,0.57099
12831,0.120869,0.589744
10833,0.110144,0.616265
7329.33,0.137161,0.574359
10224,0.106864,0.573944
18655.3,0.0948733,0.581049
7409.33,0.134063,0.619714
9189.67,0.110552,0.565889
15144.7,0.112292,0.593168
12013.3,0.122337,0.597142
8549.67,0.115978,0.581582
5948.33,0.124219,0.565985
12169.3,0.106476,0.623918
15075,0.104922,0.57937
14976,0.115595,0.578993
8495.33,0.134991,0.614533
16393,0.0898626,0.580065
14456,0.130476,0.588475
8910,0.121525,0.594388
5467.33,0.15741,0.556883
19381,0.113169,0.557969
16242,0.108197,0.584903
17547.3,0.091925,0.583659
5527.67,0.170372,0.596515
11053.3,0.105943,0.572376
9196.67,0.114536,0.555781
18074.7,0.10508,0.590071
14398.3,0.119898,0.582475
14958,0.101206,0.581027
7392.33,0.1292,0.63372
12953.3,0.116708,0.589938
12338.3,0.107969,0.582629
12409.7,0.107818,0.590051
18083.7,0.0922656,0.556045
4667,0.143142,0.626741
15705.7,0.118559,0.562111
17098.7,0.0912017,0.598312
8337.67,0.134157,0.568544
14129.7,0.108544,0.580151
15046.3,0.116654,0.57653
13508.3,0.101103,0.606046
9477,0.107768,0.602933
16095,0.0993625,0.613607
17857.7,0.102155,0.561738
7026.67,0.13841,0.627087
4355,0.181292,0.565098
7680,0.121189,0.602083
6627.67,0.127467,0.566766
18513,0.109854,0.589316
17659.3,0.109613,0.565065
18658.3,0.102497,0.61172
25486.7,0.106091,0.592558
10093,0.134614,0.593282
6308,0.142732,0.574667
18870.3,0.10006,0.580947
18029.3,0.102252,0.585749
14201.3,0.121419,0.598794
15525,0.0956173,0.590209
14740,0.099999,0.59464
13731.7,0.0909019,0.6159
10082.3,0.0933124,0.559857
16708,0.0994471,0.582236
11738.7,0.116606,0.607508
11101.3,0.108303,0.584494
6168.33,0.144718,0.595245
6599.67,0.163147,0.605536
6601,0.150308,0.581124
8277.67,0.119546,0.57629
19923,0.114182,0.573207
12430.7,0.108711,0.583503
7536.67,0.140432,0.590093
7871,0.13121,0.585948
8220.33,0.113915,0.565022
26880,0.0998916,0.599293
16372.7,0.106596,0.582088
13015,0.110739,0.597157
16207.7,0.109792,0.578882
6659.33,0.160563,0.540394
6220.67,0.119498,0.615904
6864.67,0.148028,0.579975
14823,0.108491,0.593942
15830.3,0.100817,0.592449
12487,0.124615,0.574918
6980.33,0.14393,0.635165
7334,0.139434,0.59381
27684.3,0.0875931,0.568432
7674,0.138966,0.624837
25568.7,0.103286,0.564649
9836.33,0.143246,0.604663
12490,0.112224,0.608887
24738.3,0.105488,0.561827
29445,0.086412,0.594057
6694,0.150584,0.566776
6159,0.177367,0.611301
5034.67,0.164914,0.582627
26146.3,0.0949512,0.587335
26560,0.104825,0.583245
11127.3,0.114095,0.557516
18901,0.102008,0.580816
14361.3,0.110773,0.550622
17389.7,0.10536,0.598075
25350.7,0.0946858,0.577276
14556,0.103956,0.582784
14697.7,0.0904609,0.574195
18581.3,0.104917,0.571846
20859,0.110247,0.602953
27858.3,0.100435,0.578343
5003.67,0.178341,0.536673
10415.3,0.140144,0.622512
7768,0.137241,0.585221
9977,0.127142,0.581237
8343,0.127044,0.55136
11024.3,0.12233,0.607535
12473.7,0.109964,0.621897
15629.3,0.109658,0.600452
13105.7,0.102276,0.634484
6697,0.15902,0.598328
9438.33,0.121197,0.592124
7216,0.148539,0.574834
17176,0.10175,0.58442
12995.3,0.128912,0.593341
7465,0.149475,0.578567
12609,0.115716,0.575224
4865.33,0.166628,0.571321
5337.67,0.180422,0.614188
15770.7,0.0932504,0.557322
25559,0.0878471,0.590751
15843.7,0.12053,0.591425
27586.3,0.102141,0.579478
5020.67,0.187016,0.60895
14223,0.0961018,0.571398
17287.3,0.087476,0.566407
13238.3,0.106648,0.611306
9118.67,0.111627,0.590145
25951.7,0.100624,0.589455
14881.3,0.114137,0.584535
26804.7,0.100305,0.599311
9138.33,0.132905,0.57195
13245.7,0.113778,0.555981
7833.33,0.13467,0.608766
17333.7,0.109278,0.568335
12315.7,0.131631,0.564593
19344.7,0.108153,0.584933
6633.67,0.143139,0.579066
16561,0.108976,0.608236
12768.3,0.11191,0.595431
8307.33,0.128201,0.588356
20174.3,0.113431,0.604415
15478,0.106095,0.588642
8406.33,0.128813,0.611285
9436.67,0.118967,0.621759
9708.33,0.118296,0.617579
7852.67,0.130186,0.558834
19733.3,0.0973611,0.590405
17222.7,0.120369,0.596152
15496.7,0.110185,0.591891
26726,0.0886763,0.580409
11982.7,0.117257,0.610493
29525.7,0.109041,0.598237
7424.33,0.163672,0.61065
12406.3,0.144983,0.618206
14195.3,0.112995,0.581787
16576,0.0908262,0.606479
16685.7,0.0977133,0.575004
16935.7,0.123783,0.615821
27751.7,0.0999875,0.583689
13796.3,0.114483,0.579623
26168,0.0918348,0.573907
8475,0.128402,0.578289
14716.7,0.108747,0.582831
5220.33,0.159738,0.56944
17820.7,0.108395,0.601624
8229.33,0.129005,0.587249
5154.67,0.158575,0.623189
16760.7,0.103918,0.590808
27888.7,0.112098,0.596419
7669,0.153375,0.579606
25749.7,0.0928308,0.581419
9194.33,0.125514,0.595113
16902,0.108417,0.578393
27394,0.0995208,0.589144
12068.3,0.109179,0.580914
6592,0.134875,0.604066
9308.33,0.123895,0.610922
12375.7,0.11693,0.555229
21118,0.0938996,0.599204
17774.3,0.102229,0.579975
5075.67,0.178008,0.592303
11042,0.114443,0.569281
14990.7,0.107256,0.619608
15077.3,0.104803,0.588212
8784.67,0.129853,0.569895
24885.7,0.102515,0.592081
6703,0.158313,0.565717
7875,0.144037,0.589587
12713,0.120257,0.553607
10519,0.118734,0.594448
28511.7,0.0981852,0.59447
13858,0.101465,0.590128
9866.33,0.124351,0.624717
11186,0.125357,0.584481
26443,0.0967083,0.556631
6523,0.130126,0.607543
8632.33,0.124098,0.591343
11349.7,0.115271,0.568504
15099,0.117729,0.60057
6979.67,0.133866,0.630594
17255.3,0.106318,0.581192
15031.3,0.101589,0.608507
24924,0.101965,0.584978
13910,0.133686,0.555931
7713.33,0.160552,0.585566
17915.7,0.117216,0.592628
13144,0.109325,0.591449
16645.3,0.105573,0.588073
8885.33,0.147733,0.566402
10033.3,0.140388,0.582027
7896,0.127722,0.586879
13102.3,0.138596,0.553616
6719.33,0.145868,0.59748
5164.33,0.152544,0.544246
25899,0.10918,0.60207
10764,0.116004,0.566425
14099.7,0.0911073,0.575853
25826.7,0.0962359,0.593585
5852.33,0.148561,0.577149
10042,0.119469,0.58096
18673,0.109312,0.589675
5439,0.177467,0.598639
20189.3,0.117889,0.59926
5255.67,0.181155,0.6232
6513.33,0.139532,0.542375
9988.67,0.127856,0.599313
17706.7,0.107439,0.573814
10549,0.145097,0.608304
19573.3,0.0972811,0.592626
12572,0.124067,0.589803
10972.7,0.123216,0.573546
19578,0.111891,0.587905
13483.3,0.127342,0.599159
18460,0.106369,0.581528
8936.67,0.129803,0.584819
20537.7,0.101819,0.589226
4982.33,0.155427,0.567137
5618.67,0.15088,0.590057
5833.33,0.138102,0.604057
7563.67,0.137505,0.57741
10613,0.133182,0.592952
10491.3,0.107143,0.561575
15760,0.116827,0.595305
6639,0.153183,0.608224
13548,0.12101,0.568497
20225,0.110017,0.594611
16745,0.103721,0.573007
5088,0.144185,0.586085
8338,0.126317,0.619093
9520.33,0.125155,0.586604
18975,0.0786669,0.585138
17622.3,0.0911865,0.592014
11728.3,0.124665,0.593833
11482.3,0.113924,0.605597
10927.3,0.123106,0.607071
9751,0.128468,0.630089
19545.7,0.10917,0.575234
7328.67,0.134315,0.605203
14884.3,0.11411,0.564934
16182.3,0.0931036,0.588708
9079.67,0.147473,0.579904
8797,0.103275,0.624531
6473.67,0.151324,0.640956
12700.3,0.128126,0.612792
9942.67,0.132487,0.603393
7744,0.126171,0.605243
9332,0.115138,0.590334
17705.3,0.104203,0.546596
6060,0.136732,0.59802
18442.7,0.100183,0.625145
4882.33,0.152503,0.552536
15865.3,0.0990585,0.583074
26398,0.0855371,0.58118
8088.67,0.121705,0.578752
14282.3,0.100351,0.600159
12491.7,0.108808,0.596184
20737.3,0.105855,0.599386
10671.7,0.108642,0.625332
10402,0.14064,0.609114
17833.3,0.107747,0.578056
8203,0.136119,0.5921
8390.67,0.110263,0.589266
8189,0.109785,0.560508
12584,0.126039,0.578353
16383.7,0.106077,0.563386
12866.7,0.0970648,0.556736
17427,0.102458,0.593332
9116.67,0.136136,0.629214
26285.7,0.0891885,0.585237
20269,0.118411,0.607973
16620.7,0.0988377,0.59771
9908.33,0.130716,0.575845
16173.3,0.126932,0.592003
19311,0.0921669,0.589405
17446.3,0.104766,0.604119
14576.3,0.0998786,0.602598
22424,0.103922,0.592
26838.7,0.09493,0.578543
27198.3,0.103823,0.592451
11808.3,0.114224,0.5871
8812,0.126524,0.5665
9093.33,0.120284,0.628666
7306.67,0.191055,0.60073
28488,0.0930305,0.598006
14255.7,0.111511,0.557416
9924.67,0.107347,0.598744
27465.3,0.0859787,0.598925
10707,0.12786,0.567292
27355.7,0.101945,0.578247
3910.67,0.183997,0.599983
5019.33,0.191601,0.607385
27226.3,0.117687,0.569583
28142,0.10045,0.5802
13400,0.0937076,0.593209
12172.3,0.106774,0.590739
19719.7,0.0999622,0.589226
5740,0.157522,0.587805
8322.67,0.136772,0.61727
4778,0.14871,0.599623
6878.33,0.149282,0.564769
20516.3,0.111003,0.611594
7021,0.129896,0.604472
8771,0.125711,0.589785
14110,0.0952625,0.590291
7223.67,0.135106,0.614
11695.7,0.125215,0.595634
15900,0.0999432,0.558868
6183.33,0.14279,0.613854
5670,0.184906,0.626808
13986.3,0.127268,0.585047
9823,0.129668,0.553904
17589,0.102806,0.57553
17002.3,0.127628,0.57996
16967.3,0.11041,0.617932
20343.7,0.089136,0.609838
15566,0.114008,0.623089
9981.67,0.102453,0.596427
6500.67,0.143662,0.618911
17226.7,0.108772,0.580457
18603,0.110689,0.550234
26272.3,0.108869,0.589619
21854.3,0.0941279,0.579916
16181.7,0.104996,0.597487
18547.3,0.117389,0.588422
11525.7,0.123433,0.591231
4941,0.170736,0.579437
15115.7,0.109459,0.592917
25033.7,0.0996889,0.569726
9987.67,0.129753,0.586757
13115.3,0.105503,0.624282
15647.7,0.10251,0.596212
6397,0.152061,0.607003
7806,0.144967,0.592877
12559.7,0.0880169,0.58372
27501.3,0.0843261,0.571269
6552,0.149053,0.602106
9843,0.128108,0.609164
9700.67,0.10771,0.590303
16147.3,0.123895,0.615685
11796,0.106324,0.58096
16938.3,0.115565,0.574122
9776.33,0.117676,0.585359
9537.33,0.131463,0.608731
9076.67,0.116314,0.597282
18118,0.112685,0.584005
4480.33,0.183026,0.614166
18946.7,0.105186,0.571939
16901.7,0.0935763,0.592328
5521.67,0.144614,0.576698
13013.7,0.143819,0.606696
20155.3,0.103885,0.58365
21820.3,0.0940013,0.6096
14409.3,0.106456,0.55552
13055.3,0.116493,0.577133
9116,0.115197,0.592584
15962.3,0.103514,0.596822
7569.33,0.125415,0.581117
26492.3,0.0975412,0.589101
5601.67,0.159306,0.56382
7385.67,0.131767,0.651577
15135.3,0.105243,0.576245
10876.7,0.109782,0.581091
11599.7,0.112657,0.60315
13045.3,0.116275,0.568837
15301,0.110934,0.591726
17777.3,0.097352,0.58719
16442.3,0.116902,0.572891
7239,0.145243,0.607819
18196.3,0.0971938,0.584275
6666.33,0.153686,0.59458
9495,0.128998,0.568615
10904.3,0.114182,0.565341
20293.3,0.105213,0.61728
13539,0.106329,0.617475
8714.33,0.125204,0.600237
5297.33,0.159826,0.606469
18340.3,0.116945,0.572709
8593.67,0.124577,0.579535
8038.33,0.114462,0.579307
9982.33,0.129787,0.583397
16186,0.0944431,0.590325
12972.3,0.123492,0.571267
18583,0.0897793,0.573427
9959.33,0.112944,0.607136
5148,0.172004,0.544483
27613.7,0.096825,0.60015
6116,0.147994,0.552976
8213.67,0.126839,0.582119
16382,0.117861,0.600232
28872,0.106152,0.597395
4989.67,0.153338,0.588884
19777.7,0.0961072,0.586234
12780.3,0.120536,0.587596
16646,0.11114,0.593416
11128,0.108014,0.587797
17356,0.114496,0.590516
17591.3,0.12059,0.582939
13028.7,0.123298,0.553651
4362,0.156767,0.569464
7766.33,0.142209,0.572943
16445,0.119216,0.590149
6111.67,0.147388,0.564385
9103.33,0.134797,0.626437
21918.7,0.0877241,0.566701
19461,0.105036,0.569806
7345.67,0.146937,0.643554
14882.7,0.11476,0.611472
15691.3,0.111076,0.599609
13746.3,0.11202,0.574456
5333.67,0.161098,0.575839
18066,0.0926862,0.570021
13935.3,0.115399,0.589915
11570.3,0.120038,0.595892
26970.3,0.101534,0.589265
11556.3,0.10051,0.587701
25724.7,0.110801,0.588786
8802.33,0.139729,0.585716
18632.3,0.120054,0.574897
14549.3,0.114328,0.569213
10758,0.100673,0.581056
14203,0.118614,0.560093
27941.7,0.100908,0.589741
6233.33,0.131043,0.553583
18409,0.100551,0.608452
7862,0.133986,0.568176
16903.3,0.110846,0.569986
14693,0.105807,0.589192
16954.3,0.112572,0.569038
6815.33,0.143446,0.568669
26029.3,0.10971,0.562967
18551,0.086718,0.584335
14804.3,0.125414,0.596492
17643.7,0.105564,0.589919
11229,0.132993,0.627126
14764,0.103251,0.617041
7663.67,0.142109,0.574964
9727,0.142342,0.557726
10084.3,0.114116,0.587611
8927,0.114638,0.556066
17055,0.101538,0.594137
7912.33,0.155455,0.628849
8639.67,0.121227,0.623095
9648.33,0.143097,0.587943
7530.33,0.134735,0.559825
7557,0.152389,0.588329
6526.67,0.133442,0.569408
18167.7,0.105231,0.583362
5328.67,0.155012,0.578819
13895,0.112921,0.598201
8419.33,0.116383,0.585755
14201.7,0.0961564,0.557775
20764.3,0.084502,0.612332
6459.67,0.161698,0.588627
7354,0.162154,0.592467
4605.67,0.183947,0.631034
26391,0.0928694,0.580501
15169.7,0.108877,0.608407
14344.7,0.124779,0.578287
15335,0.0995744,0.587154
12041.7,0.104079,0.556844
17051.7,0.0964152,0.563601
27308,0.102739,0.57983
16107.3,0.114118,0.601569
8967.33,0.124694,0.591108
26543,0.0857839,0.619033
7409,0.137289,0.634769
6572.67,0.152827,0.547926
17608,0.104146,0.608076
4927.33,0.160597,0.628873
17475.7,0.106228,0.582429
18409.7,0.110869,0.614043
11713.3,0.0943026,0.588958
17310.7,0.0892373,0.587749
8200.67,0.121938,0.601821
25079.7,0.102448,0.569359
9721.67,0.114579,0.599623
17293.7,0.0944509,0.614869
21460.7,0.107237,0.571806
13290,0.10395,0.609556
11632.3,0.108369,0.572341
25993,0.0939449,0.597199
11641.3,0.134635,0.62782
9201.67,0.119412,0.594928
7970.67,0.136333,0.61994
16491.7,0.102568,0.562304
29274.7,0.0897984,0.583212
6367.67,0.134682,0.599173
26296.3,0.0917092,0.589119
6069.33,0.179847,0.595727
4705.67,0.203545,0.646525
6225.67,0.145487,0.57204
15605,0.107833,0.588914
8556,0.134267,0.59841
19302,0.102949,0.588333
18581.7,0.110969,0.603785
18859,0.100874,0.587889
10038,0.126105,0.594342
11883,0.109333,0.597408
24205,0.107027,0.569841
14825,0.0991882,0.625565
18497.7,0.111746,0.59366
14123,0.10388,0.586844
10375.7,0.103095,0.611463
17951.7,0.0883434,0.578572
7968.67,0.108722,0.532879
11270.7,0.129423,0.613747
5843,0.138408,0.590108
14415.7,0.129028,0.596041
10415.7,0.121235,0.597785
8211.67,0.117893,0.576903
13495,0.116324,0.60704
6560,0.136132,0.636738
16206.7,0.103143,0.597182
26167.3,0.10802,0.574635
13639.3,0.104424,0.559534
17723,0.130924,0.601309
7990,0.133664,0.60363
5046.67,0.188397,0.609181
5223,0.143336,0.623971
13392.7,0.115097,0.578102
26089,0.109608,0.573307
17501.7,0.0976208,0.568879
12901.7,0.115975,0.578013
9736.67,0.118607,0.597672
18314.7,0.121544,0.59375
11916,0.119515,0.585935
8460,0.124047,0.640544
16477,0.12008,0.585847
8728.67,0.117042,0.617773
27267,0.0947671,0.598159
6855,0.146044,0.614004
11349,0.112764,0.582695
8848.67,0.140846,0.596286
16841.3,0.0970562,0.59156
6766,0.125929,0.593113
3431,0.163625,0.538618
20368.3,0.0983032,0.578038
25161.3,0.091974,0.59145
8015.33,0.150365,0.623139
9613.33,0.120857,0.598717
15365,0.0962228,0.606313
9492,0.139311,0.565424
13222,0.11077,0.563833
18915,0.0963655,0.580862
7602.33,0.100463,0.613189
27027.7,0.0848326,0.610831
14189.7,0.0986323,0.565505
5630.67,0.184901,0.646519
15553,0.104826,0.611265
14854.7,0.107063,0.582466
7795,0.12458,0.591148
25557.7,0.0763705,0.590951
9281.33,0.130221,0.591797
28107,0.104053,0.595973
8997,0.136159,0.576637
11511.7,0.118344,0.553989
9870.67,0.14096,0.611644
17317,0.106593,0.59739
7677.67,0.153189,0.622628
5783.67,0.130417,0.605556
9227.33,0.133767,0.597211
9541,0.130066,0.602977
7613,0.14348,0.580849
9260.67,0.130557,0.612087
16313,0.113371,0.56881
19670.3,0.10107,0.576486
10664,0.0968174,0.617873
6364.67,0.141676,0.626637
20119,0.0999456,0.602416
30124.3,0.11035,0.562292
24824,0.100066,0.581574
11846.3,0.105828,0.581249
6838.33,0.152989,0.564416
9579.67,0.11905,0.580118
14521,0.0938255,0.577302
6971,0.129743,0.562186
7498.33,0.136941,0.599555
8210.33,0.128364,0.567902
6595.33,0.144113,0.554129
7097,0.139,0.602226
9488.67,0.11877,0.641959
14943,0.102813,0.589507
8978.67,0.132432,0.632871
12841.7,0.124173,0.588345
27726,0.101852,0.597345
15602,0.108938,0.565761
19358.7,0.103489,0.569736
9459.67,0.123619,0.554495
12886.3,0.10814,0.592928
8631.67,0.129496,0.605484
27491,0.103578,0.580008
16498.3,0.127501,0.59404
13759.7,0.107528,0.59139
14046,0.0999032,0.575395
11916.7,0.133528,0.634685
19503.3,0.10411,0.586293
14002.3,0.121023,0.600876
26384.3,0.102822,0.578967
19635.7,0.101647,0.584566
23654,0.111299,0.56557
20011,0.110927,0.589426
14924.7,0.1124,0.564859
12585,0.110795,0.572348
9832.67,0.122165,0.567937
6464,0.14464,0.596225
17986.3,0.104222,0.583758
8268.67,0.117233,0.596267
11177.7,0.106867,0.575016
13128.7,0.100222,0.58531
18159.3,0.107531,0.604684
13527,0.108329,0.63303
7860.67,0.142546,0.601391
27340,0.0845501,0.58365
16538.3,0.110662,0.614613
8257.33,0.111065,0.61517
19393,0.0999836,0.569329
5346.67,0.157968,0.590337
27574,0.0965521,0.598426
9872.33,0.125677,0.636087
19250.3,0.0912874,0.598881
15451.7,0.0985732,0.576464
6065,0.138714,0.576917
18825,0.116596,0.587145
17064,0.10675,0.570206
17016,0.117572,0.598731
11477.3,0.109086,0.566043
15371,0.107531,0.59892
27805.3,0.0781958,0.590558
15445.3,0.106515,0.585074
7912,0.157473,0.58683
8768.33,0.125215,0.588329
11575.3,0.134524,0.614295
9174.33,0.109343,0.592595
12997.3,0.126761,0.554473
13053,0.0960844,0.590745
20119,0.0953051,0.609225
13838,0.10375,0.576239
11356.3,0.113985,0.561067
15451,0.109475,0.589606
6958.67,0.149743,0.58493
13029.3,0.107177,0.568077
10654,0.104746,0.598273
6018,0.127791,0.608342
7316.67,0.123947,0.572984
13441.7,0.104874,0.600471
25852.7,0.0952867,0.574731
4897,0.179801,0.566878
8540.33,0.111544,0.6538
28138.7,0.0943028,0.59144
12418.3,0.106804,0.567843
18210.7,0.0906499,0.579075
11370.3,0.12334,0.617543
10405,0.116348,0.631716
15003,0.0970095,0.606279
8577.33,0.130186,0.553979
14817.7,0.107761,0.59951
14683,0.10067,0.576858
9115.67,0.112662,0.600431
26817.7,0.107988,0.602153
19288.7,0.0941525,0.611205
5341.67,0.171156,0.615039
11180,0.0923752,0.586941
12663,0.115295,0.567401
9091.33,0.11196,0.604495
15534,0.0998982,0.577186
4925.67,0.202353,0.630439
4989.33,0.19128,0.581173
18173,0.107438,0.577285
17318.7,0.115273,0.588344
25990.7,0.0805713,0.573911
17713.7,0.106295,0.576015
15351,0.121423,0.584066
18958,0.0943623,0.603861
17993.3,0.0900997,0.600037
26967.3,0.107044,0.583323
25540.3,0.110529,0.568734
25470.7,0.100294,0.570041
19281.7,0.107871,0.572945
26772.7,0.1232,0.583182
9651.33,0.120144,0.578849
16215.3,0.117836,0.582329
15502.7,0.118167,0.581599
12873,0.112307,0.601414
17946.7,0.105273,0.598681
8042.67,0.133294,0.56938
9104.67,0.1476,0.595885
8776,0.12032,0.631837
25617.7,0.0993601,0.601005
9519.33,0.112134,0.583094
17283.3,0.11453,0.598187
5513.67,0.161852,0.585878
14602,0.111008,0.602726
19512.3,0.109905,0.564959
28713,0.0987156,0.596698
17752,0.090876,0.58692
17177,0.0935886,0.548117
4192,0.139627,0.587548
17726.7,0.115119,0.611132
9411,0.131047,0.546169
23321.3,0.0970585,0.573581
5568.67,0.168391,0.615467
11844,0.108468,0.578436
7040.33,0.117301,0.551205
16977.7,0.113271,0.582078
17245.3,0.106701,0.570454
14109.7,0.111891,0.579059
13501.3,0.107694,0.601027
8104.33,0.139598,0.579772
16342.7,0.120694,0.593314
8896.33,0.127392,0.581101
8680,0.114604,0.617627
15160.3,0.118716,0.607748
7167,0.128584,0.6096
16557.3,0.0969248,0.578938
10509.3,0.139896,0.594297
8163.33,0.157006,0.596407
6868.67,0.142206,0.601039
13546,0.114746,0.575963
14030.3,0.115695,0.598679
16251.3,0.119172,0.570948
5618,0.187528,0.582592
7127.67,0.121562,0.60838
12476.3,0.134969,0.582917
4786.33,0.157296,0.574274
23436.7,0.10156,0.586872
18259.3,0.114831,0.578207
12160.3,0.110815,0.573477
12446.7,0.120725,0.595849
6714,0.146366,0.625856
19057.7,0.111179,0.64973
18271.3,0.0958523,0.577498
16892.7,0.106958,0.600103
16394.7,0.106294,0.591615
17302.3,0.110318,0.580538
17544,0.0893491,0.612346
11111,0.127693,0.642516
11949.7,0.126996,0.56155
7415.33,0.147698,0.606266
13726,0.105279,0.593837
13879.3,0.10923,0.631923
13392.7,0.113755,0.593185
14243.7,0.106845,0.60352
14714,0.104408,0.565312
7445.33,0.11203,0.556008
10988.7,0.123615,0.592823
7602,0.135117,0.59366
8468.33,0.132418,0.568549
27593.7,0.103778,0.571121
14476.3,0.121316,0.574017
12427.7,0.132535,0.589759
15293,0.122357,0.558752
16779.3,0.110513,0.575688
5429,0.147635,0.63345
15724,0.108554,0.564551
14981,0.106665,0.57366
8890.67,0.120176,0.604717
14055,0.0997687,0.564425
11860.7,0.109847,0.574616
27453.7,0.093572,0.597127
13994.7,0.107078,0.599967
10408.7,0.122485,0.577532
23021.7,0.105271,0.562311
26330.7,0.0981898,0.573109
7127.33,0.129725,0.599897
5917,0.125486,0.597262
18604.3,0.102169,0.616774
11722,0.120887,0.627367
27276.7,0.0871565,0.561408
13472.3,0.111338,0.579385
20326.7,0.1112,0.602427
14352.7,0.120586,0.606391
24062.7,0.0856122,0.557683
13526.7,0.0998487,0.586052
20456.3,0.123532,0.559321
17578.3,0.105056,0.570058
5276.67,0.159338,0.583386
7773,0.145088,0.621382
11683,0.123442,0.582385
8193.33,0.128439,0.593002
17033.3,0.119823,0.59135
26229,0.111879,0.600252
6433,0.152105,0.617597
5650.33,0.148077,0.544688
12353.3,0.106281,0.59204
8861.67,0.129585,0.597442
8233.67,0.103496,0.571353
25806.3,0.111897,0.58093
17898.7,0.110184,0.594532
4875.67,0.153042,0.568401
30559,0.0935228,0.579142
12888.7,0.113971,0.585114
18414,0.096664,0.605572
10481.7,0.13273,0.585912
12695,0.102194,0.583458
11174,0.138301,0.644621
13224.3,0.121307,0.579513
17160,0.124985,0.585781
9039.33,0.155701,0.553212
15427.7,0.134339,0.569518
9153,0.133781,0.608434
21087.3,0.127249,0.59712
14234.7,0.132705,0.587673
6955.33,0.166928,0.602799
15278.3,0.110093,0.605149
16870.3,0.108082,0.59819
9449,0.132418,0.612975
6649.67,0.199672,0.639481
9434.67,0.151067,0.562853
17066.7,0.102511,0.607754
6703,0.167288,0.61659
11101.3,0.103854,0.568911
25758,0.100194,0.586653
17993,0.111334,0.587062
5199.67,0.192522,0.62972
25624.7,0.0971568,0.595572
13702,0.123006,0.644504
3898.33,0.222617,0.654297
14787.7,0.107569,0.584293
9237.33,0.127849,0.601328
6961.33,0.14576,0.572687
9109.67,0.126153,0.601266
11132.3,0.117596,0.608198
15917.3,0.106219,0.56138
16553.7,0.128998,0.567568
9588.67,0.127196,0.581763
15964.7,0.104603,0.584812
16116,0.0976143,0.611318
5542.67,0.157574,0.610777
13380.7,0.104597,0.570026
26763.3,0.0902799,0.59031
17656,0.115629,0.598154
9101.33,0.135981,0.633167
24178,0.0997667,0.567706
5683.33,0.141549,0.584457
27818.3,0.102043,0.600707
5411.67,0.156571,0.639791
17918,0.110783,0.593872
19592.3,0.092376,0.569287
16727,0.114134,0.637771
15442,0.112008,0.587035
9189.33,0.119585,0.61916
5533.67,0.172796,0.575447
9618.33,0.118467,0.576884
8051.33,0.128631,0.578372
18321.3,0.108047,0.599611
9607.67,0.119541,0.635257
3716.67,0.17113,0.584753
12902.7,0.114687,0.60618
14505.7,0.0985678,0.578418
5386.33,0.156036,0.594591
16058,0.126008,0.615332
17244.3,0.106952,0.573966
15811.7,0.116751,0.581617
4406,0.193262,0.55833
18832.7,0.0992725,0.595048
24915,0.0926433,0.598675
4944.33,0.19235,0.654419
5965,0.146571,0.545516
8198.67,0.122924,0.59465
15880,0.10135,0.583879
24916.3,0.0891741,0.563834
13666.7,0.10256,0.602878
11495.7,0.103366,0.609824
13289.3,0.104025,0.596769
18412.7,0.104711,0.576143
14886.3,0.0904341,0.584877
8271,0.136723,0.588079
25392.3,0.0943465,0.595324
16012.3,0.101571,0.576535
20350.3,0.0991174,0.590293
16892.7,0.110186,0.591401
10618.3,0.122409,0.579721
10666,0.118058,0.57913
15261.3,0.111743,0.603071
27480.3,0.0917684,0.595068
18059.7,0.107745,0.592997
7381,0.123858,0.573093
18823.7,0.0929235,0.598148
16091.7,0.115302,0.603936
16954.7,0.106133,0.579034
15794,0.107184,0.569393
25306.7,0.0938023,0.571602
14019,0.107187,0.572509
18008.7,0.108873,0.573354
26508.7,0.0911013,0.576918
16684.3,0.107239,0.577528
10932.7,0.095196,0.557534
7915,0.140132,0.559191
16086,0.10373,0.569315
9580.67,0.135305,0.593939
16316.7,0.099956,0.590398
9317,0.121824,0.601159
26001.3,0.0997508,0.566035
23491,0.0905681,0.59427
12067.3,0.123196,0.59157
16724.7,0.0893261,0.607924
15172,0.109244,0.614224
24968,0.0977051,0.582305
10540,0.106398,0.575996
4867.33,0.164595,0.572935
7868,0.156696,0.565963
13383,0.118369,0.56639
18335.3,0.0986956,0.617751
21765.7,0.0847668,0.603029
7360,0.13815,0.608424
4933.33,0.152436,0.584122
15770,0.112078,0.585289
7178,0.135913,0.58122
15691,0.119788,0.593206
15979.7,0.0941181,0.595715
16812.3,0.11294,0.579436
9601.67,0.131145,0.624822
21848,0.102765,0.568107
8520.33,0.126643,0.587849
18093,0.103542,0.597358
9996.67,0.128392,0.604335
13822,0.104869,0.564028
10507.3,0.126663,0.584227
7952.67,0.136684,0.61996
6164.67,0.16681,0.604629
10705,0.117958,0.574498
19927,0.0977791,0.582827
7830.33,0.137177,0.612192
27060.7,0.108174,0.590279
28061.7,0.105475,0.611095
13428.7,0.123406,0.578414
11465,0.12331,0.592324
10594.3,0.112186,0.603782
20251.3,0.0913391,0.57639
27332,0.0997294,0.601676
5757.33,0.129847,0.604562
14387,0.107117,0.5726
3996,0.183318,0.584084
7445.33,0.11312,0.642102
13547,0.103631,0.604562
9216.33,0.115087,0.592282
7343.33,0.141773,0.598184
5282,0.129063,0.547709
16133,0.119184,0.589289
12728,0.122922,0.581081
5455,0.14814,0.59725
26812,0.0974736,0.596785
12198,0.118327,0.578783
6657.33,0.157842,0.596735
14642.3,0.0930398,0.570037
21291.7,0.0955591,0.554928
9106.67,0.145951,0.582028
10698.7,0.125655,0.605808
6854.33,0.137377,0.588922
9216.67,0.133611,0.564665
7229.33,0.140029,0.61979
10283.3,0.134743,0.634684
20024.3,0.116079,0.601601
17160.7,0.105258,0.574997
7774.33,0.173197,0.578142
9009.33,0.131248,0.583025
7646.33,0.120887,0.590043
6397,0.149273,0.627794
9553,0.130391,0.594054
12286.7,0.112779,0.581308
14643.3,0.107738,0.579422
15563,0.100568,0.617169
17974,0.0940027,0.576277
14235.3,0.108999,0.565963
16866.7,0.102038,0.580158
13740.7,0.103131,0.584275
9929.67,0.109987,0.574877
8924.33,0.120853,0.61872
6295,0.13256,0.593805
5925.67,0.159916,0.616696
11558.7,0.117714,0.628215
12323.7,0.123366,0.559682
9624.33,0.130071,0.59876
8351.67,0.119778,0.601596
25850.7,0.113922,0.587464
20663.3,0.098384,0.594515
7566.67,0.125766,0.557885
9352,0.113903,0.61837
18376,0.0946251,0.577764
19208.3,0.120919,0.628148
9102.67,0.0899417,0.606233
7769.33,0.149318,0.604256
8406.33,0.118875,0.592609
13335,0.10953,0.579153
11892.7,0.128286,0.603341
12616.3,0.107524,0.587625
9631,0.124621,0.654138
15614.7,0.111225,0.588763
15832.3,0.121682,0.585553
15520,0.101113,0.601224
18709.3,0.126837,0.609304
12392.7,0.125585,0.546076
14205,0.0944012,0.58768
7958.67,0.118071,0.569233
28009,0.101139,0.590382
16170.7,0.123888,0.608282
9157,0.106837,0.600306
13685.3,0.116847,0.571683
8273.33,0.138459,0.594883
16707.7,0.0932504,0.596872
13942.3,0.10296,0.601884
9292.67,0.132354,0.599864
5227.67,0.167842,0.624817
6739.67,0.140933,0.55616
19185,0.0982277,0.598124
19766,0.0915906,0.614186
18475.7,0.09362,0.605247
13022.3,0.1178,0.598792
6134,0.137191,0.576785
16959.7,0.105433,0.565538
27974.3,0.0923546,0.587562
11896.3,0.11886,0.606461
10436.7,0.111145,0.564388
5039.33,0.130648,0.576597
16657.3,0.106293,0.578824
12624.3,0.114653,0.603174
18905.7,0.110472,0.602165
22118,0.0976194,0.584953
12702,0.114839,0.595497
25484.3,0.0951416,0.576459
9823.67,0.111586,0.591666
16232,0.100905,0.548238
13646.7,0.118065,0.627577
10226.3,0.105608,0.572998
26988.3,0.0913395,0.582536
20436.7,0.114464,0.589447
17570.3,0.0845546,0.599799
24809.7,0.10743,0.583012
15755.3,0.109776,0.624085
24363.3,0.101779,0.586359
5033,0.159368,0.555335
12065.3,0.116093,0.58454
10550.3,0.131164,0.590566
8654.33,0.115971,0.574356
16032.7,0.123416,0.559067
8500.67,0.118284,0.645283
27074.7,0.0987297,0.556843
17578.7,0.113251,0.605355
15926.7,0.119051,0.607932
6482.67,0.146827,0.562937
5248,0.175058,0.578506
5436.33,0.164392,0.574775
10752,0.111963,0.594494
6536.33,0.158249,0.582233
10480.3,0.12776,0.595369
9998.33,0.116761,0.598266
15115,0.116945,0.546609
26710.7,0.0954078,0.590076
12283,0.125147,0.57893
13921,0.129226,0.590259
24105.7,0.0921789,0.594978
18249.7,0.112051,0.604084
19884,0.10003,0.599125
10180.3,0.142969,0.58374
11806,0.109085,0.565899
9963.33,0.141169,0.59013
9688.33,0.131048,0.572097
26458.3,0.0985873,0.575231
18216.7,0.114968,0.586404
15693.7,0.093215,0.594465
7772,0.136896,0.575399
17785.7,0.118279,0.591169
18304,0.115594,0.586812
18301,0.104626,0.578056
6199.33,0.148154,0.550651
6355.67,0.141156,0.623748
11372.3,0.140113,0.558607
19240.3,0.102401,0.628246
9213.67,0.115905,0.614667
15617.3,0.101414,0.601938
10340.3,0.13226,0.615132
7813,0.151543,0.605273
17182,0.104066,0.573158
13507.7,0.134342,0.604644
10896.7,0.102979,0.568737
20037,0.0963538,0.577781
12698.7,0.11453,0.579063
13526.7,0.107233,0.59448
11292.3,0.114328,0.569206
7701,0.12764,0.59317
8982.33,0.114909,0.604372
13862.7,0.114801,0.618592
17236,0.110603,0.581341
9561,0.116526,0.609978
10177.7,0.108759,0.593784
8273,0.126811,0.556026
16692.7,0.103674,0.570151
25945.7,0.10111,0.572594
9057.33,0.131061,0.64353
17745.3,0.102665,0.607803
15187.7,0.111604,0.598468
13900.7,0.10336,0.567335
8703.33,0.129042,0.585829
15709.7,0.11196,0.580046
10358.3,0.137056,0.604698
25731.7,0.09374,0.590958
6886.67,0.126413,0.581462
19453,0.0997386,0.58978
15127.3,0.111801,0.58997
17605.7,0.0926155,0.612265
27197.7,0.111817,0.584474
5114.33,0.16978,0.610181
12056,0.0900556,0.589665
10778,0.117191,0.593988
17110,0.102232,0.609585
13023,0.123151,0.583276
26147,0.122162,0.585956
8778.67,0.157198,0.56026
13063.3,0.130027,0.633197
14346,0.114107,0.593476
17630,0.102731,0.598128
10115.7,0.143937,0.5821
14333,0.130505,0.546292
11098,0.116365,0.577491
8783,0.131415,0.591484
12429.3,0.124991,0.598879
15729,0.100176,0.576133
14905.3,0.123426,0.589699
27384,0.101799,0.592426
7520.67,0.174281,0.671261
26345.3,0.108333,0.570639
7874,0.161262,0.609728
11958.3,0.133507,0.577812
16322,0.125348,0.584548
16032.3,0.125672,0.587604
15066,0.131116,0.597372
16377,0.12397,0.586432
17492.3,0.123477,0.609448
18417.7,0.092216,0.626699
6415,0.199378,0.621356
9386.67,0.127475,0.604084
26397.7,0.0983497,0.590785
8738.33,0.140822,0.580164
10369.7,0.152337,0.623099
7253.67,0.150592,0.582372
9328,0.152118,0.617389
20104.3,0.115671,0.580207
13174.3,0.123605,0.588392
8198.67,0.147225,0.630753
12222.7,0.147058,0.592206
9129,0.12286,0.549239
11583.3,0.132465,0.575799
26664.3,0.0882904,0.598277
13828,0.131087,0.622794
26999.7,0.105458,0.569575
14539.7,0.110101,0.602169
18545,0.110713,0.572176
11742,0.122136,0.598109
26192.7,0.10358,0.585902
5180.33,0.197763,0.568818
18104.3,0.117326,0.560731
12243.7,0.146293,0.573712
15829.3,0.112316,0.590212
11531.3,0.129434,0.569203
13899.3,0.128838,0.629431
15418.3,0.109442,0.602962
7632.33,0.156174,0.568983
5976,0.206241,0.60492
9227.67,0.147017,0.593035
26255.3,0.104587,0.595371
11675.3,0.138351,0.61777
15699,0.11758,0.552901
8303.67,0.169235,0.618683
9868,0.158207,0.559688
8207.67,0.1459,0.572676
8121,0.162896,0.574683
11216,0.140747,0.608773
17736,0.121056,0.565798
7894.33,0.149967,0.540472
6947,0.189138,0.617965
27080.7,0.102703,0.603579
9696,0.155963,0.622422
10670.3,0.144539,0.575771
12885,0.129448,0.576407
26205,0.101321,0.60664
5833.33,0.186524,0.569257
14847,0.136199,0.612043
16917,0.1009,0.581072
8554.33,0.153661,0.630636
11843.3,0.13007,0.573206
27174,0.113159,0.602892
14753.7,0.119192,0.575066
14435.7,0.114539,0.574711
18561,0.0963898,0.575185
13364.3,0.12289,0.622977
27603,0.100558,0.58932
7665.33,0.175863,0.570969
16285.7,0.128487,0.594592
8243.33,0.167279,0.560049
15295.3,0.126531,0.59297
17484.7,0.104771,0.580471
10120.7,0.13669,0.567881
11910,0.122481,0.571369
25545.3,0.109065,0.567292
18443.7,0.105661,0.568614
5606.33,0.188446,0.525953
27451.7,0.103993,0.60136
10907.7,0.116306,0.592916
17900.3,0.112477,0.593881
25923,0.109455,0.610655
15827,0.140448,0.587477
11127.3,0.135559,0.587532
9402.33,0.153697,0.619492
25680,0.107233,0.581231
18224,0.107823,0.576657
10308,0.160897,0.604288
10592,0.143352,0.556269
7122,0.170022,0.61654
14995.7,0.134914,0.566119
8273,0.167526,0.583223
10683,0.0995807,0.562857
10583.7,0.118537,0.589525
13060.7,0.102163,0.595324
16709,0.1126,0.587767
6110.67,0.155009,0.638119
18297,0.0982039,0.593267
6112.33,0.154943,0.599716
25589.7,0.0926449,0.600841
11281.7,0.119665,0.601891
16839.7,0.0948694,0.586611
9926.67,0.125079,0.603257
26581.7,0.0905676,0.589253
17265,0.106216,0.574225
23396.3,0.0965828,0.593369
18688.7,0.102147,0.582617
20567.7,0.111153,0.603779
10754,0.115466,0.585457
19171.3,0.0916552,0.573234
5229.67,0.17352,0.634139
12190,0.108513,0.592945
27340.3,0.111829,0.56944
14060.7,0.0930595,0.598715
8145.33,0.138126,0.577713
8015.33,0.121354,0.552524
9444.67,0.130556,0.560034
6141,0.1295,0.570591
15127.7,0.111378,0.591918
6165,0.147895,0.613139
19371.3,0.122735,0.601439
9389,0.125283,0.62733
8678.67,0.13508,0.618682
9191.33,0.137142,0.586821
16130,0.126811,0.578611
8273.33,0.133431,0.616519
18156,0.0988838,0.609606
9072.33,0.145233,0.597825
10109.7,0.132675,0.571071
17531,0.114222,0.614683
17538.7,0.115919,0.573153
15846.3,0.109832,0.600686
11482.3,0.12098,0.568235
20311.7,0.102945,0.568606
11014.3,0.114369,0.588385
8080,0.129574,0.625124
5187.33,0.134832,0.579039
9814,0.120651,0.621867
18316.7,0.101074,0.588553
15132.7,0.0967934,0.568263
17898.7,0.112104,0.602969
7344.33,0.140263,0.588708
18260.7,0.109713,0.609854
25282.7,0.10393,0.587689
19742.7,0.114188,0.600746
11710,0.115582,0.600769
9240.67,0.127723,0.604971
7136.33,0.145079,0.590733
29081.7,0.104507,0.577214
12869,0.118065,0.578289
5847,0.146345,0.551394
16136.3,0.088769,0.554318
21059.7,0.0997882,0.570538
11187.7,0.126984,0.553586
16074.3,0.10554,0.59708
19081.3,0.100116,0.594281
6312,0.135572,0.594899
5444.67,0.150409,0.578793
13862,0.143554,0.583249
18268,0.114591,0.570287
18000.3,0.109843,0.594582
18604.7,0.0964404,0.583205
10176,0.128315,0.608491
9265.33,0.136947,0.613649
19258,0.106278,0.596843
10033,0.112148,0.594837
5987.67,0.192401,0.611479
14826,0.108352,0.575543
6360,0.152995,0.551887
16975.7,0.126812,0.565535
17255.3,0.126092,0.570935
10676,0.12826,0.594979
27270.7,0.104239,0.594314
26671.7,0.0949659,0.580554
5315.67,0.15518,0.556531
7762,0.17819,0.584772
18061.7,0.113262,0.572612
16740.7,0.105102,0.572458
9737,0.157069,0.604396
16396.7,0.0957218,0.571173
14401.3,0.130198,0.605685
13244.3,0.125097,0.608763
18263,0.108126,0.631879
19093.3,0.120276,0.591393
17141.3,0.12568,0.57934
15987,0.107358,0.586351
26104.3,0.109915,0.572344
15857.3,0.116069,0.57145
23924,0.108766,0.584183
16021,0.105644,0.59035
10807.7,0.159142,0.613207
10348,0.148307,0.597313
17295,0.114961,0.601503
16470.3,0.1121,0.569792
8978.33,0.156652,0.607871
17946.3,0.117312,0.605676
15594,0.112352,0.560664
9182,0.137223,0.590176
5758.67,0.159072,0.575538
8760.67,0.147118,0.594171
25114.3,0.103257,0.575196
18618.7,0.116081,0.602317
9082.33,0.118488,0.612361
6656.67,0.135852,0.597346
17373.3,0.125731,0.584612
13838,0.0930775,0.598858
6281.67,0.146995,0.621703
6781,0.142076,0.586197
7913,0.138821,0.551624
15925.3,0.110595,0.572903
9315,0.128765,0.592485
14808.3,0.120912,0.558717
18812,0.120252,0.564533
18607,0.111015,0.579943
14998.7,0.131484,0.57934
17855,0.119749,0.589359
10237.3,0.151572,0.581369
26621.7,0.1017,0.590509
3377,0.226475,0.53509
14927.7,0.125521,0.614452
11947.7,0.123972,0.61111
25395,0.113294,0.581492
5089,0.176814,0.530753
7942.67,0.145516,0.59216
7773.67,0.164149,0.582908
15324,0.116639,0.60911
18940,0.113278,0.571647
25737,0.116617,0.572328
11976,0.129444,0.612308
10130.7,0.13979,0.591899
12937,0.117157,0.592719
12469,0.137092,0.625952
16874.7,0.107959,0.585928
16722.3,0.129486,0.585783
8396.33,0.161846,0.592481
7018,0.184276,0.627814
27506.7,0.107293,0.593359
13398.3,0.12914,0.61535
12935,0.116259,0.593815
17985,0.112585,0.571421
15977.7,0.0996726,0.584274
15172.7,0.123409,0.534536
14056,0.124324,0.595902
21650.3,0.120955,0.591754
18970,0.123073,0.611492
8452.67,0.180811,0.612745
9213.67,0.156524,0.611085
14088.7,0.142007,0.568566
18922,0.125142,0.611246
18525,0.119657,0.572794
14179.3,0.125926,0.602896
16097.3,0.114652,0.604365
13925.3,0.117894,0.589477
10852,0.161306,0.59519
6070.33,0.20981,0.599253
25676.3,0.112097,0.613743
9027.33,0.153147,0.567129
16643.7,0.106948,0.600789
8237.67,0.112995,0.614778
13544.7,0.112849,0.543633
7592,0.133056,0.596286
23792,0.0991573,0.563719
14326.7,0.115453,0.60114
8479.33,0.159845,0.606022
16058.7,0.111186,0.570678
18179,0.12201,0.596732
28343.7,0.0985164,0.587727
19332.7,0.113171,0.581261
14807.3,0.112451,0.558957
11530.3,0.159011,0.57593
5750.67,0.172407,0.62016
14447,0.126087,0.595487
10907,0.134493,0.625653
11104.3,0.128653,0.558401
16158.3,0.116999,0.602517
26384.7,0.102011,0.586073
15502,0.117886,0.575474
20283,0.109905,0.582212
14253,0.120636,0.61117
14860.3,0.112392,0.599897
17179,0.108685,0.581931
11934.3,0.12525,0.595313
27156,0.0976698,0.595596
13693.3,0.13496,0.588437
13491.3,0.147223,0.599842
10481,0.126455,0.586585
20415.7,0.115509,0.578347
25701.3,0.102458,0.575132
15423.7,0.115038,0.579521
16700.3,0.112937,0.606555
20025,0.101808,0.598652
7081.67,0.181794,0.571523
12360.3,0.130239,0.59575
15540,0.0975276,0.579794
10212.7,0.143091,0.581565
6444,0.192272,0.61825
13420.3,0.140198,0.613745
7921,0.173315,0.643353
9465.33,0.141375,0.591703
15067.7,0.111636,0.566931
18555.7,0.101699,0.591266
11890,0.137167,0.572582
13293.7,0.122218,0.575938
17635,0.118684,0.607599
15313.7,0.12055,0.599878
8253.33,0.142828,0.578877
13558,0.116147,0.604735
7968.33,0.144878,0.530433
14712.3,0.109208,0.58724
17819.7,0.107297,0.589255
16508.7,0.102474,0.59601
10838.3,0.132813,0.565554
25240.3,0.0970601,0.57589
19120,0.110382,0.601308
27398,0.109651,0.591503
12398.7,0.124254,0.636305
11969.3,0.122762,0.571349
13963,0.123514,0.611975
8859,0.121117,0.594198
6720.33,0.166584,0.568077
12823.7,0.123355,0.58691
4943.67,0.221353,0.588699
11249,0.145171,0.59143
4510.33,0.255341,0.634912
14829.3,0.130429,0.593531
22266,0.113089,0.59665
25704,0.118494,0.572207
16732.7,0.114978,0.627296
13969.3,0.146397,0.563783
11813,0.112063,0.578177
13405.3,0.136116,0.617938
8191.33,0.13506,0.577033
8332.67,0.127168,0.593727
10672,0.141445,0.586675
23643,0.107548,0.566045
5475.33,0.180009,0.567941
7417.33,0.168306,0.575499
6869.67,0.193641,0.596584
10157,0.132166,0.544551
9074,0.146186,0.608111
27946.7,0.101251,0.580296
26112.7,0.0907784,0.597309
8206.67,0.14266,0.557758
26237.3,0.102588,0.597952
15513,0.113169,0.568555
19088,0.106448,0.577221
11711.3,0.129053,0.56293
22304.7,0.117573,0.569403
11362.7,0.108437,0.612386
26880.3,0.10592,0.581863
8572.67,0.156344,0.564974
20165,0.109378,0.58428
11182,0.131717,0.584243
25498.7,0.107412,0.578318
26910,0.104783,0.596953
8624,0.146386,0.582212
6720,0.19538,0.578125
17665,0.109037,0.555449
27587.7,0.0981672,0.582193
24743.7,0.112315,0.578586
12837,0.138986,0.628106
26783.7,0.0861155,0.600005
19133.7,0.118244,0.594781
15782.3,0.116202,0.587344
12135.3,0.135794,0.608279
10830.7,0.110601,0.587899
26278,0.102505,0.588173
13873.3,0.106951,0.583109
10040,0.157275,0.599502
11939.7,0.141083,0.584969
13420.7,0.127607,0.603646
4470,0.219648,0.546532
13888.3,0.113187,0.576863
16095,0.114218,0.567381
5426.33,0.158724,0.573807
25617,0.107315,0.571144
9546,0.148029,0.614603
8687.33,0.138931,0.586678
9781.33,0.170347,0.601724
18670.3,0.115029,0.58385
13240.7,0.139794,0.583984
12712.3,0.131643,0.585154
28909.7,0.102948,0.576774
6470.67,0.176974,0.597362
6734.33,0.203886,0.636985
10438.3,0.155247,0.611368
8464.33,0.161323,0.618202
11599,0.127303,0.582292
13765,0.120747,0.597603
19111.3,0.101597,0.584557
13886.3,0.141432,0.561967
17555.3,0.124582,0.592451
17357.7,0.110897,0.599236
13579,0.109627,0.618455
14291.7,0.125872,0.60863
18727.7,0.117545,0.58984
15290.3,0.122802,0.584988
15923.7,0.112148,0.607733
17744.7,0.103833,0.596649
19568.7,0.119106,0.59924
7960.33,0.139341,0.615761
13677.7,0.11265,0.582434
18027.7,0.124331,0.592663
26710.7,0.103804,0.587269
11420.7,0.147638,0.563744
21796.3,0.099754,0.585588
15594,0.109732,0.592984
8670.67,0.17854,0.616139
17630.3,0.113184,0.558564
9558.67,0.149454,0.646882
15632.3,0.122698,0.591765
18319,0.110632,0.606037
25420.3,0.111697,0.575707
7929,0.128713,0.588977
24782,0.107355,0.582842
12369.3,0.137184,0.584241
16117.3,0.112476,0.601319
12894.7,0.122326,0.575923
8366.67,0.155745,0.619522
8451.33,0.162126,0.598328
13453.3,0.121192,0.590684
16167.7,0.117253,0.544008
15705,0.125944,0.567399
18962.7,0.120476,0.591285
21142.3,0.121695,0.582749
19199,0.113387,0.561696
16274.7,0.114155,0.570723
26261.3,0.103795,0.588952
16904.7,0.107457,0.588615
14835.7,0.122121,0.584627
26140,0.119398,0.576894
6627,0.123095,0.630451
17314.3,0.0997691,0.591803
16502.7,0.122575,0.577018
17914.7,0.0929707,0.576083
15732,0.100699,0.6373
8030,0.114351,0.545828
5499.33,0.160094,0.619287
27341.3,0.100884,0.597435
14440.7,0.117337,0.576659
12539.3,0.113778,0.642671
9434.67,0.1128,0.571545
12851,0.113617,0.609135
3809.33,0.172794,0.59713
12064.3,0.123524,0.606056
4953.33,0.16423,0.621938
11853.3,0.112116,0.589173
15757,0.106572,0.595291
4702.67,0.173033,0.63907
21926.7,0.0987638,0.586105
15997.3,0.0999551,0.608081
9882.33,0.123984,0.603872
27710,0.0871143,0.597041
14934.3,0.108905,0.602884
8460.33,0.114334,0.562704
6836.33,0.133013,0.57248
12057,0.110505,0.588289
6890,0.137504,0.613208
13597,0.118865,0.620578
27574,0.100003,0.591427
5089.33,0.153816,0.603746
17025.3,0.104549,0.565138
12401.7,0.123315,0.630345
19583.7,0.109315,0.589692
9570.33,0.133031,0.576434
6599.67,0.154284,0.571443
8441.67,0.140823,0.582389
24828,0.106901,0.571613
10420.3,0.0981625,0.583922
10300.3,0.121949,0.602084
14604.3,0.11229,0.567548
11785.3,0.12507,0.612937
11347.3,0.114274,0.543182
8412.67,0.125941,0.573936
17378.7,0.12927,0.609099
8964.67,0.134296,0.613557
20259.7,0.0849605,0.587045
7813,0.146577,0.615257
7499.33,0.141935,0.610543
4636,0.190469,0.619284
8016,0.156181,0.600299
6916.67,0.110991,0.586458
14922.7,0.112017,0.553878
17681.3,0.105283,0.579519
14763.7,0.09213,0.594997
13509.7,0.113,0.585235
16435,0.111357,0.553636
6411,0.162156,0.626111
26549,0.0967941,0.589175
18059.7,0.111196,0.596153
7397.67,0.146275,0.590772
10198,0.116868,0.540596
8738.33,0.12977,0.601793
7264.67,0.140903,0.58796
18848.7,0.100628,0.596612
8085.67,0.129397,0.582059
8554.67,0.127739,0.569319
19196,0.128817,0.601063
7145,0.113746,0.590343
14968,0.105315,0.593533
27060,0.109861,0.570177
6923.33,0.126012,0.615262
8317,0.138226,0.607671
6828.33,0.130049,0.591164
15732.3,0.106189,0.56779
25113,0.118368,0.574005
9747.33,0.113486,0.606798
11259.3,0.124549,0.616081
13754.7,0.122902,0.580773
24970.7,0.0900796,0.577971
17950.3,0.101486,0.602644
11713.3,0.138329,0.587251
17707.3,0.10103,0.586461
16892.7,0.0942054,0.604483
25460.7,0.0955474,0.606085
13734.3,0.118343,0.572264
27586.7,0.099759,0.578661
19840,0.089461,0.575
12461.7,0.117448,0.585422
8408.67,0.140682,0.573852
16526.3,0.11034,0.592489
28863,0.0956569,0.591519
18840.3,0.106107,0.572212
14805,0.107977,0.574536
12762.7,0.12721,0.631007
6849.67,0.131045,0.583143
19220.3,0.115547,0.597371
26041,0.0950867,0.600015
17123.7,0.109379,0.594927
10254.7,0.13676,0.584644
4979,0.153617,0.652541
26717.7,0.104654,0.558706
9392,0.126906,0.536733
6659.67,0.132443,0.578608
18744.7,0.104928,0.547
16444.7,0.0999513,0.593283
5797.33,0.134906,0.591421
17979.3,0.1128,0.595276
13019,0.106109,0.558952
15897.3,0.103047,0.571333
12617,0.10952,0.622969
26469.7,0.103849,0.596053
27021.3,0.102364,0.569945
11025,0.133625,0.575147
13848.3,0.125297,0.596871
12912.3,0.119685,0.584764
13870.3,0.122564,0.580207
10365.7,0.113072,0.561791
27334.3,0.1017,0.590893
23288.3,0.111019,0.579976
7364,0.160865,0.610809
9832,0.131612,0.615948
5257.67,0.224716,0.612693
14219,0.115962,0.564948
27519.7,0.103052,0.575128
9665.33,0.128841,0.637916
10289,0.119283,0.58859
12566.7,0.112634,0.619761
8132.33,0.125895,0.552814
8071,0.137517,0.596456
13249,0.120643,0.594611
7969,0.14014,0.591919
8694.67,0.136044,0.608802
11053,0.0983118,0.613227
25778.3,0.0943444,0.571552
20538.3,0.111378,0.580216
9316.67,0.103401,0.582218
15100.3,0.117132,0.627646
18411.7,0.103819,0.597628
12769.7,0.103822,0.586494
6798,0.143608,0.598706
9118,0.130992,0.604848
24242.3,0.113628,0.574395
28108.3,0.103459,0.589564
6590,0.137521,0.592261
15635.3,0.117983,0.570162
12700,0.0968014,0.590079
26644.7,0.102461,0.55806
20309.7,0.110962,0.607757
14767,0.1242,0.6159
9152.33,0.138905,0.613359
11795,0.116234,0.563713
11206.7,0.116256,0.585842
11240,0.102223,0.577135
8344,0.131027,0.631232
18586.7,0.104886,0.599372
5544.67,0.142135,0.600637
15103.3,0.105576,0.631031
18395,0.112282,0.593911
9129.67,0.142976,0.570156
9855,0.127769,0.593506
10762.7,0.122942,0.611404
15414,0.116965,0.578046
5341.33,0.165442,0.570207
9579.67,0.131831,0.595254
7203.33,0.151942,0.617584
13879,0.122031,0.597738
6438,0.158914,0.585586
15161,0.0985766,0.592243
24645.7,0.10592,0.573908
11430.3,0.115699,0.633286
6253.67,0.13601,0.58595
7232.33,0.122692,0.570724
6777.67,0.134872,0.548616
15066,0.109427,0.581973
9322.67,0.131504,0.595144
9965.33,0.107745,0.606469
5955.67,0.154948,0.61913
11410.3,0.116579,0.586895
6545.67,0.125353,0.564241
18338.3,0.099832,0.580733
13823,0.115621,0.586559
12638.3,0.111586,0.597521
13975.3,0.124612,0.557029
7424,0.147363,0.579068
7013.33,0.136536,0.539639
4984.67,0.164417,0.573826
24582,0.10278,0.595924
17821,0.122044,0.592054
7848,0.126775,0.586264
9468,0.125722,0.626637
28235,0.0940646,0.593979
11125,0.12846,0.634517
6078.33,0.149859,0.5983
7091.33,0.134808,0.607737
12453,0.115651,0.583795
16745.7,0.106188,0.581066
20877,0.0953782,0.605547
7467,0.122239,0.604794
19284.7,0.0984673,0.579752
12995.7,0.108713,0.614769
4225,0.185413,0.575858
16893.7,0.11033,0.608236
14526.3,0.114063,0.576792
8527.67,0.119443,0.605597
27019.7,0.105539,0.577036
9510.33,0.126789,0.584172
15877.3,0.123275,0.581815
12794.3,0.105587,0.590626
9640.33,0.127859,0.551295
17103,0.116245,0.609893
4209.67,0.158176,0.628395
9779.67,0.132461,0.573162
11857.7,0.105753,0.578304
14794.7,0.108737,0.609904
18064.3,0.103531,0.580684
9816,0.112676,0.603708
25495.7,0.100429,0.588701
15217,0.117659,0.605441
7217.67,0.132131,0.588048
11086,0.119518,0.616814
19174.3,0.104177,0.571059
6953.33,0.133422,0.628428
8147,0.12107,0.59077
9088.67,0.124295,0.572838
15343.7,0.106851,0.571593
12026.7,0.128718,0.585976
25863.7,0.106668,0.588058
5014.33,0.154109,0.581068
15680,0.105228,0.582143
17901.3,0.0987358,0.598875
12908.7,0.131191,0.578862
20140.7,0.104589,0.586939
15347.3,0.133223,0.584249
14693.7,0.101456,0.587623
10453.7,0.11476,0.582029
11846.3,0.102499,0.581755
6946.33,0.131813,0.660444
11426,0.123544,0.649396
14923,0.0953876,0.60839
18975,0.107191,0.606798
5724,0.143119,0.599406
8354.67,0.136344,0.567028
8734,0.118629,0.595603
24792.3,0.103768,0.589766
20862.3,0.106027,0.618994
9122.67,0.12386,0.55711
10671.3,0.143018,0.597738
15203.7,0.124038,0.56232
27011.3,0.10609,0.588592
16784,0.120496,0.599976
20393.3,0.0856661,0.583998
17744,0.132263,0.602457
8950,0.104386,0.569944
13757,0.0861444,0.587337
28425.7,0.110464,0.577518
24452,0.114563,0.553002
24153.3,0.100152,0.581272
7790.67,0.122575,0.577785
17455.7,0.112975,0.608704
17842,0.127985,0.574767
17526,0.104559,0.585302
10504,0.112032,0.572258
18310.3,0.116622,0.582276
18146.7,0.12186,0.60349
16426.3,0.119394,0.580754
8697.33,0.118768,0.581519
16055.7,0.120237,0.576764
14709,0.0971475,0.592426
15326.3,0.0949417,0.601035
4800.67,0.155137,0.6179
5720.67,0.207131,0.608729
20208.7,0.0928771,0.5958
8324.33,0.139338,0.605534
27407.3,0.0983198,0.6053
26576,0.101425,0.552566
10486.7,0.126987,0.604514
17413.3,0.105883,0.583672
17485.7,0.112117,0.568427
9180.33,0.133419,0.582513
14757.7,0.116007,0.576265
11651.7,0.119354,0.585438
5623,0.144765,0.567846
14284,0.129592,0.623425
8022.67,0.121735,0.591989
10370.3,0.12398,0.608916
7092,0.153986,0.603779
26570,0.0944925,0.585849
11030.3,0.111637,0.587531
6427.67,0.13921,0.618628
24784.7,0.103432,0.549829
18411.3,0.104552,0.604284
13736.7,0.114175,0.572579
11989,0.138961,0.633998
7769.67,0.121495,0.59299
10023.3,0.0992997,0.570336
9107,0.115919,0.6327
6975,0.145266,0.609176
14639.7,0.107688,0.601608
9509.67,0.121557,0.543061
11899.7,0.119154,0.582901
9281.67,0.107406,0.611779
26860.7,0.0969068,0.579968
11673,0.11155,0.572689
26334.7,0.0931554,0.582211
6615.67,0.134904,0.595909
25125.7,0.0966625,0.59351
10080.7,0.126533,0.580749
13977.7,0.105137,0.5939
9852.33,0.133083,0.583686
9807.33,0.127044,0.592686
7210.67,0.140398,0.599575
4371.33,0.213606,0.6018
11839.7,0.146225,0.599623
12094,0.112874,0.578634
19335.3,0.114076,0.593921
14109.7,0.120382,0.604645
11999,0.112405,0.584382
13431.3,0.11622,0.576761
9056,0.130059,0.591431
5866.67,0.215305,0.614205
12846,0.127746,0.583528
26700.7,0.105322,0.590035
18704,0.116677,0.602973
17792,0.110793,0.598696
17845,0.101062,0.591931
13305,0.115418,0.612552
19138,0.111711,0.585014
12954.7,0.113586,0.584062
2952.67,0.222689,0.621924
15803.3,0.105144,0.548154
25113,0.0987061,0.605264
9419.33,0.105648,0.590028
7734,0.131648,0.57564
14106,0.114103,0.570254
12402.3,0.128958,0.575107
28228.7,0.0983462,0.591963
27205.3,0.104448,0.61755
15446.3,0.115235,0.582706
18967.3,0.09786,0.578556
27407,0.10518,0.60127
12692.7,0.122509,0.580361
16969,0.107272,0.611055
13705.3,0.107919,0.605287
16087.3,0.104506,0.590257
15512.3,0.103128,0.591057
25936.7,0.0834823,0.579733
18882.3,0.0949807,0.590481
15779.3,0.113708,0.584034
16446.3,0.121698,0.559983
18097,0.097412,0.591811
17099.3,0.105691,0.59901
26232.3,0.110506,0.583161
11209.7,0.102894,0.609593
16083.7,0.120377,0.593604
9084.67,0.129462,0.580245
7398.67,0.137814,0.597585
17961.3,0.105518,0.587911
7859.33,0.140077,0.636144
23272.3,0.0898961,0.546686
10629.7,0.115926,0.58528
16330.7,0.109579,0.595648
27449.7,0.0954596,0.596777
8591.67,0.0989993,0.593404
23241,0.109294,0.587539
7834,0.122145,0.607097
8796,0.128471,0.616189
16269.3,0.110663,0.609654
25833.3,0.103465,0.562323
7627.33,0.129295,0.557556
6280.67,0.137532,0.599353
5487.33,0.152619,0.585105
7656.67,0.131942,0.640139
18959,0.098255,0.576929
14602.7,0.109625,0.575603
20337.3,0.111982,0.579116
15201.3,0.123383,0.580717
17325.7,0.117156,0.582969
10557.3,0.110474,0.567631
8109.33,0.131725,0.574852
5915.33,0.158172,0.570664
10618.7,0.107436,0.558199
7679.33,0.127483,0.597404
25209,0.108164,0.562498
18933.7,0.108795,0.576874
8476.33,0.140495,0.607417
14836.3,0.116812,0.588263
16814.7,0.0998637,0.574043
7461.33,0.142022,0.561785
16382.7,0.0961159,0.589363
28118.3,0.099948,0.597854
8103,0.120671,0.631865
9681.67,0.123382,0.651162
9139.33,0.125815,0.547925
10263.7,0.116719,0.601085
26082.7,0.0850092,0.584769
10291.3,0.124453,0.595809
24630.7,0.0986258,0.575434
10373.7,0.132418,0.623438
17380,0.103718,0.582394
9906.33,0.125157,0.55981
5663.67,0.172321,0.614502
9852.67,0.113673,0.606164
5732.33,0.161341,0.568297
16249.7,0.112973,0.581509
12254.3,0.115044,0.611675
15644.7,0.108684,0.621191
17789,0.108507,0.595593
13411.7,0.11062,0.568187
13451,0.0994178,0.575348
17464.3,0.10437,0.570057
10154,0.120474,0.599665
26843.7,0.103152,0.58488
9384,0.131825,0.544011
25429.3,0.10543,0.582542
16547,0.120126,0.589533
9738,0.122778,0.64161
9386.67,0.130951,0.609624
15144.7,0.117507,0.592442
15367.3,0.112415,0.597349
10932,0.115689,0.571899
10310,0.126507,0.578952
5929.67,0.159371,0.618303
9748,0.119553,0.59602
18280,0.0973206,0.598906
5336.67,0.169963,0.545721
12047.7,0.111342,0.621974
27898.3,0.105044,0.584539
6991,0.140153,0.567301
17035,0.11174,0.579513
11473.3,0.134549,0.583759
15003.3,0.111386,0.588914
16301.7,0.117719,0.593947
15064.3,0.124945,0.590976
16515.7,0.122085,0.574323
18465,0.0991316,0.586028
5796.67,0.157755,0.583496
7591.67,0.154723,0.614138
13698.3,0.115756,0.555445
11080,0.102095,0.602798
27995.3,0.0924725,0.584335
10883.3,0.113591,0.591792
9432.67,0.13265,0.594459
11661.3,0.112807,0.572033
17475.7,0.115098,0.599481
11855.7,0.115227,0.57722
12791.7,0.118882,0.586658
12359,0.130128,0.572295
9437.33,0.123446,0.595048
8299.33,0.129349,0.575548
11864.7,0.122152,0.621369
22817.3,0.099272,0.596067
5339,0.170246,0.579697
27199.3,0.117831,0.583127
27185.3,0.112164,0.590269
13305.3,0.132107,0.600937
6400,0.150151,0.58125
17383.7,0.101424,0.59368
19161.7,0.096048,0.582482
22515,0.112353,0.575927
14287.3,0.119539,0.580701
10602,0.111604,0.561875
15678.7,0.116868,0.570542
7061,0.161386,0.590285
16534.7,0.116124,0.619809
17298.7,0.122322,0.573243
7747,0.139422,0.571705
28204.3,0.112443,0.588267
13193.3,0.0960977,0.589591
16094,0.12044,0.614888
18062,0.1133,0.586535
25614.3,0.11234,0.570097
5964.33,0.144079,0.601017
17710.3,0.0961966,0.575295
15395,0.128498,0.608704
15677,0.110543,0.570709
25371.3,0.107859,0.585766
16352.7,0.111009,0.573383
9136.33,0.123584,0.549309
13272.3,0.111226,0.566115
8090.33,0.136753,0.593259
6052.33,0.176859,0.547833
6988,0.150155,0.628506
16800.7,0.109022,0.599877
14233.3,0.106908,0.582482
26419.7,0.0959964,0.609445
27031.3,0.0995216,0.590599
16236.7,0.097405,0.551057
9066,0.122205,0.578756
5989,0.142904,0.581065
7439,0.14046,0.58032
9302.33,0.109144,0.574766
12419,0.120091,0.620179
19765,0.0996889,0.613155
9212,0.119498,0.611268
11608.7,0.121914,0.618532
9412.67,0.126605,0.590623
5495,0.144046,0.601092
7567,0.109105,0.593102
5169.33,0.141344,0.65147
13759,0.104825,0.590813
8489.67,0.128967,0.626919
18618.3,0.105094,0.581237
9732.67,0.131528,0.613946
15288,0.0958977,0.566719
10804,0.0982867,0.581914
17843,0.106841,0.568851
14053.3,0.119857,0.591651
5524.33,0.200338,0.580281
12991,0.135446,0.611346
17272.3,0.114848,0.57981
11519,0.122049,0.609428
20466.3,0.101137,0.578886
11386.3,0.121982,0.593489
9120,0.127122,0.574123
9877,0.117745,0.629847
25267,0.105874,0.574583
8795,0.117802,0.601251
14955.7,0.0898252,0.579736
28293,0.0840884,0.571131
13721.3,0.121192,0.575794
10372,0.0950326,0.599017
7841,0.156473,0.60477
20858.3,0.098952,0.581095
8407.33,0.145854,0.615494
10819.3,0.127126,0.601115
18822.7,0.107835,0.577407
11804.7,0.0963466,0.563958
7523.67,0.122926,0.579283
5857.33,0.139574,0.662531
7856,0.106099,0.557408
8418,0.123829,0.618674
11941.3,0.113321,0.600408
29339.7,0.0953794,0.623025
17097,0.103295,0.595192
17485,0.129112,0.575293
8952.33,0.12069,0.591094
15463.3,0.130733,0.580578
12535.3,0.131647,0.621497
7173.33,0.131378,0.580994
7410.67,0.155708,0.604174
16503,0.109638,0.586499
14699.3,0.105702,0.60395
24344,0.115677,0.56782
16645.7,0.115919,0.578489
10797,0.107038,0.563212
7980.33,0.124097,0.59066
16479,0.107095,0.571879
7858,0.136274,0.583991
5765.33,0.188948,0.60407
18012,0.101603,0.593771
11146.3,0.129205,0.594067
18218.3,0.116235,0.603769
10466,0.125461,0.583986
26128.3,0.0960365,0.590496
26968,0.099987,0.577907
17660.3,0.0971482,0.59023
12947,0.120811,0.608635
11377,0.110836,0.585655
7148,0.132368,0.613738
26360.7,0.104004,0.586682
16498.3,0.0998183,0.603313
20321.3,0.0916136,0.563825
4436.67,0.201946,0.594215
26409.7,0.0981783,0.619483
13703.7,0.116178,0.589137
9375,0.13527,0.639467
14697.3,0.102637,0.602195
22622.7,0.0940148,0.580583
7237,0.125429,0.567362
26689.7,0.0872866,0.576041
6133.33,0.136045,0.56
26774,0.104359,0.576305
5465.33,0.129115,0.565687
16406.7,0.104502,0.590024
10574,0.139892,0.592491
5324.67,0.160558,0.550332
6778.33,0.15433,0.624736
24152,0.108508,0.585335
10281.7,0.124684,0.598574
14398.7,0.104803,0.586189
26513.7,0.0845863,0.594385
7086.33,0.123948,0.552143
13600.3,0.112595,0.608858
10206.3,0.127314,0.59695
11843.7,0.11834,0.607357
18555,0.109597,0.56346
17428.7,0.102618,0.554106
5949,0.14466,0.585477
18512.7,0.112782,0.580972
24911.7,0.102319,0.601659
24712,0.114212,0.581944
6138,0.175558,0.593027
14328,0.112419,0.575586
7237,0.15529,0.615725
10065.7,0.121264,0.558764
16628,0.107919,0.575174
15664.7,0.101549,0.601055
10262.3,0.125734,0.613863
8685.33,0.143597,0.635055
16710.7,0.119681,0.576658
10148,0.1234,0.568486
10644.3,0.117959,0.607334
10223.3,0.112299,0.622758
12518,0.124605,0.577249
29496.3,0.0977052,0.582603
17982.3,0.121076,0.590561
8364.33,0.121955,0.587813
20489.3,0.0899216,0.596831
5225,0.1752,0.539713
10963.3,0.135725,0.587017
11417,0.131334,0.625909
19805.7,0.117358,0.611307
27556,0.0945737,0.597982
15456.3,0.10631,0.581099
5731,0.159404,0.630431
15189.3,0.0954865,0.581505
18089.7,0.0938003,0.58726
5894,0.140682,0.601459
27310.7,0.0976123,0.580848
4460.33,0.166452,0.572528
4249.33,0.161747,0.54989
26941.3,0.100708,0.616438
28075.3,0.10632,0.608423
5863,0.160404,0.602763
26687.7,0.098728,0.595531
5957.33,0.183827,0.604577
8232.33,0.150183,0.598818
21281,0.0975485,0.575772
29751.3,0.0933199,0.605777
8643,0.133432,0.596899
14206.7,0.114151,0.57947
11221,0.121352,0.551555
24356.7,0.0910101,0.591063
8639,0.117227,0.58097
11480,0.124335,0.609233
20215.7,0.114007,0.604548
6177,0.145275,0.628622
16409,0.120187,0.591687
10678,0.135994,0.576138
20017.3,0.107642,0.596067
12758.3,0.104361,0.621842
13216.7,0.107755,0.576646
11453.7,0.132451,0.569978
25035.7,0.093381,0.593646
18443,0.114621,0.602017
5944.33,0.159744,0.615488
10470.7,0.129765,0.623201
9657,0.111385,0.590867
9898.67,0.119941,0.590012
21273.7,0.101154,0.59681
7829.33,0.114251,0.615719
11803.3,0.110741,0.564643
6346.33,0.143006,0.587058
8527.67,0.129681,0.566079
26311,0.109462,0.594314
27028.3,0.0913714,0.572498
6085.67,0.13749,0.557923
13509.7,0.119817,0.605813
4209,0.150954,0.576384
13191.3,0.111207,0.57649
8605.67,0.114712,0.560483
9151.67,0.111019,0.610526
15855,0.10292,0.587827
15721.7,0.105759,0.571271
15854,0.0868041,0.603822
4757.33,0.184779,0.660804
13447.7,0.089687,0.610168
8030.67,0.124363,0.578947
13771,0.12586,0.590444
6525,0.13785,0.636015
4225.33,0.154434,0.594904
11325.3,0.117012,0.572581
6105,0.145181,0.589681
8698,0.14484,0.601977
17754.3,0.0986531,0.564013
17290.7,0.10895,0.565642
5757.67,0.148398,0.662132
29039.7,0.121918,0.598882
9679,0.112127,0.596033
19560.3,0.1131,0.601813
26210,0.0875413,0.599351
6283.33,0.156994,0.58992
17208.3,0.110899,0.591845
11323.3,0.122707,0.611451
26459.3,0.098913,0.593842
19140.7,0.0998614,0.590854
16676.3,0.119289,0.573727
10669.7,0.107226,0.60961
16758.7,0.106889,0.599352
16180,0.12009,0.610383
5471.33,0.197564,0.614232
11697,0.127549,0.56912
12813.3,0.112354,0.59654
15838.7,0.120033,0.570019
11467.7,0.115807,0.583234
14100.3,0.107397,0.58748
9720.33,0.0991586,0.653956
15040.7,0.116351,0.599929
13205,0.115687,0.626429
5243,0.151821,0.598703
27581.7,0.118591,0.599359
27616.7,0.104235,0.5793
7616,0.132601,0.621324
26424.3,0.108832,0.58759
18359.7,0.103596,0.613156
10049.3,0.126591,0.572443
14982.3,0.0999057,0.593343
17961.3,0.0980045,0.567367
16269.3,0.112734,0.621025
7522.33,0.131807,0.609075
10253.7,0.0971494,0.582653
16246.7,0.117018,0.579955
13436.7,0.114019,0.584322
10192.7,0.101848,0.583197
10010.7,0.148297,0.617475
14252,0.118163,0.56343
11567.3,0.124108,0.595787
10563.7,0.107545,0.583636
18107,0.123383,0.591539
25080.7,0.0944429,0.579783
24061,0.0927365,0.582644
27718.3,0.115066,0.582671
17648.3,0.101145,0.608027
6626,0.140506,0.593722
18683.7,0.0887203,0.581221
10156.3,0.126307,0.597328
6280.33,0.141421,0.601667
25231.7,0.103673,0.590858
6937.67,0.142096,0.604862
9101,0.132947,0.555653
13125.7,0.13247,0.582015
11072,0.132181,0.625271
12674,0.105431,0.593814
12521.3,0.113436,0.627542
12414,0.110989,0.583454
9351,0.136307,0.596514
7391,0.13381,0.583683
7532,0.116797,0.581253
12434,0.121891,0.614042
16767.3,0.113116,0.586358
16690,0.112916,0.565309
16112.7,0.117002,0.605693
9358,0.115381,0.575657
16227.7,0.107048,0.604605
8140.33,0.137958,0.563695
6707.67,0.142535,0.592953
5432.67,0.13967,0.554669
24114,0.0940022,0.569171
11669,0.108696,0.580512
9117.67,0.1352,0.622235
5002.67,0.160598,0.656317
15607,0.10528,0.576408
8308.67,0.123921,0.564391
11834.3,0.114692,0.603217
13504.7,0.101631,0.598633
25196.3,0.0882294,0.556615
9258,0.122692,0.602614
28560.7,0.094249,0.585852
12842,0.143216,0.571484
13887.7,0.119547,0.61035
5796.67,0.176248,0.599712
11071.3,0.123868,0.610104
24937.7,0.0991272,0.582626
8162.67,0.131751,0.580488
18500.3,0.103166,0.595052
19293,0.1102,0.599181
15559.3,0.0955457,0.600968
16630.7,0.11437,0.572998
8166,0.109159,0.621724
10212,0.126091,0.579514
19039.3,0.0987411,0.581253
7853.33,0.115,0.584423
7786,0.138853,0.563961
8466.33,0.121109,0.619355
6823.67,0.151357,0.613355
8691,0.106009,0.590381
19613.7,0.101508,0.570945
14760.7,0.122566,0.560092
18688.3,0.0916259,0.604744
13240.3,0.109741,0.590217
19045.3,0.111087,0.586268
15886.3,0.102042,0.58073
5457.33,0.146781,0.619839
6282,0.1337,0.60156
18082,0.111134,0.597998
6324.33,0.15267,0.603489
25170.7,0.102545,0.583589
14239.3,0.120666,0.623812
14439.3,0.125938,0.586777
18580.3,0.108582,0.584094
14291.3,0.115106,0.614895
12689.7,0.128864,0.598308
16765,0.120264,0.596779
6080,0.167558,0.596711
7163,0.1459,0.569175
9382,0.129943,0.573225
12157,0.115062,0.582792
17315,0.116003,0.588969
19067.3,0.0943907,0.585854
5575.67,0.146457,0.61595
8990.33,0.125629,0.605836
17132.3,0.10345,0.575676
17255.7,0.0965515,0.618831
10112,0.117351,0.587915
25782.3,0.0865684,0.555329
26199.7,0.0979697,0.579562
11052.3,0.104533,0.571161
8736.33,0.124961,0.615552
7106.33,0.165292,0.624044
15847.7,0.0994268,0.618598
19458.3,0.112389,0.558407
7595.33,0.115797,0.584262
23907,0.108452,0.553478
27740.7,0.0890568,0.566869
15233.3,0.111224,0.574048
17354.3,0.106451,0.560417
10905.3,0.126325,0.605086
27640.7,0.0808858,0.579521
21363.7,0.100563,0.605249
18097.7,0.0887474,0.622916
14008.7,0.114387,0.602151
19127.3,0.110914,0.60221
27164,0.0844631,0.577124
27937.3,0.0935618,0.599258
7359.67,0.118686,0.576566
13874.7,0.131073,0.607678
17634.7,0.0960967,0.574909
15355.7,0.115349,0.585083
25238,0.0803465,0.595451
7028.33,0.128417,0.585013
7792.67,0.126497,0.582
13075,0.125328,0.567342
10682,0.10963,0.595113
12710.7,0.132068,0.589374
9132,0.1434,0.60403
16212,0.102864,0.583395
26777.7,0.110649,0.588488
9167.33,0.146251,0.554432
25664.7,0.114958,0.579253
18998,0.110799,0.562533
7713.67,0.133472,0.611426
15248.3,0.133072,0.594666
6855.67,0.135089,0.625517
11719.3,0.112939,0.579015
5708,0.16117,0.569727
12824.3,0.105441,0.579419
7151,0.135434,0.603832
7663.67,0.156395,0.589318
13103.3,0.111608,0.588298
17299,0.110321,0.573155
7905,0.135731,0.57141
19725.7,0.104631,0.615053
14455.7,0.12452,0.575714
15371,0.124045,0.611281
15479.7,0.10545,0.60475
25502.7,0.101614,0.58207
26256,0.0958108,0.582457
8493.33,0.135999,0.603964
15124.3,0.115916,0.591343
5022.67,0.178463,0.615078
8005.33,0.131334,0.602182
11403.3,0.0997013,0.631453
5588,0.191687,0.577845
15438,0.110477,0.594831
15275.3,0.106347,0.575088
16491,0.117891,0.58256
9289,0.126964,0.591129
8650.33,0.12328,0.641093
9476.67,0.122576,0.605839
17332.3,0.104398,0.583688
19165.7,0.104425,0.591126
4492.67,0.206511,0.609734
24844.3,0.104812,0.564099
11600.3,0.124025,0.595558
17578,0.108676,0.575208
7933.33,0.119418,0.555462
15295,0.110077,0.610788
9943.33,0.107402,0.589809
13510.7,0.119964,0.575718
12874,0.10846,0.585521
12902,0.097136,0.619981
13871,0.103588,0.596568
6094,0.173714,0.620446
19751.7,0.101178,0.583917
13540.7,0.101343,0.612328
26731.3,0.107091,0.600631
26261.3,0.0937845,0.578023
8492.33,0.113941,0.572242
9277,0.120747,0.592002
19042,0.112494,0.592847
16281.7,0.0876523,0.575944
9887.33,0.0900584,0.572315
5718.33,0.174554,0.616905
4890.67,0.139595,0.547437
13254.3,0.125491,0.553228
16211.3,0.126522,0.581918
7025.67,0.149662,0.588319
17129.7,0.108758,0.60511
15349.7,0.127656,0.612413
19085.7,0.11942,0.578567
7109.33,0.14504,0.541635
18713,0.0928152,0.568535
16403.7,0.10468,0.580622
8203,0.128888,0.609045
13993.7,0.0915111,0.610086
7466.33,0.142255,0.61726
7250,0.151233,0.589931
7198.33,0.139329,0.581199
23470.3,0.109078,0.564273
10964.3,0.142802,0.601739
25652.7,0.109799,0.588724
15005.7,0.10524,0.570873
11914.7,0.113846,0.582587
26597.3,0.118111,0.563841
9727.33,0.132145,0.618224
28514.7,0.0936094,0.58792
14075,0.0950293,0.607602
11072.3,0.117378,0.558298
27722.3,0.0892749,0.594238
6177.33,0.152344,0.568476
7126.67,0.119959,0.618709
10941.7,0.129943,0.60981
19413.7,0.112158,0.600264
6470,0.139498,0.601082
7759,0.136269,0.592731
8849,0.144923,0.565714
17368,0.129275,0.564602
21183,0.111281,0.584384
26064.3,0.0872297,0.623867
12157.3,0.122303,0.593195
6896,0.156567,0.607599
7231.33,0.155303,0.602332
16243,0.118217,0.572677
17650.3,0.0897524,0.594191
8968.33,0.122283,0.607657
13232.7,0.146911,0.607461
16375.3,0.0870231,0.570838
13144,0.123229,0.598676
7939.33,0.144983,0.593207
5203,0.163793,0.556602
25285,0.0985833,0.58335
16029.3,0.108449,0.600878
18108.3,0.094025,0.557128
16167.7,0.112446,0.586562
16056.3,0.120367,0.553655
25731.7,0.114999,0.605026
7180.67,0.16022,0.606118
15153,0.0977452,0.574276
14837,0.093838,0.605176
18313.7,0.111285,0.615624
10193,0.131277,0.611694
17336.3,0.108249,0.589956
10124.3,0.108007,0.584697
10038.3,0.118938,0.61491
8584.33,0.118062,0.604318
11571,0.125109,0.5767
12186,0.112333,0.588052
5993.67,0.162145,0.650409
10365.3,0.110583,0.575347
15931,0.109216,0.582261
8845,0.105186,0.618428
14895,0.100073,0.569721
11483.3,0.137305,0.583774
5983.67,0.154283,0.59434
15376,0.110225,0.628577
27945.3,0.0814226,0.573393
9442.33,0.118065,0.578106
15620.3,0.126925,0.577687
9613.67,0.118733,0.5919
8462.67,0.149739,0.57799
16536,0.102583,0.590893
13836.7,0.138419,0.579138
14857,0.108419,0.59689
9516.67,0.123947,0.590053
12981.3,0.127096,0.605305
7898.67,0.157851,0.625464
19676,0.105339,0.60063
6690,0.1574,0.613901
13209.3,0.116085,0.608484
20459.3,0.0955331,0.562221
6903.33,0.143458,0.625302
5965.67,0.143042,0.558418
12127,0.127118,0.578874
5211.67,0.162236,0.631148
19109,0.108673,0.610288
22063.3,0.108599,0.594365
9559.33,0.127917,0.577411
5679.33,0.156671,0.61445
14034,0.0964187,0.571256
5933,0.145346,0.641328
12651,0.124766,0.587147
18620.7,0.110413,0.597795
14991.3,0.0906294,0.56904
15003,0.108556,0.58375
11450,0.110245,0.571528
7416,0.115153,0.580502
26533,0.107903,0.564957
13560.7,0.13072,0.577946
8781.33,0.126414,0.579601
6645,0.170322,0.55681
9110,0.125923,0.621625
13177,0.101149,0.579039
27161.3,0.0957217,0.583575
12068.7,0.108549,0.597194
14069.3,0.121776,0.60363
19004.3,0.110996,0.602056
8068.67,0.169399,0.636578
25149.7,0.108655,0.572466
17519,0.119297,0.588846
13987.7,0.127683,0.579248
8303.33,0.172287,0.581293
16201.7,0.133347,0.565395
8235.33,0.156892,0.606007
11412.3,0.148751,0.590385
51475.7,0.107089,0.59928
28976.7,0.0928072,0.594628
14443.3,0.121048,0.55345
14469.7,0.112677,0.583036
15969.7,0.114187,0.56672
18659,0.0888509,0.588027
16490.3,0.109319,0.567524
26689,0.105082,0.581438
9609.33,0.166932,0.588768
19751,0.112895,0.594198
24575.7,0.100214,0.583477
16265,0.107439,0.594897
15740.7,0.121623,0.577443
11047.3,0.130653,0.589252
8339.67,0.132034,0.563012
14008.3,0.110869,0.593908
9975.33,0.147401,0.590223
13302.7,0.102729,0.585171
12887,0.0971737,0.576628
9805.67,0.120188,0.62916
15758,0.123508,0.597538
15605,0.107238,0.590964
17175,0.0990765,0.591557
12819.7,0.11982,0.594737
7341,0.126504,0.560142
7359.33,0.138367,0.569028
5330.33,0.140858,0.588081
27471.7,0.0883015,0.573148
25851.3,0.101572,0.571911
9989.33,0.132611,0.609116
4236.67,0.17624,0.601023
12974.7,0.0937265,0.582391
8322.67,0.131575,0.587953
6092.67,0.141271,0.576814
18334.7,0.0847603,0.570686
7790.33,0.106273,0.576826
14644,0.10945,0.600041
7375.33,0.142101,0.571048
20425.3,0.0878718,0.597869
5173,0.192793,0.619756
11591.7,0.136571,0.594335
13073,0.138446,0.57003
7894.33,0.105574,0.574927
17046.3,0.11706,0.582921
16806.7,0.110936,0.587346
15727,0.113785,0.568576
18562,0.104966,0.574399
17394,0.0996088,0.587386
10253.3,0.116933,0.578121
16352.3,0.144061,0.580998
28106.3,0.100036,0.581921
16502,0.109369,0.572961
10453.7,0.138242,0.608622
13578.7,0.117762,0.588448
13169.7,0.118786,0.555772
27258.7,0.121946,0.59043
14549,0.105323,0.582171
17334,0.114405,0.598419
28069.7,0.106947,0.581387
16439.7,0.129292,0.591516
12870.3,0.119609,0.625677
24444.3,0.112616,0.58233
21839.7,0.12249,0.586837
3471.67,0.237393,0.577052
16790,0.114395,0.570876
4371.33,0.223241,0.540949
8575.33,0.141563,0.562505
8593.33,0.128886,0.589721
20627.3,0.0991688,0.596038
14090.7,0.11191,0.59815
9694,0.122743,0.576439
13679.3,0.114284,0.595107
17397.7,0.1096,0.581017
9253.33,0.152177,0.630439
26846.7,0.0994293,0.592265
16254,0.107637,0.554448
17854.7,0.109698,0.597117
8812.33,0.154273,0.599009
13682,0.116559,0.561468
17916.3,0.115555,0.615063
12395.7,0.139493,0.590556
23389.7,0.104504,0.599082
8773,0.124788,0.564801
16450,0.121817,0.585653
28413.7,0.104219,0.597365
7623,0.130299,0.589794
18344.3,0.108506,0.587902
9571.33,0.129352,0.581911
17206.3,0.098678,0.572619
28352.7,0.109752,0.571669
16029.7,0.11734,0.577824
19582.3,0.101655,0.571314
10230.3,0.123181,0.593399
15459.7,0.0957573,0.598611
11790,0.128807,0.577778
20734.3,0.0870873,0.567159
13900.7,0.11422,0.614959
14285.7,0.108788,0.577245
6318.67,0.143448,0.587202
17387.7,0.0965505,0.573012
10394.3,0.116103,0.577687
12722.7,0.105322,0.566967
15349.3,0.127294,0.603262
23053,0.0875108,0.557411
13132,0.120554,0.58247
14949.3,0.105244,0.5889
4643,0.162347,0.632565
17004.7,0.116591,0.572392
15357.7,0.0833485,0.585853
16524,0.119378,0.569475
13566.7,0.12467,0.615356
19930.3,0.116961,0.573381
10544.7,0.106976,0.569893
28864.3,0.10545,0.582611
12460.3,0.0953983,0.579733
8497,0.109149,0.575733
26976.3,0.0890838,0.576308
5012.67,0.162161,0.619497
9220.67,0.104342,0.582749
8609,0.140304,0.610524
13788.3,0.100591,0.573867
13601.3,0.105532,0.568229
27200.7,0.0986067,0.598049
8860.67,0.132112,0.548642
15525.3,0.0988645,0.608468
14191,0.0974055,0.607004
10933.3,0.117989,0.596402
13328.3,0.0968469,0.577992
12005.7,0.117085,0.589083
16879,0.099225,0.564488
14844.7,0.118871,0.578345
11474,0.107694,0.603974
13208,0.118988,0.608268
7773.67,0.12961,0.588954
8573,0.11542,0.582527
6679.33,0.142253,0.578152
4376,0.157974,0.647623
11434.7,0.12451,0.565852
17425.3,0.102289,0.594804
18335.7,0.121189,0.583689
6625.33,0.158618,0.606863
15380,0.108783,0.603381
8491.33,0.134063,0.634019
9674.33,0.101344,0.558867
13460.3,0.114295,0.569278
14602.7,0.0931429,0.579848
14807,0.118521,0.602688
7428.33,0.145963,0.629706
9436.67,0.160631,0.58202
6925.67,0.138155,0.606055
7861.67,0.163991,0.588722
27484,0.107598,0.578009
16889.7,0.115964,0.606367
8482.33,0.139428,0.609109
14737.7,0.120542,0.605817
16274,0.11682,0.589345
28237,0.10135,0.601976
26734.7,0.0927546,0.567515
17946.7,0.102284,0.60052
17721.3,0.11431,0.621153
6564.33,0.16488,0.588737
8981.33,0.140668,0.589964
15336,0.112657,0.585616
11661.7,0.142966,0.596513
20505.7,0.105581,0.585464
4897.33,0.184841,0.603322
15288.3,0.132113,0.618293
6797.33,0.1422,0.582238
23861,0.112452,0.564184
20437.7,0.115488,0.591131
15683.7,0.117977,0.591146
8684.33,0.127826,0.548881
7832.67,0.146194,0.611712
7742.67,0.127584,0.567935
13244.3,0.133293,0.603327
8934.67,0.13324,0.645501
5523.67,0.166898,0.614145
8483.33,0.146481,0.588644
23978.3,0.107915,0.583638
18813.7,0.10632,0.600645
15761,0.120362,0.579912
9769.33,0.156056,0.587621
18516.7,0.106116,0.553951
20255.7,0.102056,0.61229
19431,0.112262,0.564047
8904.67,0.182103,0.611739
11424,0.115206,0.614321
17032,0.114542,0.592062
14612,0.145215,0.609362
7686.67,0.152782,0.594449
25079.3,0.110509,0.586286
6799,0.16578,0.629063
7556.67,0.160931,0.577283
18626,0.107401,0.596693
17830.7,0.11216,0.576666
28338.7,0.0956697,0.615355
7569,0.160417,0.641036
6783.33,0.148443,0.566781
27043.7,0.104556,0.594865
27558.7,0.108415,0.605738
5498.67,0.185579,0.561469
18639,0.0998092,0.5878
14217.3,0.100405,0.581731
28185,0.106736,0.588008
8503.33,0.144354,0.580557
25524.7,0.101195,0.579844
13863.7,0.127898,0.585223
26371,0.112662,0.603087
14885.3,0.102049,0.596672
11148.7,0.14166,0.600909
13136,0.146958,0.630481
18120.7,0.102017,0.563463
10304,0.125039,0.589965
19151,0.107666,0.574905
16276.7,0.103611,0.58417
10293,0.129546,0.557078
18883.7,0.119504,0.606997
14417.3,0.135626,0.603625
8924.67,0.116847,0.60992
9978.67,0.130623,0.622862
10126.3,0.126392,0.599987
6759.33,0.185365,0.618207
9231.67,0.148856,0.597111
15784,0.111219,0.612392
24118.3,0.100999,0.579711
13315.3,0.115421,0.614379
15672.3,0.117628,0.594019
13727.7,0.13079,0.594371
25294,0.122973,0.570254
4946,0.215907,0.597452
5991,0.195907,0.588216
11133.3,0.120183,0.606257
26625.7,0.10943,0.615171
15692.3,0.114724,0.603012
8988.67,0.142621,0.600682
27453.7,0.10214,0.589442
6017.33,0.237224,0.643087
8905.33,0.112222,0.615886
13068.7,0.143051,0.616385
7600,0.157227,0.600658
6637.33,0.16879,0.598534
17420.3,0.121621,0.579763
15555.7,0.123053,0.579103
7496.33,0.168972,0.614656
10149.3,0.126847,0.615673
10454.7,0.117117,0.625685
15166,0.109118,0.581037
13030.7,0.129409,0.588177
14957,0.130668,0.609547
8048,0.138434,0.584245
19310.7,0.119387,0.594818
11099.7,0.13005,0.58239
15044.3,0.126008,0.586976
7840.67,0.184775,0.569637
16283.3,0.130522,0.611218
25231,0.101262,0.597043
8610.67,0.155914,0.622871
7574,0.174194,0.642461
6476.33,0.19284,0.648927
12629.7,0.147518,0.648658
12023.7,0.139381,0.571151
17714.7,0.114885,0.592127
11916.3,0.148876,0.602926
15922,0.119178,0.613491
23441.3,0.11756,0.599696
27191,0.127833,0.596227
7571.33,0.177223,0.595096
8723.33,0.156789,0.624723
10419.7,0.14345,0.599379
7683,0.15328,0.604451
17979.3,0.116839,0.595777
6299,0.177291,0.657406
12801.7,0.124068,0.572452
22498,0.120407,0.586185
10102.7,0.146852,0.605319
9879.67,0.161705,0.620196
11685,0.127948,0.612409
7898,0.122926,0.62826
9008,0.118394,0.610346
12738.7,0.0932185,0.592317
17112.7,0.111095,0.613717
10572,0.106017,0.56905
12286.7,0.118139,0.57911
4622,0.17283,0.625054
7033.67,0.115043,0.6158
15454.3,0.102111,0.613852
26859,0.0899453,0.572024
13806.3,0.120023,0.60506
10057,0.114375,0.591429
16416,0.111475,0.580958
13152,0.118628,0.600289
8786,0.139373,0.580241
19914.7,0.104661,0.578686
14296,0.135354,0.608772
16118.7,0.103177,0.603669
10293,0.118025,0.63616
10505.7,0.106869,0.580576
16289,0.106958,0.639696
7594.67,0.14376,0.587693
7029.67,0.136804,0.568353
18873.3,0.119584,0.628647
25921,0.120939,0.594692
14474,0.127106,0.592442
14437.3,0.128991,0.598979
19131.7,0.11481,0.60237
16971,0.124874,0.588239
18613,0.107213,0.567077
20080.7,0.126944,0.597108
11809,0.135872,0.575155
11843,0.129173,0.615047
18496,0.12755,0.582883
14556.3,0.121968,0.606861
12895,0.103685,0.581698
26133,0.0872847,0.603184
4815.67,0.186967,0.645047
26432.7,0.105428,0.596282
15806.3,0.0969402,0.612518
7776,0.134271,0.553627
23663.3,0.0994682,0.583927
26205.3,0.0986342,0.602994
13743.7,0.107088,0.569232
10813,0.10316,0.591788
10479.3,0.143631,0.619569
7904,0.130058,0.629555
24719.7,0.0849217,0.567942
9294,0.125988,0.592748
12736,0.10268,0.554177
10575,0.109267,0.595272
5442.67,0.130358,0.567614
19483.3,0.0952378,0.5716
9860,0.122709,0.585801
6040.67,0.161192,0.589229
5886.67,0.17732,0.639468
14510,0.121257,0.598001
13055,0.120642,0.570433
7612.67,0.150967,0.625974
27365.3,0.087083,0.578128
27088.7,0.121302,0.577819
10181.7,0.123172,0.5798
15238.3,0.0949523,0.570119
13217.7,0.10206,0.588177
9393,0.122859,0.624827
8488.33,0.129929,0.581583
24116.7,0.114953,0.576213
14910,0.103864,0.565124
11649.7,0.112777,0.584681
15563.7,0.0947298,0.586066
12970.3,0.114051,0.587315
26879.3,0.10907,0.590776
18425,0.10919,0.586811
13173.3,0.0930858,0.595876
8897,0.124215,0.558053
4415,0.22168,0.657078
10364.3,0.122388,0.631846
20208.3,0.090191,0.588503
27795.7,0.0890889,0.613201
27977,0.0976202,0.590628
13061.3,0.112359,0.581309
16580.3,0.107175,0.590499
12297.3,0.112552,0.571967
18511.7,0.0928697,0.594346
7666.33,0.117501,0.578069
20761,0.101249,0.575165
27638,0.099155,0.578515
5966,0.137994,0.583808
18128.3,0.109762,0.60798
12266,0.107374,0.623757
18065.7,0.0854939,0.594572
13612,0.115553,0.620776
26931,0.103017,0.575285
9062,0.112734,0.629773
16079.7,0.105231,0.571301
9075,0.113211,0.619614
6432.33,0.168132,0.606571
28211.7,0.103935,0.608767
12453.3,0.112249,0.570824
6771,0.129595,0.558559
16351,0.112731,0.624794
18081.3,0.100633,0.588268
13748.3,0.116796,0.610959
25840,0.101006,0.573065
4663,0.166159,0.569161
10825,0.0981376,0.57127
16094.7,0.120721,0.585121
26394.3,0.0948115,0.590872
17871,0.11577,0.580382
7045.67,0.150284,0.599991
7852.33,0.139918,0.604109
7433.33,0.141523,0.602242
13772,0.118512,0.565423
14228,0.112751,0.602123
16113.7,0.0961544,0.595602
18224,0.101732,0.570182
20324,0.0943333,0.59939
9706.33,0.114558,0.546619
16633,0.105369,0.578669
20315.7,0.117398,0.605214
13218.7,0.116375,0.564
16980,0.107879,0.576266
11561.7,0.12854,0.589131
9889.33,0.104573,0.572199
14181.3,0.0949648,0.566989
17504.7,0.111765,0.591633
13059,0.130196,0.579753
11087,0.105645,0.600704
23931.7,0.0833359,0.559649
26445.3,0.118121,0.573435
15655.7,0.104606,0.571635
7327.33,0.136202,0.586662
15916,0.0887842,0.584632
20116.7,0.108209,0.569395
11885.3,0.115513,0.634788
11854.3,0.104206,0.59545
18002.3,0.0882157,0.578518
12126.7,0.112473,0.590049
24220,0.101052,0.575888
20963.3,0.110992,0.585101
23116,0.0837532,0.561948
17794.3,0.0862131,0.577806
17788.7,0.115833,0.58972
27937,0.0924386,0.578767
9660.33,0.123817,0.589593
7835.33,0.133703,0.555518
6681.67,0.133429,0.566675
11970.3,0.11923,0.598953
7649.33,0.149503,0.586805
6554,0.134531,0.522124
17623.3,0.107642,0.575355
16918.7,0.113941,0.594866
13689.3,0.107017,0.568667
17952.7,0.0938984,0.555424
7642.67,0.131195,0.576675
7224,0.140856,0.584718
14994.3,0.100097,0.585199
11522,0.129723,0.612307
15047,0.115405,0.615405
17519.7,0.102641,0.579482
9656,0.130419,0.574151
17060,0.106595,0.606682
4739,0.16542,0.638953
18671.7,0.104996,0.566491
16459.3,0.0906543,0.592835
13214,0.0933539,0.565612
11853,0.109241,0.589977
25994.7,0.104244,0.581478
8816.67,0.125891,0.607977
13878.3,0.113805,0.578864
15147,0.0790876,0.586255
16115.7,0.109274,0.595156
16895.7,0.110068,0.594965
11374.7,0.130243,0.616399
16201.3,0.0989683,0.58166
6386.67,0.153091,0.632933
24621,0.0901673,0.550303
15320.3,0.096019,0.58665
6494.33,0.138324,0.591541
7946.67,0.129387,0.57953
8251.67,0.117514,0.568168
11893.7,0.109119,0.605308
6819.67,0.145812,0.598319
8317.67,0.123599,0.64361
17650,0.104692,0.578867
26631,0.105445,0.581916
16937.7,0.125436,0.583217
16966.7,0.101509,0.581866
19058,0.0943292,0.614125
5099,0.177758,0.585213
10478.7,0.100932,0.610415
12441.3,0.117805,0.606098
25525.3,0.105228,0.606365
18701.3,0.097652,0.604003
11984.3,0.109526,0.609101
12879,0.107101,0.598261
9326.67,0.144657,0.60604
24711.7,0.11352,0.568935
9304.67,0.119478,0.590815
29122,0.0975763,0.595529
12538.3,0.122523,0.579077
15345.3,0.0958704,0.597619
7675,0.138918,0.634137
7572,0.170411,0.61701
9266.67,0.128251,0.619892
25796.7,0.100714,0.597532
9832.33,0.12873,0.57755
24624.7,0.105311,0.569727
6447.33,0.166621,0.630286
16975,0.100642,0.587099
7103.67,0.145749,0.557646
5009.67,0.154351,0.621066
6218.33,0.15574,0.628893
5613,0.140728,0.572777
8287.33,0.144679,0.614029
6954,0.127773,0.551337
12130,0.0922274,0.587881
5763,0.168703,0.61704
16655,0.0934349,0.587331
10061.7,0.123233,0.615736
19459,0.101821,0.598592
16792.3,0.110614,0.584533
5046.67,0.147354,0.648217
12915,0.109108,0.574681
18573.7,0.117316,0.606791
4794,0.17542,0.607009
9710,0.118745,0.584655
28428.3,0.102049,0.600094
16269.3,0.0755596,0.590108
17330.3,0.108677,0.611971
14667.3,0.106416,0.589655
8459.33,0.10823,0.604145
10264.7,0.119358,0.571897
24841.7,0.109555,0.56942
20436,0.0967256,0.587639
7353.33,0.12288,0.627425
21301.7,0.116495,0.59903
14173.3,0.099532,0.558278
10591.7,0.112299,0.567553
19436.3,0.0975716,0.586668
13855.3,0.0988464,0.574845
5047,0.147303,0.596988
8369.33,0.125449,0.579815
15400,0.0982287,0.586364
7466.67,0.120819,0.539241
15840.3,0.101544,0.577745
18035,0.108207,0.578819
12405,0.103007,0.578476
16590,0.093375,0.596022
12770.3,0.1159,0.58649
5498,0.132687,0.609676
16992.7,0.103983,0.589097
6723.33,0.136453,0.53882
18949.3,0.0979847,0.569184
12016.3,0.132534,0.59924
17336.7,0.103933,0.592867
6781,0.12508,0.532812
5332.67,0.174256,0.576885
13387.7,0.105832,0.544108
10498.3,0.105552,0.553294
11269,0.095422,0.592777
9392.33,0.116522,0.588743
6285.67,0.15179,0.606194
14744.7,0.110262,0.587828
5731,0.177195,0.62572
7924,0.115727,0.580136
9851,0.111909,0.628363
12680.7,0.108153,0.595421
15059.7,0.110367,0.590938
19183.3,0.103886,0.609522
8526.33,0.110331,0.580398
8653.67,0.137345,0.584415
14388,0.104999,0.581526
17236.3,0.111257,0.595467
12154,0.11404,0.597992
6672,0.142096,0.595024
14034.7,0.119703,0.61265
20966.7,0.114316,0.587615
24095.7,0.099646,0.567087
8427.33,0.122599,0.600506
9015,0.133503,0.615973
11952.3,0.128907,0.612488
17278,0.0969617,0.601401
9923.67,0.100325,0.585402
13543,0.1184,0.585099
21540,0.0822441,0.571727
13200.7,0.117512,0.57439
9942.67,0.115649,0.573823
6547,0.127836,0.659691
13238.7,0.112264,0.538901
8566.67,0.134831,0.641362
14842,0.110099,0.58011
17025.7,0.0984174,0.602639
8473.67,0.131827,0.555761
9804,0.126212,0.577111
12789,0.124251,0.597623
25648.7,0.117344,0.550646
10438,0.1144,0.626557
19526.7,0.11177,0.5866
28772,0.0933303,0.585361
27730,0.0935831,0.579553
6908,0.155209,0.634047
16127,0.10515,0.624977
26712.3,0.100071,0.600235
19955.3,0.0926232,0.591053
11208.7,0.102142,0.611432
7130.33,0.135545,0.569352
12666.7,0.101296,0.590632
7929.67,0.12899,0.59351
14344.7,0.104064,0.631268
20824,0.107057,0.577795
16178,0.122727,0.590555
7369.33,0.145417,0.58264
8466,0.13914,0.598512
22898.7,0.109245,0.573454
7483.67,0.126775,0.568082
19379,0.106978,0.598999
20626.7,0.12437,0.613639
26666,0.101032,0.583252
13603.7,0.0836327,0.612653
16133.7,0.108798,0.568397
24784.7,0.0780634,0.576095
12568.3,0.127264,0.62798
13139,0.110182,0.578126
25061,0.106459,0.585731
15631.7,0.108333,0.599829
26046,0.0932796,0.599401
5761.67,0.152569,0.598669
12155.7,0.1176,0.578112
14862.3,0.11048,0.580304
6561.67,0.174702,0.579934
15231.3,0.127462,0.602683
26955.7,0.110917,0.61083
11672.7,0.117231,0.58824
13417,0.115289,0.615339
10970,0.129288,0.573564
25572,0.102536,0.567613
21691.3,0.110695,0.605111
14142.3,0.134469,0.61211
8316,0.129066,0.58165
13748.3,0.122277,0.588556
10468,0.12926,0.578334
18448.7,0.094233,0.581036
20462,0.0977796,0.590705
7865.67,0.160713,0.60139
12241.7,0.125964,0.545051
26630.3,0.111887,0.591719
16899,0.111148,0.565655
14131,0.096554,0.579648
15740.7,0.112599,0.604189
9323,0.117073,0.627159
11051.3,0.109751,0.59664
6586.67,0.135138,0.645445
14168,0.113878,0.591474
8280,0.137393,0.591787
7193,0.150359,0.607396
18704.7,0.112054,0.598371
8111.33,0.13313,0.590367
10229.7,0.120481,0.581185
8526.33,0.134352,0.591775
6686.67,0.140824,0.577019
7842.67,0.120568,0.628528
15159.3,0.135035,0.613395
13804,0.10517,0.600623
8933.33,0.124648,0.607015
7063.33,0.136448,0.592449
11213.3,0.127318,0.577943
16077.7,0.100764,0.587108
12998,0.124588,0.562779
7580,0.132833,0.611478
16231,0.10651,0.592139
9215.33,0.121447,0.57162
5919,0.169128,0.596722
17966.3,0.108647,0.602219
8932.67,0.132914,0.575901
12159.3,0.0946145,0.575662
8261.33,0.114498,0.618262
26270.7,0.0966161,0.588273
27859,0.0917268,0.581715
18619,0.102829,0.587894
13107.7,0.116524,0.552527
8602.33,0.137839,0.600845
9299.33,0.119366,0.567317
9990.33,0.104981,0.589937
8386.33,0.113382,0.569458
13059,0.120922,0.576154
8403.67,0.141425,0.571933
26106.7,0.0943945,0.577337
8823,0.138397,0.578261
22652.7,0.102107,0.568027
17336.3,0.115076,0.608356
19700.3,0.102688,0.604998
15813.3,0.110311,0.600232
14651,0.110286,0.571975
13808.7,0.106519,0.591899
19268,0.10201,0.582365
16492.7,0.0977156,0.589373
10158,0.106995,0.580823
26005,0.10689,0.580158
10566.7,0.101116,0.603438
13811.3,0.112614,0.578559
11188.3,0.123519,0.614718
13601.7,0.125137,0.58657
7995.67,0.127534,0.589861
11826.3,0.124053,0.582401
15246,0.111252,0.595828
18219.7,0.10786,0.57105
8725,0.119278,0.602751
9969.33,0.124396,0.575431
9688.67,0.126974,0.639854
17437.7,0.124971,0.613461
17000.7,0.109038,0.573232
26238.7,0.0860905,0.572412
8589.33,0.137468,0.611184
14460.3,0.114821,0.558055
7444.67,0.144807,0.621698
7206.33,0.113435,0.589296
23420,0.123407,0.576644
8277.67,0.127017,0.595256
19928.3,0.108492,0.556477
12271,0.109181,0.577296
5650,0.171748,0.574336
13840,0.115523,0.6125
5726.67,0.164875,0.622934
6463,0.153019,0.625251
5551.67,0.152416,0.616632
14639.7,0.107428,0.589517
19353,0.104244,0.612722
12676.3,0.115146,0.596282
11080.3,0.108205,0.608345
16065.3,0.112666,0.580173
13380.3,0.120287,0.587031
9490.33,0.114979,0.63166
18532.7,0.113288,0.573546
11815.7,0.115079,0.569442
8263,0.127905,0.614426
25706.3,0.0983363,0.566462
19320,0.116549,0.593996
9616.67,0.118737,0.569151
14878.3,0.0983561,0.581629
17603.7,0.102904,0.57524
9988,0.127132,0.603124
24795.7,0.108337,0.595763
26565,0.0881522,0.598682
17583.7,0.115084,0.566169
4858.33,0.177727,0.584494
7954.33,0.148969,0.610694
8516.67,0.1123,0.638787
7542.33,0.14314,0.604808
17718.3,0.100625,0.573116
15952,0.108314,0.602432
4608.33,0.164146,0.574756
9911.33,0.135257,0.596859
9049.67,0.122849,0.589561
12926.3,0.110053,0.608113
10492.7,0.11648,0.582724
11203,0.125797,0.565831
25813,0.110171,0.566769
19128,0.113902,0.575753
6755.67,0.159983,0.606503
6168,0.158621,0.647536
17076.3,0.0987933,0.589686
27769,0.10208,0.584069
25697.3,0.110892,0.593589
11195,0.1027,0.601251
16988.7,0.115207,0.581407
27672.3,0.100013,0.5943
15108,0.107912,0.577178
8358,0.125874,0.612946
6345.67,0.145472,0.647266
6935.67,0.136915,0.554573
5798,0.163784,0.649189
18752,0.126174,0.583244
7596,0.171554,0.634939
24714,0.0990017,0.602573
15655.3,0.102251,0.58636
15379.7,0.103383,0.560242
7379.33,0.131803,0.602313
9008,0.13319,0.585702
11424,0.124774,0.579919
16852.3,0.12063,0.580315
25157.3,0.104265,0.587807
20827,0.102366,0.575455
13704.3,0.115433,0.542213
12823,0.101969,0.597676
26630.7,0.108533,0.593464
12790,0.0992431,0.577952
13606.3,0.0936174,0.605576
13967.3,0.11112,0.582979
20211.3,0.100112,0.602665
12732.3,0.104874,0.582742
8453.67,0.151437,0.585111
11989.7,0.0978226,0.59137
11842,0.10273,0.610792
12541.3,0.11321,0.552945
18841.7,0.124816,0.604264
20705.3,0.108133,0.582298
5688,0.180564,0.635724
9550.67,0.129107,0.590884
18568.3,0.100415,0.59492
14785.7,0.119907,0.583764
16536,0.121231,0.580431
19866,0.0946996,0.594584
8345.67,0.135365,0.605264
12115.7,0.0930045,0.594134
18293.7,0.115588,0.596126
10551,0.147562,0.602218
12404.3,0.146043,0.587913
12681.7,0.138343,0.616034
14414.7,0.116118,0.580612
10740.7,0.127423,0.633511
10638.3,0.137919,0.563591
7624,0.163162,0.594439
12834.3,0.121154,0.608342
8852.67,0.138539,0.566195
19628.3,0.110441,0.608185
7363.67,0.161239,0.584265
9578,0.140514,0.568595
24907.3,0.109983,0.578652
13257,0.129575,0.591612
11735,0.128436,0.616787
9364.67,0.156978,0.571225
12848.7,0.128523,0.572381
7952.67,0.117471,0.586512
16121,0.120483,0.60263
9623.67,0.120424,0.585778
17668.7,0.110757,0.598762
10157.7,0.114916,0.605979
6540,0.185224,0.61315
13346.3,0.132607,0.608756
13471.7,0.0920957,0.608264
13703.3,0.11363,0.605303
19411.3,0.10847,0.611893
14511.3,0.140091,0.594616
19708,0.100481,0.584991
11386,0.122572,0.5772
17260,0.110443,0.595886
8892.67,0.129393,0.604805
22401.7,0.08571,0.569928
6724.33,0.132354,0.557775
7877.67,0.134231,0.634621
12167.3,0.124568,0.574544
16258.7,0.110514,0.605298
16487.3,0.123419,0.592556
18057,0.107204,0.565099
13123.3,0.124401,0.599441
28609.3,0.0890564,0.612201
7023.33,0.159938,0.561794
28049.3,0.100924,0.586597
11946,0.122178,0.623472
10003.7,0.126583,0.612609
12437.7,0.127564,0.575939
6001.67,0.139281,0.598556
10142.7,0.10345,0.622946
16823,0.0975111,0.597931
10951.7,0.11185,0.611353
6786.33,0.112955,0.573162
15712,0.11807,0.593241
17042.7,0.122221,0.585785
11714.3,0.140611,0.599835
12560.3,0.154221,0.619384
21249.3,0.114032,0.588473
5056,0.172251,0.638252
19029.3,0.0842455,0.595379
25538,0.0899347,0.564492
20701.7,0.094098,0.570212
7678,0.112164,0.59143
8843,0.130321,0.640394
21238.7,0.112483,0.574581
19857.7,0.125119,0.60603
19971,0.0996977,0.600521
21671,0.107782,0.615108
16156.7,0.108138,0.585847
6490.67,0.18492,0.545142
15340,0.11466,0.606063
10839.7,0.111144,0.596175
17204,0.121868,0.583527
15363,0.115271,0.579509
11571,0.137937,0.598911
21586.3,0.0930045,0.580166
12880.7,0.117452,0.583458
27547.3,0.115646,0.585743
16666,0.112268,0.574823
14972.7,0.111102,0.590164
11266,0.142988,0.611486
8691.33,0.120278,0.6108
25974.3,0.0943903,0.589107
17238,0.108621,0.587133
18117,0.0948156,0.618701
14430.3,0.130064,0.568432
13981,0.0996515,0.574709
9465.33,0.111777,0.576595
8262.33,0.110963,0.582362
6197,0.17088,0.604325
5862,0.141952,0.584613
10814.7,0.147388,0.637591
9521.33,0.11573,0.57625
17759.3,0.0951486,0.610421
12184.3,0.124276,0.614368
6041,0.136396,0.563979
5782,0.171391,0.586129
16926.7,0.120052,0.557365
11457.3,0.125911,0.63031
12654,0.11827,0.568279
9516,0.136175,0.600988
10121.3,0.114519,0.565406
5903.67,0.144404,0.543786
8583.33,0.122888,0.581786
14670,0.0961169,0.586639
8068.33,0.145463,0.549639
17405.7,0.102872,0.580692
5650.33,0.14729,0.603091
25140,0.102761,0.563445
13049,0.114668,0.55966
21056.3,0.0893339,0.586411
26459.3,0.0989029,0.592822
7355,0.125776,0.581645
5867,0.1408,0.642236
9863.67,0.135926,0.597783
12093,0.11641,0.568097
28524.3,0.101984,0.620266
15768,0.110773,0.605974
20835,0.104804,0.601344
7646.67,0.132096,0.616652
17764.7,0.0962439,0.56997
10182,0.142916,0.605677
11316.7,0.109064,0.610722
9154.33,0.137176,0.590394
25559.7,0.0978591,0.580107
26925,0.083989,0.59454
13794.3,0.110919,0.578837
21397.7,0.106358,0.586902
17850,0.0923061,0.563193
23221,0.0952502,0.560527
8902,0.101787,0.578746
6550.67,0.144817,0.560452
16866,0.109833,0.597771
9034.67,0.127115,0.560434
7061.33,0.141172,0.561037
9754.33,0.121552,0.641424
10300,0.121524,0.606311
9285.67,0.123439,0.543562
6330.67,0.166811,0.631108
5580,0.177532,0.614695
19954.7,0.110201,0.578277
26483.3,0.11175,0.5654
8840.33,0.121455,0.593718
7518.67,0.149442,0.625288
19121.3,0.106512,0.58399
11285,0.131238,0.576961
12390,0.112476,0.560452
15241.7,0.104972,0.574237
16427.7,0.0907609,0.563521
26288.3,0.0974169,0.606606
16829,0.0962212,0.591004
13138.7,0.106689,0.547798
22379.7,0.0907112,0.582821
10551,0.131901,0.571699
19285,0.095408,0.586622
7706.33,0.114608,0.619317
23103,0.104612,0.582608
14469.7,0.11055,0.589947
26908.7,0.0976068,0.571613
7195,0.138633,0.618902
9888.67,0.117935,0.602744
13833,0.106601,0.581219
17558.7,0.108805,0.569026
5867.67,0.134082,0.5582
10096.7,0.107891,0.568537
7871,0.133172,0.586838
7288.67,0.131695,0.556389
12235,0.103808,0.650756
9304.33,0.111344,0.567227
10070.3,0.120733,0.596769
11858.7,0.115978,0.587447
17535,0.109343,0.596065
13918,0.0957373,0.62703
6114.33,0.145368,0.568609
7849.33,0.135733,0.602939
18184.7,0.112193,0.577263
7659,0.155449,0.639117
16173.3,0.100009,0.569188
8620.33,0.134274,0.597386
6985.33,0.158778,0.580168
26415.7,0.0965461,0.576678
10564.3,0.111933,0.573975
5937,0.15798,0.604177
8403.67,0.132048,0.615723
13858.3,0.111179,0.606615
26800.7,0.10628,0.586155
8298.33,0.12913,0.579835
8300.67,0.148177,0.607702
9680.33,0.133959,0.596433
11740.7,0.134364,0.651439
28634.7,0.099566,0.593453
20048,0.106526,0.57916
9640.67,0.121594,0.598852
9262.33,0.125049,0.593227
11144.3,0.129358,0.599557
11077,0.136546,0.578947
6921.67,0.149674,0.543703
11830.3,0.117746,0.581021
7132,0.15321,0.627033
7096.67,0.149725,0.619775
14213.3,0.118426,0.594067
27484.3,0.0919903,0.60939
7664.33,0.153122,0.587744
19199,0.0922368,0.595552
10874,0.122472,0.591871
10540.3,0.144139,0.646722
17141,0.10445,0.562628
7978.33,0.138033,0.579779
8331,0.125237,0.629216
13603.3,0.110231,0.622617
4256.33,0.186696,0.59574
24799,0.103783,0.58212
14378,0.126116,0.583113
7899.67,0.146224,0.558673
14902,0.11402,0.568313
17872,0.0972056,0.596184
11559,0.137749,0.602561
8221.67,0.174282,0.628502
12078.7,0.116454,0.595126
14389,0.114799,0.574397
24925,0.0869036,0.597432
9409.33,0.112211,0.594906
7065,0.138502,0.584572
16773.3,0.113224,0.578577
11190.7,0.13159,0.621709
26559.7,0.0926769,0.598175
17245.7,0.0936332,0.605563
26160.3,0.109558,0.567297
12205.3,0.12765,0.587503
16174.3,0.107295,0.590174
5706.33,0.132917,0.6168
5159.67,0.146521,0.575877
11982,0.121804,0.594559
11045.7,0.11553,0.557805
26531.7,0.0990699,0.589761
15455.3,0.108127,0.600677
7995,0.118774,0.595122
17703.7,0.0872322,0.575323
13701,0.122882,0.603533
11261.3,0.097308,0.566156
9700.67,0.131072,0.576799
8382.67,0.132872,0.588277
8730.67,0.116077,0.606177
9764.33,0.135638,0.587103
10730.3,0.137499,0.596409
17197.7,0.0995278,0.567829
26574,0.0880718,0.571348
10479,0.132083,0.577345
11840.3,0.105775,0.548014
5698,0.14852,0.59986
14856,0.112433,0.561053
12024.7,0.14648,0.596718
8043,0.132788,0.611836
9882.67,0.126818,0.587729
17867,0.116252,0.552303
9984,0.110361,0.597356
13782,0.12043,0.581048
16177.3,0.109578,0.592661
8698.33,0.125045,0.634566
5771.67,0.132255,0.530754
14697.7,0.0924335,0.588483
8355.33,0.117926,0.585933
8819.33,0.142718,0.631189
13089.3,0.123015,0.561348
12903.7,0.118077,0.598693
6461,0.195484,0.603003
11579,0.139899,0.646343
17597.3,0.0996333,0.604107
6430.33,0.133512,0.64315
11978,0.1186,0.608365
12049,0.117428,0.589261
13666,0.0924705,0.611079
7969,0.13217,0.544359
7505,0.140579,0.632378
10372.3,0.131239,0.627503
6045.67,0.165111,0.556983
17902,0.0893543,0.579265
28905.7,0.10244,0.595569
8389.67,0.158923,0.626048
10274,0.111474,0.608916
9330.33,0.128609,0.604123
8885.33,0.125026,0.617947
5555.67,0.167042,0.595848
7772.67,0.143557,0.588387
7780.33,0.135756,0.577053
9192.67,0.11551,0.583219
15262,0.115972,0.572599
20105.7,0.112076,0.592685
26831.7,0.107796,0.587453
10473.3,0.130059,0.588988
7488,0.144378,0.607639
17466.3,0.117819,0.561118
15012,0.122041,0.59166
18871,0.115227,0.585767
10549.7,0.108801,0.606022
7930.67,0.130908,0.577043
5586,0.168273,0.558718
15840,0.106475,0.574937
18737,0.0984105,0.585046
26218.3,0.0950096,0.574928
12596.7,0.0993839,0.541836
18979,0.109972,0.572475
24378.7,0.10537,0.545573
15294.3,0.108086,0.596147
28574.7,0.0947856,0.586965
11990.3,0.134723,0.596202
7142,0.132225,0.58639
7787,0.118404,0.597278
16988,0.110102,0.613139
12855.3,0.0958615,0.589846
15496.3,0.0997135,0.584762
7881,0.145327,0.593072
15809.7,0.102298,0.570558
19794.3,0.112199,0.559133
13065,0.103128,0.630387
12404,0.112708,0.596179
19835.7,0.0956901,0.594804
12605.7,0.112095,0.584922
26964.7,0.0935723,0.581032
13491.7,0.111691,0.580679
7183.67,0.162358,0.599601
9243.67,0.13756,0.604883
18416.7,0.113031,0.579276
16348.3,0.109809,0.567805
11937.3,0.129374,0.566849
13109,0.107329,0.566481
27982.7,0.11488,0.593701
15298,0.106682,0.58086
15279.3,0.11582,0.577818
15989,0.0930228,0.604541
14963,0.126455,0.617122
9809.67,0.116403,0.573754
8823,0.104404,0.579961
13917.3,0.107576,0.572931
16648.3,0.110328,0.591511
10816.3,0.147058,0.61404
27484.3,0.108974,0.582356
7711.33,0.133472,0.600242
17714,0.108258,0.584114
13051,0.0909699,0.545552
17380,0.113972,0.62618
27006.7,0.0925717,0.583128
12824.7,0.118884,0.605266
13055.7,0.117033,0.623127
12665,0.103519,0.592973
12172,0.136266,0.588235
20207.7,0.0926881,0.593999
28983.3,0.0946915,0.593088
15248.3,0.110258,0.590272
12814.7,0.113654,0.584278
6206.67,0.143992,0.614232
14804,0.106744,0.601256
18340.7,0.101911,0.577969
16152.7,0.116222,0.575653
27963,0.0900726,0.571863
6886.67,0.134054,0.546902
7802.67,0.148031,0.58779
17843.7,0.113439,0.602249
10761,0.135668,0.605334
8091.67,0.121515,0.604614
16164.7,0.0836502,0.553202
5310.33,0.160236,0.597452
10558,0.108966,0.622088
10250.7,0.120889,0.599018
7735.33,0.115586,0.58946
6988.67,0.135765,0.611895
25961,0.0950069,0.587343
11797.7,0.105977,0.571667
19865.3,0.110602,0.576163
7803,0.12516,0.591696
8774.33,0.107784,0.60525
14654.7,0.107446,0.578814
11867.7,0.124842,0.572171
11695,0.114701,0.578281
15330,0.116241,0.585062
7387.33,0.126758,0.588936
15925.7,0.107518,0.598677
16638.3,0.104125,0.581709
26980.7,0.103014,0.58836
17310.3,0.108348,0.588762
10597.3,0.125018,0.612387
8311.33,0.137296,0.598059
12912,0.130847,0.605638
6671.67,0.130436,0.566625
28395,0.0966225,0.574432
20173,0.105996,0.616864
12948.3,0.120061,0.581671
12884.3,0.105816,0.608155
17686.7,0.11446,0.586223
16960.7,0.0958533,0.577768
9432,0.125833,0.616518
10057.7,0.112874,0.596494
15899.3,0.0961143,0.590381
8601,0.14894,0.616091
6409.33,0.151904,0.619981
6117,0.190113,0.607487
6555.67,0.152898,0.583058
8363.67,0.128448,0.564864
12433.3,0.117851,0.570214
11263.3,0.130644,0.597751
13865.3,0.126969,0.576594
7796.33,0.165399,0.596263
10178.7,0.0953695,0.589894
10349.7,0.111731,0.571258
13370.7,0.114241,0.594535
14096,0.117656,0.558669
26807.7,0.103759,0.608458
13074.3,0.108412,0.593886
14990.3,0.124404,0.590425
17137.3,0.0971767,0.583502
7310.67,0.158769,0.580704
6413,0.157046,0.607048
5025.33,0.169711,0.587954
6980.67,0.131925,0.578503
11436,0.0973209,0.603445
3814.33,0.187368,0.560692
15126.3,0.125331,0.581877
18063.3,0.0901312,0.579553
6071.67,0.116512,0.55888
10672,0.106203,0.597826
10596.3,0.1007,0.618862
17846.7,0.115102,0.606126
16319.3,0.0974612,0.564647
12557,0.122822,0.572828
7420.67,0.16662,0.617644
26707.7,0.102088,0.599616
8042.33,0.122394,0.601028
18041.3,0.0875893,0.574218
13173,0.127197,0.633189
13981.3,0.102082,0.565802
17371.3,0.108925,0.622904
9068.67,0.1277,0.565721
14367,0.107499,0.56769
11084.3,0.119059,0.558777
13984.3,0.109539,0.632541
13374.7,0.118203,0.634358
5960.67,0.153279,0.626831
27496.3,0.0961225,0.592358
7407,0.133793,0.642635
10600,0.10763,0.585755
6011.33,0.154921,0.590828
8887.67,0.117448,0.563402
25349.3,0.0893854,0.582053
17634.3,0.111837,0.582198
7900,0.127973,0.586456
29178.3,0.0885336,0.582784
12288.3,0.110696,0.624142
12396.7,0.124005,0.604948
15732.7,0.108024,0.585173
18833.7,0.0964239,0.585299
26149,0.102293,0.59704
21714.7,0.102737,0.57861
10625,0.139612,0.5872
6368.67,0.121218,0.566419
16783,0.108624,0.583507
7171.33,0.136361,0.60277
10984.3,0.116976,0.568234
6985.67,0.135659,0.584817
6709.67,0.149534,0.597695
25109.3,0.100387,0.54349
8941.33,0.117635,0.553236
28342.7,0.0993382,0.589229
5484.33,0.150791,0.633927
9266,0.12923,0.636521
9609.67,0.13652,0.616289
17534,0.106919,0.624501
26655.3,0.110711,0.60043
6212,0.170132,0.597553
23967.3,0.112863,0.565255
19450,0.109444,0.604473
5678.33,0.141406,0.614734
19173.7,0.0905406,0.590306
18138.3,0.115576,0.605495
29447.3,0.109348,0.588497
6877.33,0.128698,0.579391
10517.3,0.11571,0.584432
26129,0.100078,0.557503
27097.7,0.0960125,0.622206
27580,0.0982363,0.571537
18564.3,0.112843,0.587453
8656,0.0921448,0.549677
16052,0.107082,0.587341
11279.3,0.122939,0.602045
9947.33,0.119122,0.569164
16352,0.11748,0.566903
9947.67,0.101442,0.593439
6850.33,0.137445,0.600944
8673.33,0.103679,0.560184
8380.33,0.111192,0.67368
4782,0.164907,0.563781
19333,0.10103,0.593648
14852.7,0.108212,0.602069
10255.7,0.129207,0.606331
8227.67,0.122852,0.576753
8871,0.122247,0.5527
5702,0.164781,0.596457
26283,0.0916439,0.572157
12589,0.118611,0.584002
6418.67,0.127465,0.622455
9410.33,0.13583,0.626085
14753.3,0.117234,0.573136
26486.3,0.108477,0.583496
10608,0.113368,0.593609
9637.33,0.112954,0.591208
11552.7,0.116796,0.598073
9133.67,0.132821,0.585125
14608.3,0.112045,0.60607
6368.67,0.157325,0.573485
10917.3,0.132906,0.594162
13813.3,0.111019,0.612645
8652.67,0.106873,0.575468
4415.33,0.192839,0.647667
15159.7,0.0994149,0.602344
12453,0.111016,0.571188
6169.67,0.141035,0.555676
12839.3,0.117719,0.575238
19468,0.10294,0.606123
11106.7,0.0997299,0.591657
8971,0.123934,0.604503
8442.33,0.130704,0.577763
12726,0.10704,0.581801
14543.7,0.103942,0.586808
9783.33,0.138548,0.601499
8095.67,0.120593,0.597521
13071.7,0.116431,0.617544
7266,0.134676,0.633774
14668,0.109302,0.606763
15860.3,0.110304,0.580547
23532.7,0.0961405,0.574662
8992.67,0.146892,0.589962
16152.3,0.110786,0.571104
12726.3,0.114649,0.599282
8562,0.11124,0.586195
18854.3,0.0981134,0.579796
8510.67,0.124144,0.570382
6355.33,0.154403,0.622889
8265.33,0.127519,0.586627
6002.33,0.155277,0.586716
26626.7,0.0952078,0.583037
12622.3,0.105698,0.587662
25844,0.093877,0.57228
28000,0.103039,0.575607
18160.7,0.116307,0.606108
6980,0.135672,0.58467
6807.33,0.152191,0.631623
16149.7,0.124768,0.582509
7228.67,0.144741,0.616204
6136.33,0.154075,0.602749
26401.7,0.104449,0.572439
14051.7,0.0944329,0.538465
17141,0.121919,0.582171
14002.3,0.114965,0.584664
14731.7,0.122444,0.5876
19183.7,0.115547,0.571024
17292.7,0.105775,0.579513
13242.3,0.115903,0.603494
6918,0.137769,0.588465
18761.3,0.10353,0.57782
13633.7,0.0941337,0.558935
16486.3,0.107751,0.577852
14415.7,0.123933,0.587995
17247.3,0.121719,0.564532
6563.67,0.151776,0.609619
26879.7,0.0947469,0.565756
8884,0.128684,0.606146
17237,0.113662,0.599176
24986.3,0.111775,0.574701
9250.33,0.116547,0.559295
11262.3,0.113641,0.576849
16421.7,0.121598,0.579499
9841,0.137848,0.613759
9578,0.111092,0.602422
28112.3,0.0915955,0.59133
9942,0.111541,0.630557
25395,0.0869914,0.599134
21881,0.104993,0.585668
18075.3,0.10394,0.570649
13550.7,0.132246,0.608039
11438,0.129169,0.576674
5389,0.153937,0.583596
8815.33,0.119934,0.611283
24640.7,0.100035,0.574633
27313.3,0.0874894,0.587576
5040.67,0.140566,0.547811
8601.67,0.137406,0.651773
12454.7,0.125242,0.612729
14202,0.0923318,0.598507
15885,0.106142,0.59062
8003.33,0.123684,0.558226
22509.7,0.108281,0.580521
12397.3,0.101122,0.576468
10436.7,0.111544,0.612201
17763.7,0.09239,0.577208
18242,0.0985224,0.599934
16710.3,0.107272,0.595959
6798.33,0.153865,0.632312
6068,0.160272,0.577126
7041.67,0.122033,0.56497
10767.7,0.124596,0.603411
18244.3,0.101143,0.568213
26740,0.0907182,0.567203
12809.7,0.103683,0.589737
20185,0.0897432,0.604905
13353.7,0.0959923,0.610943
20933.7,0.105838,0.589879
14196.3,0.105412,0.599216
25383,0.114296,0.605208
16781,0.109259,0.595852
17084,0.113817,0.593538
19061,0.0989607,0.570851
4708.67,0.169237,0.564349
17268.7,0.119037,0.601398
26362,0.103715,0.580002
28137.7,0.123806,0.578525
18302,0.0992798,0.570156
19256.7,0.104337,0.612221
16841,0.104861,0.587792
26984.3,0.0976523,0.605561
6712.67,0.130828,0.601599
7610,0.146737,0.60092
26925,0.110768,0.587149
12563.7,0.121116,0.599772
14219,0.106594,0.590478
26927.7,0.0962105,0.598282
5425,0.159566,0.608664
12386,0.120005,0.57242
19449.7,0.107677,0.587482
25316.7,0.117209,0.574931
19161,0.107596,0.604666
7937.67,0.120907,0.586738
27294.3,0.121797,0.600259
16682.3,0.125041,0.614462
9266.67,0.146865,0.588489
16608.3,0.108955,0.581977
15422,0.104263,0.573013
28828,0.109831,0.597058
9830.67,0.123166,0.569476
7331,0.152842,0.62147
8375,0.139041,0.592836
11713,0.127485,0.597883
13981,0.0829567,0.603748
26832.3,0.111816,0.597513
18316.7,0.121428,0.576433
13976.3,0.0987437,0.566505
11627.3,0.131513,0.602861
15845.3,0.117327,0.569737
18974.3,0.0967562,0.616658
17028.3,0.107693,0.613722
9867.67,0.14418,0.599264
13202,0.126602,0.583245
8436,0.126322,0.597914
7338,0.136852,0.584083
15003.3,0.119579,0.608576
6732.67,0.129361,0.54649
15481,0.107931,0.588076
9391.67,0.127143,0.585129
12470.3,0.118005,0.563872
14681,0.121206,0.571691
25932,0.101451,0.577433
8065.67,0.114416,0.612018
15555,0.126027,0.617293
15439.3,0.118514,0.594888
6602.33,0.144585,0.606705
15481,0.110517,0.603772
4624.67,0.198338,0.600332
8624.67,0.123851,0.589279
13661,0.115658,0.625723
16069.7,0.104413,0.581551
17627,0.109044,0.605038
5790,0.145058,0.567012
10603.7,0.118703,0.567854
13434,0.12858,0.617463
10110,0.114792,0.601187
14286.3,0.111354,0.60454
18730,0.100698,0.599573
18520,0.119341,0.631371
12193.3,0.123297,0.591771
10628,0.140124,0.605476
11004,0.123629,0.605871
17414.3,0.0972852,0.591046
9229,0.122199,0.577202
18620.3,0.0993563,0.595084
19139.3,0.105673,0.585949
5742.33,0.127963,0.564695
15973.7,0.106068,0.609086
6671.33,0.136675,0.584241
5550.67,0.130942,0.619265
15644.7,0.102646,0.567563
10986.7,0.104111,0.5821
12360.3,0.132432,0.565815
14515,0.119453,0.553841
11629.7,0.10584,0.583794
14748.3,0.121271,0.611911
27334.7,0.110102,0.594715
15905.7,0.110275,0.570132
11526.3,0.134787,0.595824
23842.3,0.0835737,0.595985
23664.3,0.0993505,0.601609
7132.67,0.129156,0.607954
18646.3,0.103578,0.592485
16230.7,0.115874,0.551446
19854.7,0.104318,0.580233
8575.67,0.111471,0.562211
15507.7,0.118006,0.57032
11415.3,0.12482,0.632979
6552,0.142162,0.614469
9465,0.118149,0.570312
8876,0.124221,0.624268
10687,0.112417,0.605502
17496,0.119361,0.579104
6450.67,0.143896,0.551778
8411.67,0.126232,0.605152
13782.7,0.111289,0.594974
18148,0.103823,0.602766
18071,0.102063,0.583974
16929.3,0.0939231,0.591439
12103,0.118098,0.610345
10065,0.148299,0.570691
18569.7,0.117687,0.566641
9003,0.111232,0.604465
5198.33,0.130876,0.569734
18725,0.0888817,0.592203
12397,0.109513,0.558119
10302.7,0.137147,0.605992
11705.7,0.118607,0.619643
8997.33,0.141701,0.620925
9850,0.123017,0.615635
17601.3,0.111968,0.603344
14679.7,0.0978126,0.611685
19124.3,0.116279,0.610618
13484,0.127032,0.609982
8190.67,0.181705,0.608416
4860.67,0.209577,0.545056
11894.3,0.101958,0.605134
13848,0.0949225,0.5803
10854.7,0.125191,0.574162
13577,0.120889,0.590558
9828.67,0.120765,0.599912
18309.7,0.0983259,0.58288
12542.3,0.131499,0.614851
19209,0.109668,0.592222
9312.33,0.104001,0.589827
15919.7,0.1142,0.612408
7127,0.171617,0.592255
11855.7,0.108432,0.604296
11377.7,0.122196,0.5744
21395,0.0913464,0.591166
18821.7,0.10014,0.592686
7323.67,0.134956,0.563151
9466.33,0.119656,0.567344
8243,0.110807,0.577824
26482.3,0.0959216,0.582262
7204.33,0.113583,0.542405
7145.67,0.155713,0.581518
12309.7,0.13081,0.569661
11190.3,0.114621,0.607369
6015.33,0.139392,0.550205
16475.7,0.0983963,0.584761
17899.3,0.100495,0.618273
8194.67,0.129744,0.583347
13719.3,0.11744,0.573546
11892,0.120025,0.579297
28107,0.092372,0.597004
13375,0.121171,0.581308
20665,0.090422,0.598451
7263.67,0.12955,0.592033
11515.7,0.124058,0.59105
8479,0.139494,0.611747
10263,0.124644,0.607522
5481.67,0.177102,0.648951
5996.33,0.195762,0.598644
14453.7,0.109402,0.565969
12873,0.095014,0.573448
10933.7,0.109974,0.585927
14645.7,0.113691,0.611808
26764.3,0.0992973,0.573587
6421.67,0.12578,0.612821
9954.67,0.123945,0.575342
13852,0.121764,0.570964
12106.7,0.101904,0.582186
18659.3,0.098099,0.606756
9533.67,0.119904,0.605049
24493.7,0.109289,0.597923
19833,0.116571,0.603136
9409.33,0.157214,0.591717
8068.33,0.169594,0.624747
8290.67,0.158531,0.584674
6901.67,0.146835,0.612219
13086.3,0.111672,0.595558
11136,0.131359,0.569235
13625,0.136306,0.608147
16322.7,0.107253,0.564205
7956.67,0.151935,0.567993
12161.7,0.125921,0.60603
8505.33,0.15905,0.588533
10987.3,0.144172,0.567714
27307,0.117658,0.579522
18553,0.108396,0.589662
8519.67,0.164794,0.569545
9188.33,0.139259,0.609541
26973.3,0.0997111,0.596095
17434.3,0.133421,0.607059
12457.7,0.120396,0.630161
13679,0.120346,0.558009
27884.3,0.11257,0.579381
13263,0.115656,0.582975
19409.7,0.102555,0.602088
15261.7,0.105453,0.580037
17534.3,0.0998989,0.560824
11840,0.114764,0.570017
12025.7,0.11106,0.611719
17667.7,0.106251,0.587137
6912.33,0.160241,0.591358
24932,0.0960724,0.563854
10042.3,0.12318,0.59674
10466.3,0.133346,0.594446
10492,0.143857,0.59979
4469.67,0.181002,0.568126
10534.7,0.114093,0.639539
15782,0.110461,0.585604
12615.3,0.120351,0.585452
20144,0.105155,0.594966
7983.67,0.141317,0.544403
16477.3,0.132995,0.581081
25955.3,0.103862,0.576824
24215.3,0.103058,0.599235
27487,0.0996208,0.591152
14871.3,0.129314,0.554064
13387.7,0.138467,0.620745
8588.33,0.142041,0.60066
8416,0.135166,0.593512
13424.3,0.135291,0.576391
17999.7,0.126075,0.585418
19333.3,0.106551,0.610224
19571,0.113617,0.605794
10345.3,0.144299,0.562637
15669.7,0.119035,0.593652
26493,0.0982026,0.580644
6401.33,0.212555,0.630754
17794.7,0.111206,0.599524
26149,0.113995,0.595587
16914.3,0.107195,0.577597
13034.3,0.143295,0.613661
9846.33,0.123308,0.580995
10061.7,0.116719,0.58264
26902,0.0932441,0.59713
16926.3,0.115595,0.57512
8764,0.0932812,0.586604
5901.67,0.12469,0.563457
17015.3,0.0963513,0.56741
15436,0.0952467,0.57191
14024,0.124296,0.563035
8478.67,0.142365,0.612046
13787.7,0.0953872,0.579963
6436.67,0.149757,0.569757
12517.3,0.119694,0.613203
27850,0.129542,0.577522
9407,0.132616,0.579356
7152.33,0.147823,0.588433
6682,0.116726,0.568542
15461.7,0.0974763,0.583594
10178.7,0.148886,0.572898
16709,0.112853,0.579089
10514.7,0.146017,0.581125
8806,0.118155,0.557461
9748.33,0.134264,0.618636
7060.67,0.142508,0.582145
20184.7,0.103765,0.605773
7371.33,0.165888,0.597269
18775.7,0.103306,0.578053
14842.7,0.130482,0.583273
21791.3,0.111691,0.609677
13928.3,0.115055,0.564006
13567,0.136665,0.573082
18395,0.110964,0.60299
9694.67,0.137355,0.561065
26423,0.105483,0.580328
13737.3,0.115082,0.591575
18872,0.108194,0.60248
11987.3,0.145305,0.589344
15277.3,0.109358,0.622207
19752.7,0.110039,0.594519
10133.7,0.149635,0.56587
26346,0.102946,0.570789
16589.3,0.108044,0.57324
15745.3,0.101766,0.543568
7843,0.149772,0.601173
28199,0.106098,0.592078
15801.3,0.117646,0.559995
20404,0.11253,0.585767
7292.33,0.157911,0.550807
16453.7,0.110452,0.566399
14020.7,0.105527,0.596286
7639.33,0.137707,0.572389
11767.7,0.14026,0.587146
28064.7,0.102551,0.579281
7890.67,0.139346,0.581742
24390.7,0.101605,0.580236
23936,0.105571,0.590408
11114.7,0.139128,0.588892
8242.33,0.166899,0.610709
6054.67,0.198659,0.641544
5523.67,0.19326,0.570153
11596.7,0.151376,0.626502
9017.33,0.15297,0.614668
6309.33,0.180457,0.569104
24389.7,0.105664,0.578291
7367,0.157122,0.582327
24799.3,0.108171,0.577059
23448.7,0.0990222,0.572797
9687,0.1394,0.597708
19246.3,0.112348,0.594382
11800.3,0.135702,0.594531
19351.7,0.0984099,0.609267
12819.7,0.127419,0.588575
13772,0.116392,0.57871
11441.3,0.116098,0.615022
13146,0.110855,0.599118
7834,0.16513,0.590631
11354.3,0.13169,0.580454
14656.3,0.126624,0.613978
9160.33,0.156645,0.612714
10907.7,0.138769,0.589708
9881.67,0.140599,0.60904
21988.3,0.107269,0.595255
15774.3,0.128593,0.579084
16883,0.121073,0.590002
16972.7,0.149632,0.581661
17660.7,0.12744,0.576781
17737,0.118623,0.617128
14490.3,0.14022,0.574498
14625,0.126595,0.611487
15460.3,0.121796,0.577521
24329.3,0.0990281,0.594043
16861.3,0.103214,0.576328
13984.3,0.114732,0.58463
8334,0.13983,0.593233
11263,0.119725,0.601261
15447.7,0.109703,0.574801
11188.7,0.129621,0.593666
12143.7,0.111594,0.574483
11027.3,0.119957,0.582522
8661.67,0.137115,0.600616
15534.3,0.12889,0.585585
11802,0.131664,0.587951
15055,0.117727,0.599336
11661.3,0.113074,0.552481
8258,0.121939,0.60511
8754.33,0.125906,0.642044
12141.7,0.123288,0.560412
15064.3,0.109783,0.618326
17308,0.11935,0.590363
5743,0.162045,0.593244
23068.7,0.10079,0.589299
9310.33,0.1237,0.590813
10656,0.10588,0.609234
20920,0.0979316,0.560707
15307,0.101363,0.605409
10731,0.138571,0.571988
6483.67,0.171707,0.593851
25580,0.0895293,0.612549
24986,0.107703,0.611022
10097.3,0.129795,0.587548
27370.7,0.114308,0.5947
6407,0.156554,0.547682
13351,0.120441,0.576586
14488.3,0.129798,0.59059
26093.3,0.104129,0.595657
12398.7,0.118395,0.559361
18289.3,0.100363,0.56091
5081,0.203935,0.660303
8761.67,0.144469,0.625262
17768.7,0.116056,0.576764
26927,0.105751,0.600364
8734.33,0.16106,0.60745
16096.7,0.108345,0.577904
9960.33,0.153081,0.599344
17145,0.12143,0.598484
27458.3,0.095922,0.605851
7284.67,0.14197,0.550517
6031,0.193436,0.607694
12965.7,0.13314,0.644806
14948,0.118661,0.624565
12528.7,0.115314,0.609349
15280.3,0.115702,0.601405
6859.33,0.127724,0.61765
14733.7,0.0772275,0.588878
18271.3,0.0972341,0.562831
14681.7,0.0931056,0.576252
8235.33,0.130563,0.608435
25407.7,0.102684,0.566496
6447.67,0.156844,0.58507
21178.7,0.109624,0.593821
9656,0.102122,0.665804
26496,0.0959957,0.589146
16281,0.0922175,0.600209
7396.67,0.132053,0.600045
10153,0.118259,0.643455
7227.67,0.145613,0.60024
6990.33,0.119241,0.573602
12766.3,0.116672,0.613384
9452,0.123553,0.565912
26471.7,0.113655,0.592495
18621.3,0.117123,0.590541
6357.33,0.129899,0.605862
7392.33,0.142524,0.6045
17402.3,0.0983932,0.583983
7969,0.110232,0.577237
6321.33,0.165536,0.600295
26067.3,0.10186,0.596289
26645.3,0.103888,0.599755
24621.7,0.104438,0.559115
7093.67,0.182156,0.585217
16995.3,0.10858,0.588554
9156,0.144811,0.566295
9886,0.141426,0.611066
17025.7,0.117811,0.578088
9712,0.152118,0.6354
11091,0.136247,0.576864
10301,0.13474,0.598194
10974.7,0.133813,0.593124
24957,0.100178,0.571864
27850.3,0.103486,0.578868
9622.67,0.129285,0.585839
13504,0.141176,0.583827
8713,0.169489,0.620797
27555.3,0.11389,0.566738
27180,0.101366,0.561553
14526.3,0.110444,0.559375
19391.7,0.108919,0.605896
10639,0.128975,0.612652
8762.67,0.118327,0.589585
7722.33,0.147574,0.557431
8873,0.173515,0.663135
10890.3,0.139833,0.59334
17742.3,0.119162,0.579555
12264.7,0.114386,0.599391
27274.7,0.102681,0.5965
27365.7,0.0973507,0.610156
18162,0.100516,0.574882
26507.7,0.111306,0.566188
8631.33,0.128534,0.602186
15529.3,0.116479,0.597235
19009,0.112398,0.579515
7764.67,0.1199,0.584485
20091.3,0.0957185,0.592727
7531,0.135244,0.623689
18141.3,0.117443,0.577227
19635.3,0.111384,0.5658
7294.33,0.138428,0.592606
6804.67,0.1387,0.635348
8799.33,0.108312,0.601144
16625.3,0.10874,0.58854
18430,0.115864,0.595876
15742,0.111195,0.566573
11876,0.117171,0.560205
24402.7,0.10458,0.548232
13429.7,0.134699,0.616496
16062.3,0.0999163,0.568141
13426.3,0.12959,0.567293
22337.3,0.108797,0.552065
17312.7,0.12255,0.554296
27604,0.114411,0.582416
10114,0.127363,0.632885
25442.3,0.115942,0.584682
5516.33,0.207963,0.618648
16584.7,0.104013,0.612514
20069.3,0.106713,0.585603
13297.3,0.111746,0.610624
10988,0.125826,0.57672
16280.3,0.102537,0.554575
23447.3,0.103202,0.577152
18857.3,0.119476,0.619211
13612,0.121384,0.615854
9616.33,0.143951,0.635343
13640.7,0.119413,0.580275
4894.67,0.216407,0.663035
26971,0.105801,0.578288
4221.67,0.218669,0.560284
17685,0.106492,0.594911
27830.3,0.109363,0.58223
14373.7,0.119864,0.629021
25727.3,0.0899774,0.585512
16274,0.116478,0.60397
27316,0.105817,0.592546
11086.7,0.138725,0.636921
5768.67,0.177468,0.563793
13786.3,0.114232,0.575618
19558.7,0.104291,0.600518
28105.7,0.127484,0.592063
19142.3,0.101841,0.616574
26580.3,0.102527,0.588016
7998,0.181718,0.606902
12744.7,0.114678,0.593765
17423.7,0.119087,0.581527
27339,0.0920488,0.582355
10306,0.117622,0.585484
15112.3,0.122722,0.606502
26784.3,0.119899,0.602728
6253.33,0.148245,0.581876
16515,0.10323,0.599152
8270.33,0.131808,0.581557
7030.67,0.154079,0.636545
8839.67,0.123047,0.575738
9900,0.117781,0.575859
15526,0.118572,0.59951
8012,0.140101,0.569396
18475.7,0.113777,0.592689
11927,0.129552,0.569883
19306.3,0.100206,0.590204
23447,0.0981028,0.574103
11835,0.100964,0.598479
15980.3,0.118256,0.593834
11233,0.115417,0.573934
8741.33,0.151958,0.603417
15619.3,0.119914,0.570682
8724.33,0.139681,0.580178
6024.33,0.185355,0.579926
8589.67,0.158325,0.594358
25809.7,0.11639,0.573015
9667,0.138447,0.557257
14806.3,0.115605,0.609446
6059.33,0.144913,0.579547
15803.3,0.114675,0.571314
15528,0.122183,0.628993
10687.7,0.0987592,0.573589
17841,0.107834,0.601872
20855.3,0.110276,0.598104
15605,0.141158,0.595963
6178.67,0.184104,0.641616
20962.3,0.108312,0.589279
16032.3,0.111529,0.572135
18514.7,0.113074,0.582313
14390,0.122654,0.562126
8696,0.152712,0.612121
10553.7,0.139937,0.586937
12679.7,0.143715,0.594837
6834.67,0.138299,0.562037
21771.3,0.120759,0.568944
14709,0.114496,0.564416
9908.67,0.131254,0.576095
7290.33,0.133558,0.601573
14319,0.116355,0.575459
19070.7,0.10433,0.591712
13077.3,0.111979,0.588244
12944.3,0.130317,0.594752
9172,0.138656,0.581989
12379.3,0.108928,0.577306
25060.7,0.0916716,0.597005
9856.67,0.127435,0.600744
14463.7,0.109063,0.582517
11513.3,0.111027,0.605877
18158.7,0.122902,0.569498
27864.3,0.117666,0.580515
7868.33,0.139071,0.570218
12747.7,0.110962,0.598567
9406,0.119621,0.58165
17548.7,0.110598,0.576986
15992,0.109927,0.582041
8728.33,0.110973,0.586672
8754,0.114969,0.646447
15708.3,0.123874,0.577188
9609,0.107471,0.616713
28096.3,0.0834212,0.592699
14081,0.113698,0.577303
10025,0.104919,0.569277
6489.67,0.131509,0.595922
18466.3,0.113257,0.574162
5749.33,0.125764,0.563486
28259,0.0854724,0.617785
17281,0.105085,0.572305
26538.3,0.102371,0.591245
8404,0.138573,0.628391
11361.7,0.10571,0.622825
8358.67,0.135756,0.642846
9007.33,0.124088,0.600585
26528.3,0.100788,0.583288
16246.3,0.115814,0.575125
15340.7,0.115605,0.574834
6196.33,0.122999,0.612244
17219.3,0.104761,0.58415
8411.33,0.133613,0.631727
18963,0.119656,0.575964
19056,0.0912301,0.600651
15409,0.118581,0.588877
18547.7,0.111722,0.595618
13538,0.130256,0.578298
8754,0.147436,0.591158
5393.67,0.165541,0.58167
7045.33,0.138617,0.542865
5950.33,0.167852,0.61117
10714.7,0.119624,0.609943
26462.3,0.101035,0.580019
8889.33,0.131123,0.627681
13584.7,0.127459,0.605266
27978.7,0.10399,0.575129
4415.33,0.190939,0.645402
13718.7,0.110714,0.574789
18545,0.0960384,0.551308
12347,0.129133,0.576091
7926,0.127703,0.575322
14319.7,0.112088,0.581182
12689.7,0.119483,0.59555
14639.3,0.124344,0.586069
14950,0.113573,0.611304
13349.7,0.126017,0.561912
17550.7,0.0937786,0.579484
11012.3,0.119273,0.56579
7577.67,0.14704,0.557867
20400,0.101406,0.615098
15334.3,0.120729,0.579788
9091.67,0.12977,0.616315
8613,0.132552,0.610124
17347.3,0.0886483,0.57298
6987.67,0.150589,0.591948
16235.7,0.119242,0.613177
13451,0.106482,0.602483
19593.7,0.104755,0.58097
9918,0.134595,0.583686
13251,0.12019,0.597766
12168.7,0.114371,0.571495
6437.67,0.118915,0.556775
8109.67,0.129902,0.632373
14706,0.113963,0.600707
12296.3,0.111712,0.564369
12596.7,0.0983937,0.601138
7574,0.105416,0.548851
4932.33,0.165499,0.595796
7537.33,0.124245,0.556253
12245.7,0.114053,0.588644
15065,0.107432,0.624693
8844.33,0.129235,0.606113
7796.33,0.132925,0.5987
8463.67,0.0957227,0.556181
6318.67,0.129838,0.634522
9711.67,0.106127,0.612597
19476.7,0.093108,0.596885
8535,0.12477,0.560867
5527.33,0.169637,0.62013
22545.3,0.0927687,0.570303
18664,0.0940306,0.588941
8085.33,0.112548,0.58064
5133,0.164873,0.624781
23427.7,0.0961296,0.596104
15070.7,0.121909,0.574117
6387,0.129117,0.607327
26158,0.097146,0.563766
7834.33,0.117578,0.584947
10395.3,0.103728,0.577631
11431.3,0.123316,0.576894
25468,0.0963874,0.566358
7689,0.133029,0.55924
18437,0.0906463,0.580897
12889,0.109117,0.583831
8713.67,0.122682,0.599441
8023,0.126402,0.587561
20205,0.111085,0.618312
25389,0.105524,0.579779
9020.33,0.125041,0.573556
16361.3,0.103281,0.597303
13019.3,0.0891598,0.578652
28735,0.102186,0.60254
13139,0.093087,0.63361
11309,0.100288,0.554514
15184,0.0987294,0.597076
13626.3,0.111484,0.607696
5034.67,0.153079,0.594147
8339.33,0.123347,0.58274
7114.67,0.149509,0.623126
7594,0.120274,0.563208
15128.3,0.111744,0.586163
17256,0.110422,0.612946
14254,0.0993872,0.612039
7784.67,0.114018,0.594288
26863.3,0.111182,0.596861
18762.7,0.111187,0.571259
8527.67,0.126949,0.607239
16120.3,0.106704,0.595625
8258.33,0.119284,0.577679
20433.7,0.105382,0.588751
25513,0.105765,0.584722
25368.7,0.104021,0.580651
12871,0.142116,0.593816
13629.3,0.118973,0.568822
9897.67,0.152249,0.58987
27743.3,0.100662,0.577244
8370,0.116385,0.543011
16903.3,0.111367,0.608381
17924,0.115381,0.616827
15178,0.102694,0.572144
13086.7,0.112961,0.562583
9997.33,0.121258,0.57352
19735.3,0.100869,0.583404
6451.67,0.147934,0.621441
5837.67,0.157522,0.54805
4426,0.168744,0.619521
11806.3,0.111279,0.599735
8046.67,0.108665,0.559403
20450,0.102172,0.606455
18650.7,0.0854989,0.593133
6118.33,0.135919,0.577881
11294.3,0.109117,0.579819
11108,0.101464,0.604429
26563.3,0.104635,0.582106
16344.3,0.116652,0.572349
9141.33,0.138609,0.630616
9800,0.12556,0.566735
25630.3,0.0891448,0.58449
13763.3,0.0931361,0.598813
8452.67,0.110524,0.618069
7100,0.123886,0.598873
4486.33,0.163635,0.600416
26195,0.0960845,0.587211
27399.3,0.105408,0.606937
9975.33,0.114292,0.580298
4779.67,0.164218,0.596764
14352.3,0.105595,0.604966
25816.3,0.0964988,0.577838
8371.33,0.121167,0.600342
16287.3,0.102342,0.589947
19066.7,0.0903583,0.614598
9681,0.119638,0.583204
21256.3,0.0912851,0.591008
21160,0.106255,0.580435
12005.7,0.0920441,0.567676
7323.67,0.147858,0.613946
12346,0.0979766,0.581322
11627.7,0.11599,0.582433
13772.7,0.125055,0.602159
8180.67,0.11038,0.557575
26075.3,0.10359,0.57137
17736.7,0.105042,0.602951
7490,0.133285,0.573298
26299,0.103216,0.608959
12914.7,0.110036,0.583394
10470.3,0.107156,0.586769
7004.67,0.128423,0.618492
11935.3,0.10771,0.613947
18124.3,0.107831,0.581355
13159.7,0.0987334,0.56159
19541.7,0.109555,0.580725
10787.7,0.0928217,0.613602
17152.3,0.105646,0.583108
12992.3,0.119484,0.559073
25010,0.101339,0.601639
15791.3,0.112866,0.568265
26722.7,0.109375,0.596959
20155.3,0.10583,0.571842
25962,0.0947995,0.571874
5670.33,0.145361,0.603257
18096.3,0.093326,0.559708
6398.67,0.161849,0.594395
11619,0.117442,0.564334
9568.67,0.120052,0.579426
15219.3,0.11419,0.576744
15126,0.0982234,0.586209
14754,0.106809,0.582486
11833.7,0.106856,0.582265
23116.7,0.112051,0.566705
11226.7,0.120189,0.577494
16425.7,0.110944,0.588307
5676.33,0.165857,0.571965
19517.7,0.110368,0.567657
7896,0.148614,0.597898
11924.3,0.134842,0.631873
9091.67,0.125821,0.611916
12056,0.111245,0.614217
25945.7,0.0899333,0.572324
18133,0.121642,0.580489
15573,0.105987,0.586913
27130.7,0.103839,0.603794
13533.7,0.110389,0.590921
16532.7,0.10827,0.593391
14115,0.126067,0.620829
11556,0.107598,0.586622
6752.33,0.159067,0.639433
6399.33,0.160158,0.573445
10645.3,0.130519,0.601547
17423.3,0.100057,0.57312
25173.3,0.100161,0.594584
29670,0.111339,0.590698
15419,0.103676,0.578702
8716.33,0.127461,0.589889
26661.7,0.111791,0.583959
12839.3,0.112287,0.574303
14549.3,0.124175,0.582478
18520,0.116974,0.581425
5643.67,0.172431,0.540488
13460.3,0.105316,0.618088
7535,0.120276,0.532316
11951.7,0.138781,0.621113
8278.67,0.131199,0.571509
11336.3,0.115156,0.60828
13177.7,0.104945,0.576227
17256,0.104876,0.597705
13183,0.0994167,0.640446
17098,0.118803,0.586618
26818.3,0.0974807,0.597564
11666.7,0.110894,0.610314
18472.3,0.0980412,0.591678
8538.67,0.102892,0.558557
6723.67,0.147323,0.595261
8248.33,0.135353,0.535462
8120.67,0.146977,0.587431
11926,0.132279,0.606406
15794.7,0.121939,0.580597
19506,0.112227,0.584794
16449.3,0.111306,0.599092
13992.7,0.12359,0.602911
18219.7,0.110248,0.563475
9043.67,0.115049,0.624562
21163.3,0.100414,0.582359
6886,0.161791,0.628086
5908.67,0.164387,0.624563
8093,0.158581,0.585197
10859.3,0.128656,0.55295
9248,0.122426,0.579585
5543.67,0.180068,0.566833
9930.67,0.13668,0.590024
16856.7,0.103054,0.582223
7711,0.13134,0.605369
18974.3,0.0957903,0.578132
12012.3,0.117464,0.574965
5744,0.172045,0.637535
19256.3,0.09803,0.578598
7761.67,0.154839,0.570024
10887,0.112881,0.582713
18674.7,0.113494,0.59039
5079.67,0.183318,0.60798
4290,0.178455,0.625408
16202.7,0.108525,0.564681
18894,0.102465,0.591722
7910.67,0.138279,0.620723
14799,0.120851,0.593486
14885.7,0.115178,0.590187
17313,0.112394,0.599781
15543.7,0.116541,0.605927
19273.3,0.0955051,0.596766
15702.7,0.0887052,0.573745
11838.7,0.119003,0.602039
8263.67,0.125233,0.604373
20885.3,0.106422,0.598442
7405.67,0.129707,0.604312
9759.33,0.127663,0.581153
15054.7,0.117651,0.608737
8658,0.128678,0.572072
15290.3,0.11326,0.554446
14180,0.109977,0.577715
15935.3,0.109241,0.577312
16658.7,0.125405,0.587222
9261,0.110085,0.605874
5738.33,0.145825,0.584955
7471.67,0.13375,0.588936
10476,0.111191,0.609679
10047.3,0.116216,0.602813
10417.3,0.10381,0.579675
3912,0.194277,0.578988
16594.3,0.10736,0.579696
11290.3,0.110696,0.591096
6742,0.125874,0.529071
6761,0.127667,0.572844
20551.7,0.100942,0.59734
8322.33,0.118643,0.637281
6667.33,0.13307,0.59794
26132.3,0.104242,0.588568
18242,0.0983376,0.58601
17646.7,0.106801,0.582168
7397.67,0.156775,0.610237
21090.3,0.118865,0.574702
14036.3,0.128494,0.572633
13249,0.114297,0.584874
17822.3,0.106133,0.587222
20604,0.115124,0.576199
22318.3,0.106751,0.577313
9804,0.126625,0.560792
37097.3,0.103438,0.590653
14269,0.135381,0.595276
10201.3,0.157126,0.610574
6198,0.220799,0.589868
6991,0.153908,0.658132
11250.7,0.116694,0.581062
10249.3,0.166636,0.580103
56613,0.0987407,0.584124
6548.67,0.195782,0.584139
9249.67,0.166226,0.5673
77504.3,0.0999944,0.578234
26006,0.0855666,0.579059
17538,0.124798,0.596362
19754,0.126205,0.602562
21590.3,0.108636,0.594
41033.3,0.110616,0.595118
16220.3,0.139055,0.582397
22482.7,0.124389,0.613376
4199.33,0.184488,0.54215
26604.7,0.120364,0.584722
16880.3,0.121126,0.565194
34110.7,0.115831,0.591467
25273.7,0.109731,0.557985
9957.33,0.116971,0.584661
8195.67,0.143191,0.614756
14940.7,0.123618,0.616862
8231.33,0.142326,0.592938
16091,0.115178,0.599217
8943.33,0.124061,0.594819
14541,0.126695,0.573963
11052,0.140409,0.609392
5269.33,0.181216,0.608173
19393,0.120138,0.609653
8366.67,0.13827,0.649761
13882.7,0.118543,0.590545
10860,0.138931,0.578177
7483.33,0.178273,0.596347
9890.33,0.178119,0.616932
15725.7,0.114041,0.598279
22013.3,0.110137,0.605618
6699,0.125889,0.555307
9895.33,0.171311,0.593377
9352.67,0.153355,0.570996
10857.7,0.130797,0.590857
27377.7,0.120007,0.580047
7330,0.179011,0.57708
9171.67,0.170024,0.614974
15552.3,0.128344,0.618342
9166.67,0.167357,0.609091
78932.7,0.101082,0.588189
6930.33,0.17582,0.567457
24173,0.121555,0.562197
11729.3,0.143551,0.578265
8706.33,0.172733,0.554156
9173.67,0.182363,0.640565
20129.3,0.0872331,0.594638
57626,0.102491,0.591643
18414.7,0.124297,0.562287
16709.7,0.122866,0.606675
21125,0.125806,0.588828
15853,0.159692,0.581656
42726,0.103647,0.578126
11692,0.122043,0.550633
14726.7,0.110627,0.599819
16768.3,0.110753,0.595686
70437.3,0.100172,0.582669
53789,0.0996484,0.604417
8759.67,0.185196,0.593896
12426.7,0.139003,0.577173
15889.3,0.101704,0.607242
11884,0.13624,0.578172
18860.7,0.106889,0.603655
31562,0.103118,0.583201
25619.7,0.116245,0.595649
5672.33,0.146095,0.632838
30633.3,0.104887,0.558825
11610,0.105698,0.614815
10050,0.125729,0.641393
20190.3,0.0995396,0.606809
11555.7,0.122727,0.580956
9601,0.121069,0.612853
33919.3,0.108221,0.602243
16807.7,0.109886,0.589453
13777.3,0.102065,0.563583
14718.7,0.122378,0.577385
13697,0.106013,0.601519
5835.67,0.13831,0.610613
8694.67,0.135688,0.63261
9634.33,0.109796,0.574992
19662.7,0.124422,0.604411
10376.7,0.117648,0.603501
9785,0.135624,0.610015
35737,0.109923,0.586479
13258.7,0.115346,0.582135
22743.3,0.089983,0.589829
7085,0.144147,0.602964
9414.67,0.113654,0.576795
10391,0.110084,0.57213
12988.7,0.110379,0.588385
67831,0.091654,0.596777
9137.33,0.123762,0.617868
11576.3,0.116352,0.588759
10772.7,0.116607,0.567857
15814,0.120255,0.591122
7444.33,0.159927,0.592621
7226,0.136942,0.6323
19556.7,0.106428,0.575422
43637,0.0898049,0.598208
7509,0.150463,0.609269
13662.7,0.121969,0.613814
41160.7,0.105465,0.577258
47862.7,0.0966437,0.60246
25570,0.115937,0.58158
5126.67,0.182537,0.551886
8288.67,0.126197,0.59881
24685.7,0.111137,0.60182
12028.7,0.127281,0.594192
27019.3,0.116645,0.601409
5790.33,0.14113,0.648092
8940.67,0.141959,0.591716
11153,0.12597,0.576975
5180.67,0.156958,0.537061
14408.7,0.105848,0.589182
13775.7,0.105977,0.616619
5993.67,0.149862,0.602525
51719.7,0.100508,0.579883
9996.67,0.1123,0.591931
40949.7,0.095661,0.600526
15905.7,0.0961028,0.598047
8171.67,0.146366,0.62733
21403.3,0.10413,0.586622
22062.3,0.104912,0.572273
11306,0.126377,0.572616
8121.33,0.133706,0.633229
14821.3,0.111266,0.60802
89900,0.097752,0.575617
5723,0.146953,0.617508
31474,0.111567,0.57117
15210.3,0.113174,0.587079
30426.3,0.104057,0.581623
8246.33,0.156056,0.637698
23501,0.0977998,0.593677
24583.3,0.109168,0.607675
10935.3,0.131534,0.616229
12070,0.105225,0.592046
14665.3,0.0999923,0.598259
9078,0.13106,0.583499
6241,0.168297,0.615126
78616.7,0.104931,0.570494
30396,0.1045,0.589584
7618.33,0.130606,0.589193
10839.3,0.0983776,0.585706
9916.67,0.131574,0.621412
9066,0.126232,0.575447
21417,0.109748,0.589018
9652.33,0.123759,0.607901
49359.3,0.097661,0.570118
9164,0.138149,0.616107
16852,0.114973,0.586518
6980.33,0.119718,0.588606
5593,0.161697,0.648668
8497,0.11666,0.612687
19218,0.0859795,0.591529
33999.7,0.0923913,0.577251
68531,0.0911712,0.566226
35981,0.10113,0.567772
48810,0.100318,0.586376
9768.67,0.138908,0.607896
14936.3,0.131959,0.60923
6230,0.172511,0.638844
23962.7,0.115658,0.593687
11982,0.156181,0.618928
36403.7,0.0926853,0.579154
19322.7,0.123366,0.588859
12598.7,0.143165,0.591676
74375.7,0.111066,0.587307
27035.7,0.10248,0.588864
14430.3,0.0873449,0.56767
15216.3,0.131022,0.565357
39773.7,0.109764,0.593265
9597.67,0.148329,0.612267
37047.3,0.0964117,0.601141
26128,0.111667,0.600161
8945.33,0.165447,0.578253
8416.33,0.127471,0.65464
29768,0.109846,0.580791
20882,0.101894,0.605641
50779,0.113087,0.601095
6716.33,0.136499,0.604894
6934.67,0.199984,0.605701
6902,0.219143,0.561576
27684.3,0.109755,0.591658
13384.7,0.140815,0.638517
8579.67,0.1765,0.616613
21539.3,0.107621,0.599678
14278.3,0.113389,0.603058
28407.7,0.103411,0.608545
46350,0.105037,0.585351
47806,0.0939,0.596808
47877,0.0891526,0.574827
16293,0.119891,0.618609
14201,0.140266,0.631153
8953.67,0.194105,0.587841
63963.7,0.0956861,0.586463
11286,0.107826,0.573542
11660.7,0.155424,0.607026
15114,0.149416,0.602554
23029.3,0.102793,0.592621
55193,0.0952059,0.586542
18824.3,0.132943,0.577161
81577.7,0.0916262,0.590631
5800.33,0.205391,0.616459
16727.7,0.125615,0.595979
24739.3,0.128099,0.594101
20489.3,0.0993668,0.586826
8505.33,0.184743,0.602524
8882,0.169272,0.641747
36158,0.0918062,0.601748
26506.3,0.133075,0.597052
21299.3,0.115663,0.581458
33085.7,0.100225,0.580654
20623,0.131257,0.606556
6563.33,0.2095,0.602996
10381,0.139767,0.57769
10171,0.153339,0.595615
21576.3,0.0970688,0.589937
10984.3,0.155632,0.607016
15066.3,0.112758,0.587248
25140.7,0.107696,0.596775
48849,0.0944569,0.598375
8313.67,0.177451,0.598813
13002,0.131567,0.608214
60784,0.0994006,0.594943
33396,0.0925445,0.589801
6576.33,0.19069,0.578995
12978,0.129195,0.577901
7210.67,0.126543,0.562824
11976.7,0.12692,0.576232
17957.3,0.123837,0.586371
4612.33,0.190351,0.578377
12715.3,0.154915,0.604048
19163.7,0.120528,0.615244
17984.7,0.125456,0.607147
21817,0.117876,0.588853
10548,0.120152,0.588927
22241.3,0.102729,0.574726
17325.7,0.107971,0.58447
12792.3,0.122813,0.57485
18546,0.1229,0.606492
9524.67,0.130613,0.558795
8302.67,0.145132,0.61153
13646.7,0.109949,0.591744
23522,0.0996813,0.60471
15447.3,0.129904,0.561888
55825.7,0.100226,0.575888
25878.3,0.108402,0.587544
9492,0.118268,0.567741
18519,0.097721,0.585183
20411.7,0.116788,0.592129
8894.33,0.121881,0.629352
24941.3,0.126062,0.608575
8076,0.125687,0.580733
5571,0.203356,0.649076
8310.33,0.130304,0.580322
7152.67,0.169684,0.574378
5633,0.134844,0.586011
15307,0.10302,0.601751
9941.33,0.112617,0.600389
11648,0.143795,0.59375
8470.67,0.132545,0.589367
7305.33,0.144834,0.584322
13583.7,0.105778,0.57763
45624.3,0.0936725,0.58913
18877,0.104847,0.614028
9902.33,0.111342,0.59932
12199.7,0.152732,0.567174
12182,0.147539,0.594155
47955.7,0.0973237,0.584067
6591,0.21961,0.650736
15344,0.121763,0.581661
12033,0.126371,0.610405
13304.7,0.125025,0.586736
17762.3,0.102191,0.60846
8642.33,0.143795,0.624908
10822,0.104414,0.584642
8447.33,0.135519,0.53658
7286.33,0.146064,0.57267
10392.7,0.124115,0.621336
11694.3,0.105693,0.613944
18328.7,0.121253,0.609664
9387.67,0.118447,0.584739
10043.3,0.123597,0.597179
7681.67,0.129342,0.650944
9925.67,0.137112,0.622057
33778,0.106647,0.588075
8843.33,0.131686,0.594534
23992,0.0970888,0.581569
18860,0.126294,0.557264
5355.67,0.174537,0.615485
6519.67,0.145037,0.60637
11797.7,0.117444,0.605487
8296.33,0.140119,0.602033
8890,0.135844,0.579865
15545.7,0.105196,0.626112
25604,0.113542,0.585455
9520.67,0.132787,0.585288
14000.3,0.0992256,0.598605
43309,0.0968839,0.594057
6306.33,0.125139,0.562556
75623.3,0.0867031,0.584987
10722,0.115095,0.595038
10013.7,0.14091,0.610199
22812,0.120806,0.574391
16646.7,0.120283,0.594734
9798.67,0.135183,0.616751
23846,0.115196,0.582949
5840,0.192585,0.559075
18711,0.131843,0.59302
20469.3,0.115885,0.599759
7380.67,0.164478,0.574925
16486.7,0.100917,0.591953
17612.7,0.109243,0.621901
8146.67,0.119207,0.563339
35046.3,0.104761,0.575571
55186.3,0.113927,0.564826
37838,0.0965027,0.564433
32246,0.110829,0.568877
69773.3,0.0974826,0.583657
8292,0.129136,0.613483
15240.7,0.110135,0.589432
10374.7,0.107969,0.57152
5279,0.176456,0.56488
10119.3,0.109567,0.579057
13400.3,0.102291,0.605781
9413.67,0.133223,0.630714
11572,0.158628,0.623401
23836.7,0.115009,0.558817
7890.67,0.175684,0.567675
11184.3,0.165697,0.615653
29841.3,0.116601,0.587932
10768,0.172012,0.6237
6769.33,0.207993,0.571942
43997.7,0.0917212,0.580266
12985.7,0.144037,0.583053
8260.67,0.130049,0.610282
19633.3,0.106116,0.560866
89160.3,0.102183,0.577439
23591.7,0.0986682,0.597471
5681,0.15975,0.576307
21328,0.0966703,0.603385
9382,0.124866,0.598913
12476,0.122926,0.574623
14589.7,0.102085,0.579406
11317.3,0.119074,0.601526
5642,0.164225,0.579404
7571.67,0.12678,0.603214
9362,0.106913,0.545076
20716,0.102153,0.591427
19068.3,0.120845,0.576593
47618,0.09467,0.582322
50838.7,0.0983542,0.596757
16346,0.105695,0.591827
8778,0.131132,0.587491
18911.7,0.120827,0.575747
16561,0.114863,0.625626
10025.7,0.120088,0.593311
56693.3,0.0985995,0.576623
6169.67,0.153596,0.597007
7900.33,0.119938,0.594237
7421.33,0.135589,0.605641
8750.33,0.128254,0.609882
6970,0.150031,0.604591
43809.7,0.103005,0.594739
12543.7,0.127127,0.594988
14996,0.110859,0.584356
5680,0.156541,0.569014
10073,0.10859,0.58354
56986,0.0980649,0.578142
6543.67,0.139468,0.596964
30705.3,0.109339,0.577999
16028,0.107208,0.624158
10714.7,0.131351,0.586237
5951.67,0.182096,0.626603
27784,0.11909,0.603333
11171.3,0.111098,0.618965
7000.67,0.148415,0.603704
19279,0.106492,0.569532
52965.3,0.0919401,0.573274
23920.7,0.10718,0.571361
60613.3,0.108736,0.586384
9041.67,0.108733,0.573382
6308.67,0.166759,0.615238
13389,0.0870594,0.579954
14201,0.108986,0.586085
19184,0.101583,0.578555
27676.3,0.102968,0.557107
61255.3,0.0921372,0.599142
25768,0.0836856,0.568573
14871.7,0.109409,0.606679
67987.3,0.100006,0.580177
77768.7,0.0924987,0.575455
6387,0.171689,0.603726
5551,0.141136,0.580616
7269.67,0.148342,0.599523
6434.67,0.146474,0.602569
20201.3,0.109917,0.593657
10668.3,0.104383,0.580753
28674.7,0.0866238,0.591579
10149.7,0.126552,0.614536
6078.67,0.159096,0.625027
21618,0.11648,0.583958
30533.7,0.102963,0.60567
13767.3,0.0961646,0.565082
45705,0.094453,0.560048
9271.33,0.113783,0.567951
10858.7,0.107206,0.599091
22533.7,0.11094,0.590154
6373,0.147754,0.607406
48677,0.0927331,0.579062
6641.67,0.136214,0.670213
28740.7,0.107329,0.6072
9356.33,0.121169,0.56183
9720,0.137323,0.6107
37329.3,0.0942128,0.602172
5609.33,0.175841,0.602151
11168,0.114322,0.629388
24041.3,0.111703,0.613887
39165.3,0.104525,0.604123
50497,0.0941467,0.56233
36192,0.110602,0.579493
10974,0.131054,0.608711
29886.3,0.108167,0.600932
12123.3,0.115634,0.606654
64118.3,0.0994688,0.578332
8021.67,0.128832,0.592562
16417,0.100947,0.570384
17012.7,0.0939279,0.608684
10245,0.101736,0.628502
6264.33,0.158991,0.647741
8017.33,0.120796,0.615874
6920.33,0.152776,0.617986
10126.7,0.137913,0.624325
16435.7,0.100339,0.600848
11752.3,0.129553,0.575857
6633.33,0.14182,0.60794
31420.7,0.108923,0.598757
17289.7,0.0961246,0.574582
15107.3,0.127096,0.589294
7570.67,0.130204,0.564327
8677.67,0.162804,0.640418
8547.67,0.186337,0.580431
5356.67,0.234567,0.667082
11330.7,0.134567,0.595758
22797.7,0.109616,0.5924
15836,0.129463,0.58146
8837.67,0.168222,0.586278
9327.33,0.189642,0.581374
14525,0.136241,0.590912
11877.7,0.143325,0.611091
6818.67,0.180287,0.601779
13611.3,0.0983309,0.574056
28307,0.120169,0.576253
7115.33,0.205446,0.622693
52502.7,0.0987395,0.569463
25366,0.11783,0.581408
23782,0.0996561,0.577916
30345,0.105133,0.577591
89918.7,0.104484,0.583664
46239.3,0.11142,0.579932
19089.3,0.105615,0.605032
6731.67,0.137322,0.58772
10446,0.122648,0.614206
11720.3,0.130157,0.560792
18182,0.102721,0.597404
11852,0.120656,0.590955
8175.67,0.141826,0.613079
17494,0.0985667,0.628387
13397.7,0.0992921,0.575648
7704,0.152522,0.582035
13334,0.114832,0.593295
11128.3,0.126515,0.601048
5256.67,0.181508,0.634496
18673.3,0.10358,0.603088
18615.3,0.110463,0.596318
16638,0.0958663,0.600012
7047.67,0.160936,0.603368
14428.3,0.119048,0.583274
8227,0.149738,0.620396
14283,0.100565,0.597914
54417,0.0978574,0.583274
11674,0.149161,0.650248
32831.3,0.106457,0.570603
7663.33,0.156818,0.589648
6750.33,0.12864,0.601106
9656,0.148402,0.632146
8068.33,0.171359,0.570832
9630.67,0.167994,0.594594
33507.3,0.108741,0.559838
8343.33,0.13587,0.597323
31395.7,0.0983968,0.568337
10274.3,0.131553,0.623171
65357.7,0.106507,0.567758
7160,0.158836,0.596508
13399.7,0.111962,0.570263
5770.67,0.161859,0.59427
9928.67,0.138138,0.586014
5459.67,0.154284,0.628305
5530,0.155624,0.607776
5667.33,0.183386,0.634808
8406,0.125098,0.605758
17208.7,0.112044,0.59193
17586,0.134924,0.565564
10784,0.118225,0.604228
15571.3,0.113056,0.577514
12929.7,0.109558,0.600119
9940,0.120688,0.611871
6630,0.154716,0.575113
20626,0.0962839,0.584311
37627.7,0.113928,0.574878
7305.33,0.138827,0.582406
17449,0.0957657,0.576996
14181.7,0.123178,0.588107
19635.7,0.102421,0.59083
5421.33,0.163224,0.637051
51793,0.0926121,0.592126
10921.7,0.118501,0.63345
18512.3,0.0944308,0.600014
14081,0.10584,0.605213
5827,0.154393,0.636005
8091.67,0.142361,0.570505
9709,0.113155,0.628798
13533,0.0978095,0.593512
20614.7,0.119864,0.610067
6302,0.18255,0.599175
7101,0.168437,0.620898
7587.67,0.141304,0.601019
11660.7,0.129751,0.615688
9795.67,0.102443,0.54405
10060.7,0.125954,0.597707
19420,0.125613,0.615705
8933.33,0.14396,0.561231
10753.3,0.130419,0.588252
32654.3,0.0908994,0.569501
13156,0.0951319,0.594254
8729.33,0.131192,0.586261
6780,0.141814,0.613864
13454,0.118122,0.589341
11278.3,0.103819,0.589331
58496.7,0.107911,0.599766
21481,0.118707,0.592291
5865.33,0.159737,0.57263
33052.7,0.0980903,0.574699
7379.67,0.156233,0.582321
100024,0.0959144,0.581735
8043.33,0.119549,0.608413
14687.7,0.103715,0.600527
51823.3,0.102896,0.58747
10834.3,0.113171,0.59013
8474,0.148473,0.601015
63811,0.0994945,0.588974
31688.7,0.099354,0.59221
10428.7,0.127346,0.623793
8518.33,0.133622,0.651497
9639.33,0.13217,0.629885
12486,0.0990752,0.583373
14827.3,0.117069,0.6071
118882,0.091371,0.585614
7956.33,0.143933,0.613934
11358.7,0.12699,0.607055
55444.7,0.0968182,0.586879
12914.3,0.125955,0.603025
13277.3,0.125915,0.595878
48123.3,0.105891,0.576636
31271.7,0.100241,0.59224
6318.67,0.134806,0.570585
8448.67,0.138117,0.60913
10450,0.108189,0.595789
6611,0.149595,0.5928
7738.33,0.135934,0.590394
66810.3,0.0984137,0.590098
7653,0.13074,0.586698
27155,0.110692,0.583981
21777,0.104207,0.571107
4596.33,0.187026,0.66263
34085.3,0.102446,0.582939
51786,0.0934734,0.601784
10532.3,0.163438,0.589107
5879.67,0.223021,0.650774
9174,0.135665,0.563658
14034,0.123679,0.593559
57647.3,0.0870226,0.590204
16426,0.107333,0.557957
12878.7,0.121226,0.580676
15495.7,0.138284,0.59038
29596.7,0.112614,0.556459
26355.3,0.133878,0.591329
157474,0.090664,0.578778
13763.3,0.156598,0.585953
14660.7,0.141045,0.587718
7662,0.142996,0.577525
12484.7,0.142641,0.586827
10524.7,0.17472,0.615918
10535.7,0.108553,0.605594
7820.33,0.132027,0.664379
22377,0.0952891,0.581579
29470.7,0.107484,0.60088
16345.7,0.112955,0.579195
28393,0.119942,0.57574
8942.33,0.127218,0.579454
11070.3,0.141589,0.578182
12575.7,0.13036,0.595144
6924,0.149519,0.626661
21984.7,0.106155,0.619765
9519.67,0.117115,0.571168
15086.3,0.0907741,0.58216
16000,0.103293,0.582063
5786.33,0.183895,0.606371
13911,0.104666,0.604414
5921.67,0.141674,0.58756
47417,0.105721,0.584917
14514.3,0.116097,0.586225
14844.3,0.115758,0.608762
17321.3,0.112074,0.571184
15833.3,0.110776,0.584442
6911.33,0.153455,0.629787
7920.67,0.129581,0.596457
50878,0.094115,0.566709
12306.7,0.117555,0.561999
35842,0.104343,0.59062
18882,0.122224,0.591833
5055.33,0.177401,0.57497
5711.67,0.161643,0.608812
38952.3,0.0976863,0.575772
11810,0.156578,0.620152
12001,0.106479,0.588618
7461.67,0.166453,0.639848
7325.67,0.138229,0.640397
14775.7,0.115518,0.587272
27653.7,0.0970339,0.612227
11824,0.125595,0.571549
16859.3,0.0896834,0.550002
17700.3,0.107802,0.547937
30707,0.0972528,0.588856
12243.3,0.112021,0.616798
6377.67,0.229352,0.601997
12261.3,0.111264,0.590039
10345.3,0.110229,0.539728
7820.67,0.164926,0.62467
6535,0.168196,0.557919
9350,0.117962,0.61615
27108,0.102038,0.598163
9466.67,0.138455,0.59993
18999.7,0.128839,0.60087
39900,0.0824225,0.571253
9413.33,0.195312,0.604426
11061.7,0.153411,0.596143
9332.67,0.150501,0.633831
8767,0.167369,0.636136
7692,0.205885,0.581903
9232.67,0.16595,0.624991
9197,0.152619,0.621724
25508,0.112322,0.588286
12977.3,0.129818,0.574746
39615.3,0.102218,0.584437
7481,0.124838,0.604732
47912,0.0944923,0.564744
90288.3,0.0992405,0.5781
14979.3,0.128854,0.588388
12346.7,0.136926,0.627889
35858,0.0980936,0.603743
6615.33,0.146734,0.610954
37107.3,0.090125,0.575645
13077.3,0.114124,0.547487
17330.7,0.094122,0.568087
8203.33,0.141049,0.60959
142176,0.0919833,0.580122
30741,0.103602,0.572005
11188.3,0.119227,0.59854
8016.67,0.149864,0.572349
14102,0.134552,0.613246
32502.3,0.11497,0.608992
21163.3,0.116532,0.590203
28963.3,0.0996382,0.598573
73190,0.0836374,0.587116
25933.3,0.099487,0.58892
8291.67,0.116341,0.585688
78645.3,0.108494,0.586401
7891.67,0.135837,0.618036
18113.3,0.0920668,0.606607
13666.3,0.119756,0.556233
19229,0.113415,0.630662
8411,0.168569,0.624896
64292,0.0953518,0.59558
8599.67,0.133227,0.608202
12721.7,0.139212,0.583205
17357.7,0.0972224,0.57573
5132,0.225692,0.576968
32650,0.109127,0.610689
8361.67,0.176877,0.611521
9284.67,0.164604,0.5713
12800,0.107256,0.564297
11373,0.102298,0.612415
7401.67,0.181022,0.603963
6982.67,0.204986,0.591799
8702.33,0.119611,0.628644
8777.67,0.173941,0.612957
30525.3,0.113267,0.58108
26707.7,0.104019,0.585537
9835.33,0.140832,0.606656
5307.33,0.176787,0.666374
21565,0.102427,0.567308
26539.3,0.110487,0.597365
82720,0.101054,0.584732
5280,0.183292,0.635985
20045,0.102994,0.601896
7074.67,0.113635,0.635554
7471,0.142349,0.581047
4214,0.183941,0.570479
27883,0.0969317,0.588315
9116,0.113632,0.6052
18016.3,0.118523,0.605543
33205,0.0982791,0.58949
14288.3,0.101077,0.601446
24987.3,0.120386,0.600651
38437.3,0.0924641,0.584969
10645.7,0.122895,0.611266
6752.33,0.163757,0.567754
8886.67,0.13259,0.57078
45922,0.097622,0.586299
51066.7,0.0947613,0.58624
72359,0.0925213,0.572714
5913,0.171116,0.589041
28338,0.11236,0.610876
5526.67,0.167387,0.63661
12756.3,0.124512,0.601714
8872.67,0.117712,0.621384
63013.3,0.10385,0.574937
13958.3,0.0937753,0.625767
16661,0.108144,0.569354
11218,0.0999321,0.584864
15481.7,0.124546,0.584003
17739.3,0.115277,0.579541
13359.7,0.127576,0.607375
8141,0.148614,0.604594
20719,0.106047,0.608668
7783.67,0.130018,0.602073
7743,0.139606,0.603255
9186.33,0.138045,0.617403
15004.7,0.117128,0.612298
7452.67,0.14843,0.579166
48028.3,0.0933384,0.605636
65583.3,0.0909298,0.594186
21857.3,0.107337,0.597038
13867.7,0.112835,0.60986
6105.67,0.15133,0.66239
157995,0.0957285,0.586955
10506.3,0.110032,0.623973
69838.3,0.10567,0.585419
9349,0.160261,0.589796
19564.3,0.110367,0.559777
9581.67,0.140287,0.581979
17425.3,0.126938,0.616956
38822,0.104157,0.595848
6037,0.167607,0.634587
12574.3,0.107294,0.579169
110600,0.0938867,0.579661
6884.67,0.142565,0.614748
77674,0.0925435,0.592257
37060.7,0.10887,0.578601
26265.7,0.111428,0.57921
47849.7,0.0914694,0.566009
11943.7,0.125844,0.581591
13116,0.108337,0.62702
11494,0.136397,0.614234
6621.67,0.211534,0.614246
72013.3,0.0985114,0.574611
57094.3,0.0833823,0.597216
8029,0.174408,0.592104
9485.33,0.164393,0.548918
71912.3,0.098634,0.585736
8655.33,0.182086,0.577293
10488.3,0.103467,0.596536
17296.7,0.121086,0.58123
13982.3,0.140353,0.590078
9847.67,0.150907,0.552754
10487.7,0.118854,0.578902
20146,0.130133,0.603544
25186,0.0918515,0.571429
19595,0.113271,0.606838
39248.3,0.108346,0.592068
11311.7,0.145045,0.572359
17110.7,0.11088,0.590704
9148.33,0.149203,0.569248
18579,0.124977,0.603046
9650.33,0.130814,0.582122
18189.3,0.101177,0.601488
37931,0.104704,0.591021
10625,0.155864,0.601129
10710.3,0.13918,0.63543
102084,0.0937931,0.59521
14296.3,0.107633,0.607125
11442.3,0.117275,0.609812
26834,0.100744,0.594432
10176.3,0.124402,0.593305
48817,0.106001,0.57988
28819.7,0.102286,0.596896
32842.7,0.10273,0.568021
12009,0.103797,0.610376
13832,0.106813,0.620518
52142.3,0.111588,0.598548
16242.7,0.12906,0.619131
30661.3,0.0931579,0.580818
6739.67,0.144988,0.588951
5273.67,0.174931,0.587321
20425.3,0.0966305,0.597477
9217,0.136108,0.582945
18266,0.123032,0.610916
7727.67,0.125752,0.609412
10789,0.135506,0.617481
7622,0.148607,0.599055
23795.3,0.104711,0.602877
12761.7,0.114764,0.610526
20099.3,0.115814,0.597963
19239,0.123702,0.563179
10635.3,0.106661,0.589983
9313.33,0.100265,0.620258
9462.33,0.115932,0.644203
19499,0.091283,0.597826
12036.7,0.132792,0.607006
9494.33,0.150274,0.602956
70514,0.102169,0.58604
10904,0.116242,0.598313
22641.7,0.0973049,0.580052
16931,0.139875,0.590219
25658,0.106194,0.595721
12004,0.123112,0.580307
28311.7,0.116806,0.587897
6624,0.232484,0.608545
15275.7,0.107779,0.573221
15402.7,0.09738,0.586479
7083,0.201378,0.597346
5218.67,0.239717,0.583546
15933,0.138984,0.54158
48149.7,0.103854,0.582399
39739.3,0.108621,0.584979
28565,0.122099,0.615088
13924,0.126386,0.590922
9766.33,0.119649,0.571521
13519,0.13993,0.564243
6319.33,0.183951,0.620899
14132.3,0.124676,0.573059
40417.3,0.111415,0.6006
16016.7,0.118857,0.575234
35861,0.096523,0.572879
7049.67,0.15545,0.574968
5987.67,0.175956,0.587597
13051.7,0.145635,0.599489
13300,0.117827,0.597444
51886.7,0.0956849,0.579269
10523,0.149613,0.609427
6292.67,0.161941,0.565791
10745.7,0.14521,0.59776
8702.33,0.178555,0.573141
59373.7,0.0927478,0.580078
6333.33,0.158589,0.580053
37014,0.0993773,0.58567
7415.33,0.148385,0.629327
15242.7,0.131125,0.601951
13402.7,0.116926,0.570434
15687.7,0.104084,0.599473
27931.3,0.0751915,0.572571
25166.7,0.0793046,0.562185
21548.7,0.100257,0.593556
159822,0.0956653,0.589856
37894.7,0.104007,0.587004
13243.3,0.0970286,0.598918
67260.3,0.10017,0.590551
9868.33,0.118152,0.596724
43070,0.115596,0.597423
8154,0.126211,0.598847
8363.67,0.133271,0.623092
9489,0.123121,0.589946
9839.67,0.121732,0.616112
9516.33,0.121147,0.59862
10430,0.113471,0.556759
7677.67,0.158971,0.616246
47216,0.0960042,0.577834
16347,0.117754,0.601456
8497.67,0.141044,0.59938
22438.7,0.113195,0.579283
9046.67,0.167388,0.597273
18219.7,0.0977902,0.559414
8024,0.178182,0.579511
10909.7,0.117777,0.631122
50221,0.103147,0.588121
7631.67,0.195293,0.646036
13048.7,0.137436,0.602386
14139.7,0.110868,0.561635
55593,0.0945772,0.57045
4256.33,0.251118,0.583523
32875,0.104413,0.584061
7388.33,0.196465,0.645703
6223.67,0.213378,0.584918
8965.67,0.165749,0.604119
44350.3,0.105813,0.604362
10398.3,0.134811,0.624299
18720,0.125505,0.611271
12190.3,0.147076,0.604058
7517,0.151702,0.602501
10285.3,0.164445,0.596545
24572,0.0924711,0.584608
5910,0.178003,0.594078
5770,0.147723,0.594107
72210,0.113736,0.58863
14521.7,0.11462,0.623849
46139.7,0.107074,0.583843
13120.3,0.105484,0.57717
12933.7,0.0978212,0.608206
10206.7,0.124635,0.591019
15256.3,0.112441,0.591077
6073.33,0.141555,0.661032
19460,0.105771,0.591572
19797,0.116387,0.578471
37667.3,0.100591,0.564778
9743.67,0.129793,0.554959
27088,0.125086,0.580442
8292.33,0.183548,0.569884
27406,0.0981355,0.576553
39708.3,0.100762,0.598153
10459.3,0.170023,0.580789
8545.67,0.149118,0.574599
10707.7,0.165945,0.613797
13191,0.126788,0.591161
29983,0.108399,0.609679
18093,0.11955,0.587354
11758.7,0.118339,0.562762
9414.67,0.12464,0.587735
8579,0.13438,0.594125
51305.7,0.107391,0.599667
10856.7,0.105806,0.616979
10423.3,0.134438,0.598721
17397.7,0.111925,0.602686
17140.3,0.13322,0.60802
13394.3,0.111869,0.587089
16038.7,0.124756,0.552935
11361.7,0.131233,0.611911
30357.7,0.0903869,0.590373
18694.7,0.101034,0.602489
21147.7,0.10729,0.587882
15994,0.109364,0.559835
13397.7,0.129031,0.609833
72760.3,0.104273,0.568684
24764.7,0.109625,0.565698
7584.33,0.175612,0.612798
34578.7,0.0981044,0.574208
20897.3,0.120792,0.607095
25428.3,0.110266,0.594245
32278,0.0958668,0.587614
17117.3,0.133366,0.581438
8099.67,0.188398,0.627721
14440.7,0.0977911,0.605951
17612.7,0.11893,0.585052
6610,0.211356,0.58472
25738,0.11426,0.584933
9896.67,0.163118,0.610441
15097,0.115247,0.580579
17253,0.122316,0.587492
12995.7,0.108107,0.605227
16691.7,0.115698,0.594988
18122.3,0.12483,0.595876
7084.33,0.152755,0.582083
7583,0.129185,0.578927
12670.7,0.138464,0.608045
6506.33,0.144655,0.564629
8933,0.131066,0.579425
13341.7,0.0983284,0.593429
14628.3,0.0991825,0.585622
26101.7,0.108167,0.576643
18803.3,0.089812,0.605141
22378,0.107991,0.600009
11596,0.132857,0.59762
8194.33,0.150988,0.617215
7397,0.139187,0.59443
8336.33,0.128967,0.624095
10259.7,0.112277,0.602684
10339,0.116392,0.610794
10909.3,0.127869,0.554724
31646.7,0.0900328,0.611449
63616.3,0.0996546,0.580396
19473.3,0.099784,0.591099
21699,0.114898,0.604314
10240,0.120193,0.589355
28089,0.0961745,0.595892
47703.3,0.100913,0.585675
25247.3,0.0999819,0.587217
24652,0.104291,0.584253
20176,0.106868,0.569786
10777.3,0.130668,0.613943
7528.33,0.17686,0.6058
7775.33,0.136813,0.625911
23934,0.0973659,0.584232
10168.7,0.104504,0.619386
12948,0.119132,0.620482
91752,0.0989226,0.58632
24334.3,0.10782,0.597784
23380,0.113247,0.576518
9151,0.139207,0.579827
17674.7,0.104696,0.604839
25606,0.0925894,0.590682
34598.3,0.0982892,0.594903
24818.7,0.107991,0.565838
12216.3,0.106831,0.581326
29002,0.0982918,0.591407
19909,0.108515,0.582601
6022.67,0.155131,0.656409
27918.3,0.108956,0.609373
17918.7,0.116171,0.597384
7881.67,0.129109,0.609812
21468.3,0.113547,0.60236
48375.3,0.0873045,0.594573
9417.67,0.128919,0.583726
9291,0.135181,0.606393
12629,0.127582,0.615092
13619.7,0.124045,0.570376
6699.33,0.132344,0.554035
14470.3,0.131486,0.580613
40486,0.0769397,0.57983
13698.7,0.099234,0.615997
22175.3,0.106083,0.607372
9413.67,0.146094,0.600864
7144.33,0.146175,0.613587
7072.33,0.130496,0.599755
39375.7,0.107069,0.576227
21373,0.103852,0.601085
24266.3,0.10974,0.589692
8164.67,0.132067,0.601535
166921,0.0946879,0.583069
12314,0.140479,0.585106
20846,0.12214,0.584669
51342.7,0.0860479,0.58305
38351.3,0.113995,0.572175
9057,0.1286,0.61113
12877,0.129559,0.609536
14092.7,0.0976925,0.589692
13844,0.0944226,0.586102
66250,0.0893266,0.577072
30391.3,0.106163,0.581964
11501.3,0.108512,0.590077
9030.67,0.114094,0.604643
8202,0.123529,0.56791
14461.7,0.11924,0.605832
69665.3,0.0966356,0.587361
10470.3,0.114841,0.566999
8839.33,0.133626,0.590505
6923,0.148427,0.642496
39933,0.0952718,0.573085
32554.3,0.103433,0.589558
9903,0.136871,0.626073
11188.7,0.111224,0.582315
8537,0.140097,0.592246
17328,0.11108,0.596318
7303,0.192228,0.605778
11273.7,0.147842,0.591763
13640.3,0.128612,0.598715
7601.33,0.202838,0.636818
9227.67,0.180034,0.61135
32035.3,0.0993539,0.573076
40271,0.104783,0.586328
11605.7,0.121714,0.579487
10966.7,0.134349,0.554802
14244,0.0964272,0.574698
6477.67,0.164677,0.570782
94157.3,0.0954761,0.599249
22063.7,0.0971212,0.562161
5706.67,0.13832,0.582009
17469.3,0.111953,0.587811
20832.3,0.111713,0.561083
15382,0.1203,0.590625
13825.3,0.117721,0.59215
13839.3,0.115307,0.589166
12266.7,0.144211,0.59481
5591,0.177452,0.623502
11001.3,0.139427,0.611714
10580.7,0.118238,0.570317
6601,0.151931,0.578094
45411.3,0.104163,0.584054
42423,0.109045,0.587417
8424,0.129862,0.576567
11290.3,0.1286,0.570547
28874,0.117599,0.597285
13753.7,0.106181,0.599937
11106,0.116607,0.60886
23614.7,0.0864115,0.576139
5816,0.164008,0.575997
11098,0.132234,0.614886
6614.33,0.151771,0.639319
6195.33,0.173633,0.590552
10453.3,0.159321,0.62905
8798.67,0.171655,0.607857
9124,0.126602,0.591955
12183.3,0.141024,0.598741
41407.7,0.0985228,0.603761
6150.33,0.173239,0.583004
24491.3,0.100048,0.600158
29156,0.0936779,0.58307
30061.3,0.114442,0.591846
6139,0.195075,0.578922
19362.3,0.0964925,0.581834
17784.7,0.118136,0.597668
9617.67,0.138427,0.64281
18183,0.116755,0.593521
44562.3,0.107598,0.584881
4683.67,0.173145,0.538111
12680,0.111515,0.556861
9452.67,0.120462,0.57691
17791,0.0757426,0.599292
16399,0.102812,0.59839
7427,0.14216,0.648714
46618.7,0.102741,0.580461
8435.33,0.187218,0.619497
19587,0.0939986,0.595038
11493.7,0.0968328,0.63316
18085,0.107472,0.587116
10046.7,0.123595,0.574453
34123.3,0.0991785,0.588209
13198.7,0.12573,0.574477
7153,0.148709,0.594995
6666,0.142063,0.623462
11616.7,0.142253,0.606571
134822,0.0987047,0.579152
7874,0.148487,0.579629
78718.7,0.0931863,0.584669
6847,0.141794,0.594129
35727.7,0.100298,0.577937
36432,0.0967144,0.582153
52127.3,0.0970672,0.58719
11638.7,0.135524,0.621062
22184.3,0.102191,0.582378
8028.67,0.124595,0.602009
8972.33,0.121795,0.594457
5729.33,0.152412,0.62532
28106.3,0.115311,0.597398
13346.7,0.106131,0.617408
7199.67,0.154154,0.596463
15782,0.112124,0.593207
27909,0.103498,0.580924
21672.7,0.105663,0.568981
9072.67,0.120069,0.585091
37360,0.107316,0.582147
9002.33,0.118785,0.598141
7960.33,0.120466,0.565889
36748,0.100463,0.563459
8432.33,0.132295,0.626003
16158.7,0.0962415,0.600256
7132.33,0.16356,0.56134
9305.67,0.118863,0.624172
6473.33,0.184679,0.582183
10590,0.11543,0.583381
8315.67,0.144787,0.580871
19247.7,0.127628,0.606688
6870,0.199523,0.624017
11431,0.154335,0.632141
24938,0.118219,0.597041
27634,0.108836,0.584099
21772,0.126841,0.563017
8445,0.187763,0.572173
17524.3,0.120174,0.569361
19256.3,0.0990849,0.597345
20959,0.115612,0.589532
8304.67,0.162131,0.576583
16515.7,0.117165,0.604598
24360.7,0.121596,0.595112
5092.33,0.172621,0.629901
37307.3,0.115333,0.586739
13579.3,0.131636,0.585277
15092.7,0.131213,0.608728
31296.3,0.102525,0.579578
6816.33,0.223538,0.579735
11646.7,0.108584,0.585604
15034,0.125895,0.598909
24827.3,0.112687,0.566459
74226.3,0.0997493,0.584397
31323.7,0.102131,0.579349
19557.7,0.12102,0.600958
13568,0.0945948,0.569575
18030,0.130742,0.606489
5961,0.15039,0.614662
6899.67,0.153926,0.570366
18487,0.129967,0.591118
12556.7,0.112809,0.551367
38271,0.097765,0.590029
9895.33,0.12591,0.607626
10327.3,0.111337,0.588406
13534,0.136428,0.581129
12340,0.101558,0.58201
12995.3,0.093657,0.590725
22000.3,0.0947425,0.584203
9244,0.152151,0.585244
62337,0.106792,0.576094
11711.3,0.0902712,0.59145
6113.33,0.155134,0.588986
14030.3,0.114375,0.623055
7562,0.129443,0.588601
7209.67,0.152913,0.582181
11586.7,0.127758,0.603395
15244,0.107561,0.598662
37851,0.0916211,0.579694
33680,0.105754,0.60677
10769,0.129671,0.609713
16797.3,0.101963,0.572571
11309,0.14093,0.607304
42477,0.104006,0.599477
12083.3,0.140157,0.585159
15980,0.125412,0.582916
13691,0.15377,0.575122
13716.7,0.137619,0.608627
58865,0.102604,0.58539
41862,0.115176,0.571139
9649.67,0.175571,0.622336
11909,0.14623,0.571249
6617.67,0.209868,0.581222
10103,0.153136,0.653568
46966.7,0.095226,0.585976
58383.3,0.0999876,0.583123
17680.3,0.11457,0.588714
6107.67,0.215616,0.603886
7680,0.176301,0.567578
36684.7,0.10715,0.584858
9742,0.123781,0.606754
81344.3,0.0927367,0.575979
31901.7,0.0929021,0.588224
12148,0.114854,0.552601
28654,0.113533,0.610735
7651.67,0.155982,0.603834
16912.7,0.11064,0.583369
27929,0.0966448,0.58928
31624.7,0.107021,0.579179
7239.67,0.132883,0.568995
22070,0.0873191,0.582057
9394,0.138131,0.591122
24920,0.113812,0.582825
19217,0.113582,0.569912
40800.3,0.109897,0.585771
5541,0.161087,0.639957
31555,0.0989703,0.583616
18707.3,0.131854,0.586811
17800,0.10822,0.585281
8072.33,0.138039,0.566585
7738,0.15485,0.584518
17737,0.097134,0.604837
59342,0.102926,0.59816
31372.3,0.0996273,0.555638
10183.7,0.12474,0.59962
28036,0.0886019,0.598017
4941.33,0.161056,0.58864
72167.7,0.0977233,0.586583
20235,0.110618,0.585718
12640.3,0.132167,0.585797
61212.3,0.0994012,0.591297
14896.3,0.10578,0.624494
104159,0.0945766,0.578361
10778.3,0.107611,0.611659
20868,0.096503,0.595793
23307.3,0.108756,0.592203
7284.67,0.152379,0.590601
7985.33,0.126056,0.628486
40561.3,0.0994305,0.59445
32385,0.101209,0.594071
28657.3,0.0988077,0.572791
28817,0.106805,0.582052
7288.67,0.125155,0.571892
8010.33,0.124207,0.574341
5914.33,0.161595,0.571437
17617.7,0.0926172,0.578472
5863,0.180252,0.619478
20190.3,0.127278,0.566542
7545.67,0.127433,0.6424
10721.3,0.101555,0.621067
62778.3,0.0971433,0.586853
5776,0.16302,0.640235
10217.7,0.110007,0.581672
11830.3,0.121791,0.616353
7208,0.129008,0.646365
50233,0.0931341,0.583143
7357.33,0.142024,0.620152
9126,0.123767,0.57254
32829.3,0.0989814,0.593788
15143,0.117158,0.590042
53063,0.0971183,0.587867
31768,0.0968947,0.585998
10346,0.102549,0.58815
36859.7,0.092656,0.593368
22795,0.0927956,0.593814
7127.33,0.168094,0.602423
13505,0.110366,0.588004
9372.33,0.124197,0.633105
28096.7,0.103693,0.560861
11717.3,0.0931045,0.599937
19127.3,0.100136,0.592119
7875.67,0.173167,0.575105
9251,0.102728,0.613663
23968,0.100419,0.581317
24904,0.113059,0.590026
9978,0.143342,0.611345
38150,0.105088,0.580682
9805.67,0.141161,0.566135
21979.7,0.122972,0.613036
9073.33,0.11496,0.583321
30005.7,0.112562,0.561805
26351.3,0.105361,0.589483
14754.3,0.115957,0.593634
20249.3,0.0930052,0.588102
7501.67,0.143676,0.594046
36975.7,0.105935,0.56292
5874.33,0.156676,0.585371
16317.7,0.116544,0.592691
72615.3,0.0954656,0.579653
8160.33,0.141941,0.58143
10869,0.12955,0.58331
8679,0.124451,0.592925
20006.3,0.108756,0.614239
56351.7,0.104282,0.584407
23957.7,0.0882012,0.569894
36481.7,0.0963022,0.604806
8228,0.130097,0.579606
11512,0.12277,0.602762
57077,0.104579,0.591044
32267.7,0.0991233,0.57523
16159.7,0.103261,0.57955
13117,0.127697,0.614317
52014.3,0.0994034,0.583852
5413.67,0.153423,0.656918
34942,0.108305,0.588633
21332.7,0.0977381,0.602706
25917,0.0980524,0.575105
57660,0.102551,0.597988
7593.67,0.150074,0.592775
51477,0.0939695,0.605455
12548.7,0.10416,0.583276
9255,0.135976,0.594706
15532,0.117419,0.613314
7965.33,0.151623,0.605959
17559.7,0.100961,0.584939
7917.33,0.13825,0.56871
20136.7,0.102495,0.597534
6727.33,0.122323,0.589783
6890.33,0.158914,0.544192
13629.7,0.113585,0.583971
19824,0.101391,0.609968
11469.7,0.106817,0.579209
8987.33,0.116616,0.612603
32515.7,0.108938,0.594954
8542.33,0.110991,0.602255
11613.7,0.125756,0.578916
6684.33,0.14734,0.574577
18443,0.0961608,0.59448
16094,0.102324,0.586057
6641,0.163558,0.582292
45147,0.100529,0.583405
26144,0.101816,0.588051
71602,0.106269,0.578783
15600,0.111115,0.59891
7923.67,0.148776,0.616423
11422.3,0.113134,0.591531
24752.3,0.0997446,0.588699
48836.7,0.0923876,0.586759
23833.7,0.11219,0.584565
11366.7,0.106714,0.576716
6610.67,0.152534,0.592729
7799.33,0.142405,0.625908
7223,0.129617,0.607365
10062.3,0.149741,0.575678
7080.33,0.140359,0.612212
14570.3,0.093162,0.598934
18518,0.107975,0.598067
13831.7,0.112674,0.587083
64331.7,0.102138,0.57574
5182,0.169333,0.574296
14320.3,0.109369,0.577407
9176,0.139883,0.572036
21642.7,0.117326,0.58705
10947,0.14528,0.600987
14910.7,0.116413,0.607172
77451.7,0.108878,0.578998
12321.7,0.137216,0.637603
20258.3,0.102006,0.60951
19776.7,0.106319,0.592736
34719.3,0.100669,0.582807
16962.3,0.105236,0.652367
6375.33,0.149378,0.603995
17533.7,0.108513,0.587974
8085.67,0.14102,0.582677
41974,0.103247,0.596012
10801,0.132649,0.586798
22589.7,0.103929,0.58121
20581.3,0.0889921,0.558791
14261.3,0.121174,0.584985
22828,0.121074,0.595716
44261,0.0953531,0.603692
24165.3,0.0907147,0.572997
26296.3,0.100326,0.594709
20329,0.0987284,0.573762
10460,0.134723,0.565488
38792.3,0.102639,0.594929
7452.33,0.137083,0.593863
7445,0.134402,0.577837
7298.67,0.158876,0.60591
73098.7,0.114611,0.599208
59696,0.0901849,0.595249
20584,0.0996628,0.586718
6691.67,0.155842,0.580623
8425.67,0.105774,0.610318
33458,0.0906631,0.576454
9608.33,0.119884,0.610373
7700.67,0.120149,0.620899
11627.3,0.117302,0.579382
19334.7,0.118058,0.583425
9503.67,0.145517,0.585914
30546,0.0921395,0.578766
13243.7,0.117252,0.586721
10591,0.146685,0.563686
8199.67,0.1243,0.605065
6911.67,0.171626,0.59484
14613,0.09271,0.579689
15322.7,0.107852,0.597176
9305.67,0.104782,0.592578
20738,0.119424,0.598949
20312.7,0.118036,0.583692
10394,0.138109,0.573889
20640,0.103007,0.575969
10459.3,0.114386,0.594844
11791.7,0.111953,0.593753
5470.33,0.203229,0.591128
12400,0.125417,0.588226
8417.33,0.118457,0.600744
59311.7,0.104522,0.586905
18642.3,0.112367,0.592987
13922.7,0.0943332,0.598257
8349.33,0.141325,0.605158
13043.7,0.130366,0.613963
12836,0.127804,0.583437
13947.7,0.114028,0.569151
13875.7,0.114675,0.614409
91855,0.0862392,0.582973
21654.3,0.101706,0.595893
17070.3,0.10928,0.608346
21402.3,0.10728,0.578333
22026.3,0.0855288,0.564673
17292.7,0.126629,0.601199
19823.3,0.111465,0.581419
13398.3,0.112778,0.587809
17519,0.114034,0.597979
8450,0.137433,0.623314
58272,0.10473,0.565778
117899,0.0989132,0.592974
8866.33,0.136865,0.601
7939.33,0.137329,0.608195
17964.7,0.137429,0.600419
12275.3,0.110434,0.615109
27133,0.101995,0.582722
8771.67,0.132282,0.61577
6499.67,0.141093,0.607775
6962.67,0.162527,0.629117
6133.33,0.162651,0.598641
52574.3,0.0966763,0.600667
17293,0.102411,0.584687
7392.33,0.107872,0.54322
16289.7,0.118065,0.563629
11463.7,0.131298,0.604548
7589,0.142325,0.628146
33078,0.0944186,0.589153
8754.33,0.116114,0.633134
19468,0.0825959,0.612338
14306.7,0.128794,0.605266
8920.67,0.115574,0.654473
6278.67,0.145623,0.586961
16935,0.129222,0.621494
17768.7,0.108177,0.577046
7735.33,0.101807,0.541239
13781,0.0987703,0.616791
15800.7,0.126932,0.590186
40750,0.114575,0.579387
9152.33,0.113873,0.589868
7506.33,0.189229,0.581198
20482.7,0.107094,0.58534
28641.7,0.106572,0.58856
6103.33,0.175838,0.60355
5468.67,0.198023,0.597099
8438.67,0.13369,0.610562
19266.7,0.106516,0.610969
8461,0.131274,0.601111
15408,0.123526,0.596703
9786.67,0.122218,0.586649
15650.7,0.116541,0.566131
10099,0.131483,0.562036
8184.67,0.144141,0.573797
21487,0.104625,0.600689
6617.33,0.126892,0.580697
22601,0.11632,0.587363
9864,0.136288,0.599655
9617.33,0.130638,0.654513
6695.67,0.134545,0.597451
8707.67,0.133884,0.621215
10757,0.110426,0.576183
46276,0.1098,0.570209
11417,0.119219,0.581414
9790.33,0.119338,0.580641
14486.3,0.134025,0.57797
14282,0.102625,0.593544
6136.67,0.218739,0.618142
28787,0.104202,0.59836
5754.33,0.22366,0.575508
16083,0.134733,0.591681
9629.33,0.168441,0.624619
7383,0.155713,0.584451
8062,0.171658,0.569958
7824.67,0.127807,0.549076
6872.33,0.128681,0.603531
13581.3,0.157276,0.622668
24050.3,0.104826,0.595363
77635.3,0.100347,0.584137
7247,0.124215,0.603836
9758.33,0.119773,0.600171
21926.7,0.101786,0.566358
17011,0.11823,0.609253
22367,0.105281,0.574597
10436,0.121717,0.581353
21004.3,0.103063,0.592386
20897,0.105615,0.5641
17759.7,0.121892,0.577282
25130,0.107588,0.606248
19205.3,0.0757995,0.591016
6931,0.155132,0.58866
15639.7,0.104068,0.564292
13320.7,0.110232,0.596542
10210,0.126887,0.612439
4790.67,0.195905,0.595394
19227.7,0.110742,0.618969
28476,0.110868,0.593096
29914.7,0.108277,0.588084
7096,0.112439,0.561584
51562,0.0995063,0.575618
20951.7,0.104995,0.595959
7485.33,0.146304,0.60554
32932.3,0.115468,0.569035
32904.3,0.105853,0.582193
8839.67,0.152891,0.598816
11128.3,0.151774,0.574719
10289.3,0.14162,0.575126
19991.3,0.103724,0.609998
22705.3,0.134355,0.584297
6791,0.196356,0.591224
15375.7,0.106775,0.55668
9677.67,0.135337,0.577446
43722.7,0.0942317,0.594093
67999.7,0.0893812,0.584022
51825,0.0951781,0.595215
26260,0.0868447,0.579779
6648.67,0.152142,0.58528
8937,0.136507,0.586998
16792.7,0.124111,0.58599
12898.3,0.115291,0.58943
19596,0.108403,0.611043
39575.3,0.104251,0.585407
5893.33,0.153824,0.608767
11310.3,0.128011,0.612154
48794.7,0.0946217,0.592859
9039,0.124362,0.57451
7119.33,0.149897,0.553797
11006.3,0.113121,0.605712
19599.3,0.096817,0.610208
11911.7,0.128696,0.602463
17943.7,0.11024,0.589753
8957.67,0.154643,0.609794
40151,0.101435,0.575079
11578.3,0.109492,0.576911
7914,0.16292,0.609679
7278,0.151559,0.60305
18774,0.101889,0.602748
26145.3,0.0981776,0.583648
25013.3,0.115985,0.602225
12857,0.13295,0.619662
58259,0.0995064,0.580597
7029.67,0.13033,0.582863
18582.7,0.113289,0.56759
7685.33,0.14326,0.613073
9246.33,0.1263,0.638704
10691.7,0.116675,0.594419
5750.67,0.145798,0.625029
8335.67,0.143808,0.583437
21952,0.110069,0.586962
13943,0.102494,0.566951
5525,0.187415,0.606335
12238.3,0.117451,0.589024
11595.3,0.113778,0.5771
6621.33,0.15913,0.623993
13436.7,0.110636,0.578665
7766.67,0.113706,0.580987
101675,0.0982198,0.572909
31616.7,0.0981756,0.572209
8091.33,0.134583,0.583917
24289.3,0.103805,0.590204
6833.67,0.138062,0.616994
32329,0.10318,0.562591
87482,0.103058,0.572735
8150.67,0.132938,0.57435
10857,0.120675,0.577876
7018.67,0.134369,0.663706
10796.7,0.144557,0.583359
11203.7,0.134454,0.574663
14055,0.119233,0.56656
32754.7,0.109739,0.587163
50081,0.10489,0.574809
21916.3,0.0929034,0.577271
54717.7,0.0979568,0.590181
49534,0.104519,0.59117
10387,0.127532,0.59045
8588,0.137637,0.61225
10913.7,0.119147,0.618796
114499,0.0955266,0.576926
5133.67,0.174341,0.583663
6635.33,0.135459,0.564955
70446.7,0.100495,0.580401
11091,0.134108,0.595889
16082.7,0.135712,0.586055
7230.33,0.15797,0.620949
21296.7,0.0974396,0.578087
18805,0.1124,0.58527
21278,0.091957,0.6025
9620,0.109057,0.599168
48909,0.0989658,0.599869
6087.33,0.151219,0.607765
23935.3,0.098944,0.584561
10478,0.15832,0.610231
10000.3,0.109851,0.631646
16420.7,0.136627,0.575941
10129.7,0.129919,0.66501
23106.7,0.112698,0.587464
15978.7,0.121226,0.600071
14734,0.148627,0.598344
7830.67,0.176311,0.588115
16076,0.12262,0.590134
12798,0.137577,0.624082
7213.67,0.143364,0.578531
15054.3,0.111484,0.607843
17317.7,0.118066,0.580698
30944.7,0.0993597,0.582793
11367.3,0.098082,0.562196
18513.7,0.117986,0.620965
21998.3,0.113373,0.614395
18108.3,0.132519,0.59838
8769.67,0.122858,0.612034
8480.33,0.1272,0.610196
8251.33,0.159975,0.564474
7886,0.116791,0.537154
9345.67,0.141512,0.608446
9352.33,0.196994,0.600563
11497.7,0.147125,0.613023
11611,0.13364,0.569374
14574.7,0.127263,0.592215
22514.7,0.121189,0.58399
19917,0.0833132,0.605513
10764.7,0.131583,0.559082
5485.33,0.151256,0.658787
6839.33,0.195798,0.573545
22506,0.104683,0.57007
25734.3,0.10776,0.59736
19028.7,0.114433,0.590495
27212.3,0.093815,0.584686
9122.67,0.15867,0.615317
40347.3,0.0997968,0.583921
5493.67,0.151655,0.552333
15882.7,0.12552,0.594317
67078.7,0.10298,0.593025
21516,0.107006,0.596905
20710.7,0.116679,0.574358
7045.67,0.124769,0.616171
17426.7,0.122715,0.589518
18328,0.108511,0.594118
29931,0.0798737,0.607497
6927,0.18861,0.635773
9558,0.151086,0.590709
13945.7,0.110417,0.577408
8013,0.157409,0.589792
5323.33,0.171103,0.599937
16553,0.101495,0.600375
65683.3,0.084631,0.57967
10991,0.11093,0.616231
28410.3,0.110544,0.59889
31130.3,0.110188,0.583247
21866.3,0.091431,0.5726
13248,0.135442,0.578125
14765.3,0.120107,0.589195
20951.7,0.0994315,0.616387
64324.3,0.0899429,0.60168
18546.7,0.10769,0.600018
6504.67,0.143865,0.593933
10848.7,0.131467,0.604621
23324,0.116685,0.632396
6035.33,0.196012,0.616646
10222.7,0.101706,0.55703
7789.33,0.1137,0.591407
21007.3,0.0939693,0.601346
12282.7,0.112999,0.570587
23028.7,0.117021,0.599615
88463,0.103102,0.586087
18652,0.121691,0.592108
26466,0.0882205,0.571337
11720.3,0.151987,0.587668
6538.33,0.163849,0.584808
34317.3,0.112904,0.589692
7792.67,0.127465,0.587518
44778.7,0.0999538,0.594018
19786,0.10563,0.592237
15434.3,0.112598,0.591387
5542.67,0.17772,0.585158
9330.33,0.123304,0.584616
7809,0.153915,0.600461
15210,0.097843,0.616502
25707.7,0.107303,0.579334
5544.67,0.183064,0.575748
7983,0.140931,0.594639
13074.3,0.101022,0.583178
8690.33,0.1168,0.565763
47687.7,0.0996276,0.608655
20073.3,0.111203,0.597094
8480.33,0.120147,0.603357
27376,0.0895218,0.562281
10325.3,0.121612,0.581063
18353.3,0.0926958,0.597312
9266.33,0.150298,0.613799
5268.67,0.185817,0.604391
39297,0.100701,0.59002
19526,0.0875779,0.604271
7218.33,0.151002,0.586654
11636.7,0.127902,0.572186
8820.67,0.13758,0.609289
14138.7,0.10682,0.595907
16179.3,0.111608,0.589806
5829.67,0.149165,0.625136
11984.3,0.126016,0.633049
9098,0.142576,0.595406
5247.67,0.202823,0.601474
10801.7,0.128215,0.632433
70731,0.105787,0.577144
7306,0.14728,0.629893
54175.3,0.0926048,0.577766
21509.3,0.104506,0.560485
19075,0.107633,0.598113
5668,0.174759,0.594213
16233,0.101016,0.588369
99876.3,0.0989853,0.575308
6856,0.135084,0.594224
11581.3,0.138048,0.618812
30632,0.0975589,0.577468
48164.3,0.0936996,0.576208
6691.33,0.14754,0.583989
30201.3,0.0928045,0.596254
9406,0.138367,0.603764
8855.67,0.129515,0.647307
9377.67,0.153913,0.570007
11478,0.124104,0.563339
10328.7,0.120031,0.576002
12271,0.116334,0.630103
26252.3,0.102102,0.602219
13473.3,0.131158,0.605987
17239,0.12531,0.585997
17477,0.107846,0.628826
13776.7,0.116701,0.583474
10582,0.130241,0.566434
12495.7,0.119063,0.630885
13865.3,0.10217,0.577748
8256,0.133425,0.576672
39460,0.0897254,0.576685
11130.3,0.124292,0.556737
7667.33,0.127639,0.567168
6403.33,0.154291,0.591515
11482,0.105345,0.614701
37071.3,0.102812,0.583784
8080.33,0.12909,0.579019
6045.67,0.217827,0.595523
16119.7,0.113021,0.597552
15976.3,0.10769,0.580463
11541.3,0.138483,0.577547
19666.3,0.103371,0.565976
15169.3,0.116737,0.58471
15768.7,0.116189,0.590496
9648,0.180175,0.590485
6854,0.189127,0.627225
13842.3,0.137015,0.63968
11491.7,0.133459,0.593416
17511.7,0.118571,0.588769
11077,0.116466,0.581204
32424,0.101705,0.597921
16965,0.121847,0.589272
7102,0.135547,0.604055
10713,0.140863,0.589751
8065,0.188839,0.63509
5966.33,0.214874,0.624616
16343.3,0.122714,0.578625
23837.7,0.114297,0.596004
28885.7,0.116408,0.608237
10816.3,0.155475,0.613856
42112.3,0.105127,0.584714
12872,0.138927,0.620106
13487.3,0.127897,0.595571
32866.7,0.0862769,0.599645
49860.7,0.0960532,0.585859
10731.7,0.111779,0.604783
11794,0.156491,0.573682
29578.3,0.11969,0.596709
45620,0.10251,0.59224
19116,0.125658,0.60656
10899.7,0.122198,0.594361
10549.7,0.156059,0.598818
10652.3,0.161975,0.598429
12201.7,0.15525,0.587734
12661,0.155752,0.641813
9009.33,0.151968,0.622429
9652,0.119796,0.564443
82502,0.100236,0.584301
32749,0.08758,0.574247
4770.33,0.245988,0.634477
21052,0.124828,0.592153
9281.33,0.17694,0.604403
27062.3,0.0855047,0.606403
21911.7,0.108129,0.605309
63069.3,0.111066,0.593897
15303,0.101898,0.579756
38444,0.0989308,0.592654
7792,0.194362,0.578157
22286.7,0.10202,0.572375
6509.33,0.157198,0.594326
32369.3,0.091181,0.572013
8108,0.153172,0.610385
13333.3,0.116064,0.580625
26099.3,0.110903,0.601535
21296.7,0.101859,0.592831
69961.3,0.104916,0.58772
15155,0.107901,0.585219
14218.3,0.137835,0.601805
19663.7,0.125703,0.55978
70856.7,0.0950432,0.581065
44097.7,0.0828193,0.564006
19218,0.113144,0.596992
10650.3,0.164294,0.583237
20380,0.123766,0.602453
10347.3,0.152305,0.575575
7425,0.137397,0.534545
24485.7,0.112145,0.611187
13006,0.161093,0.593265
11516,0.106422,0.587965
5517.67,0.145561,0.615538
11041,0.147946,0.639163
64648.7,0.101743,0.579599
56642.7,0.100402,0.589932
14414.3,0.109416,0.543325
72895.3,0.0969838,0.584381
12447,0.139926,0.614044
30478.7,0.107202,0.596231
34164.7,0.100509,0.594103
7902.67,0.13182,0.600725
93267,0.0908227,0.576742
21901.7,0.107388,0.580199
4864.67,0.236061,0.574414
8460,0.114963,0.602246
22645.7,0.120279,0.578271
7987.67,0.141921,0.553395
30727,0.0923215,0.576268
33742,0.112129,0.587724
15953.7,0.11023,0.592424
10702.7,0.155498,0.612402
15538,0.125993,0.579032
11937,0.135253,0.592276
7873,0.139231,0.610568
13234,0.119603,0.596116
10876,0.103436,0.564546
18553.7,0.115791,0.584592
91478.7,0.112977,0.583681
9356,0.163327,0.584758
9843.33,0.161633,0.622723
5598,0.230679,0.602715
7083.33,0.189636,0.564659
8582.67,0.175449,0.622689
9835,0.16815,0.581291
9301,0.128838,0.583916
32388.3,0.103286,0.574209
32723.3,0.107631,0.584252
21605,0.120013,0.605878
11490.3,0.144929,0.60622
20187.7,0.105533,0.56343
70113.3,0.105947,0.58221
9958,0.148085,0.557843
9193.67,0.101163,0.587615
10103,0.166713,0.596358
11750.7,0.167419,0.602122
16919,0.117415,0.593652
9777.33,0.154058,0.557991
19154.7,0.132367,0.582017
12201.3,0.108058,0.562862
47722.7,0.105559,0.599177
16027.7,0.124682,0.57434
10950.7,0.128335,0.606569
12279.7,0.12804,0.621868
8352.67,0.173626,0.617687
18490,0.103805,0.572742
29663.7,0.100957,0.585138
17531.7,0.11592,0.588896
42849,0.101227,0.599711
14382,0.126572,0.578292
47392,0.0975981,0.572291
5173.33,0.156547,0.577126
44408,0.0997466,0.56661
11030,0.145752,0.584769
25437.7,0.107231,0.578683
7711,0.127821,0.615744
18011,0.113291,0.586419
14899.7,0.086386,0.584398
37348.7,0.0846038,0.589936
4923.33,0.167764,0.634056
164312,0.0986647,0.582097
5407.67,0.179806,0.6386
11737.3,0.106678,0.59244
54056.3,0.0993376,0.591784
19566.3,0.118746,0.602549
13401.3,0.103363,0.608795
7232.33,0.137541,0.627414
61649.7,0.0969259,0.57824
6924.67,0.15318,0.672716
10053.3,0.117326,0.601359
6260,0.121045,0.575559
10242,0.105129,0.573326
18132.3,0.0993572,0.588433
9397.67,0.119283,0.599227
12405.3,0.120125,0.581417
7486,0.108094,0.577211
9621.33,0.140825,0.632934
32536.3,0.0947223,0.5826
26274.7,0.117432,0.609345
8694.33,0.128348,0.581605
7457,0.156586,0.62438
7572.67,0.147996,0.61766
14076,0.122851,0.626243
20728.3,0.1062,0.57702
26263,0.103298,0.575068
14797.7,0.11468,0.616133
9844.67,0.148487,0.604117
12764.7,0.129418,0.555936
9209.67,0.137115,0.626117
10739.3,0.128042,0.5798
9552.67,0.124289,0.591702
14386.3,0.109992,0.572743
12553,0.135861,0.585836
16178.3,0.11688,0.612094
30156.3,0.0968947,0.610972
22244.3,0.0775217,0.592451
7238.67,0.135342,0.616596
17828.3,0.102465,0.616808
5412.33,0.133897,0.651598
6699.33,0.152048,0.589412
11337.3,0.130927,0.598348
6818,0.152801,0.605896
6502,0.157721,0.636881
9627.33,0.15493,0.651652
17033.7,0.111966,0.594137
10201,0.106478,0.586413
22861.3,0.0850229,0.595183
10134.3,0.149833,0.596257
10481,0.125694,0.591356
49161.3,0.113476,0.587426
10998,0.115237,0.564557
20355,0.133729,0.602309
28232,0.0935651,0.566627
37306.7,0.0921849,0.589769
10348,0.124028,0.6092
13566,0.118358,0.604968
11224.3,0.141739,0.568735
21750.3,0.100055,0.595286
15297,0.117824,0.553311
66326.7,0.102667,0.590688
17353.3,0.11601,0.611218
9122.33,0.110209,0.581174
24946.3,0.109761,0.57923
7126.33,0.140744,0.613452
33207,0.0898588,0.582197
12406.7,0.132253,0.605427
9653.33,0.11666,0.587742
8732.33,0.124195,0.609879
14091.3,0.129394,0.594597
23494.7,0.102093,0.591085
13652.7,0.116137,0.58328
7977,0.131076,0.595462
37302,0.0931765,0.598279
8153,0.133177,0.592911
10103.7,0.130852,0.587641
7611,0.136122,0.639338
10218.7,0.152099,0.606961
9072,0.122305,0.573302
25148.3,0.0847318,0.574935
11850,0.102653,0.616624
6925,0.155852,0.574729
9805,0.132295,0.595105
8554.33,0.153432,0.623738
64637.3,0.1115,0.616202
20376.7,0.106238,0.581368
7975.67,0.13788,0.537552
11357.3,0.133831,0.596413
15124.3,0.11436,0.580103
19417.7,0.0853677,0.576657
20154.7,0.0844665,0.601862
9661.67,0.128923,0.588235
24158.3,0.11548,0.594729
9133.33,0.130884,0.604124
9234,0.125822,0.587503
29163.3,0.10098,0.592685
26069.7,0.0905691,0.588283
15312.3,0.118752,0.582907
7500,0.12468,0.568
28522.3,0.103545,0.602884
54081.7,0.0917588,0.586009
7088,0.135954,0.630361
25738.3,0.102169,0.584601
14242.3,0.162394,0.615957
19749.3,0.121645,0.57104
6945.33,0.187564,0.593156
9182.33,0.17711,0.610484
24002.3,0.0976664,0.584554
21536,0.108112,0.598393
13605.3,0.13951,0.607017
8834.67,0.169138,0.611945
10265.3,0.153729,0.656449
7287.33,0.190193,0.601683
5999.33,0.213433,0.608345
9841.67,0.158765,0.598205
6950.33,0.200333,0.600355
17162.7,0.124257,0.599285
27212.3,0.124832,0.598797
5164.33,0.233353,0.557994
10046.3,0.164298,0.62079
6009.67,0.188941,0.636197
5835.67,0.243992,0.616096
22334,0.106955,0.572714
32511.3,0.102435,0.603256
22014,0.116374,0.578768
24814,0.100329,0.59269
32913.7,0.0971895,0.580954
33741.7,0.119247,0.581131
25050,0.0963551,0.576447
15576.7,0.132299,0.585384
12765,0.122494,0.614414
8196.33,0.13012,0.60218
7827.33,0.142978,0.571289
10007.3,0.146375,0.589235
8830.33,0.12757,0.57729
9268.33,0.176199,0.598454
5784.67,0.236568,0.6319
35149,0.0975332,0.559162
15733.3,0.113614,0.593178
10115,0.144974,0.62432
47941,0.0791947,0.567051
6508.67,0.227475,0.607703
9096.33,0.166188,0.586024
15033.7,0.12152,0.576262
7651,0.144034,0.605019
10212.7,0.156631,0.570207
7495.33,0.185841,0.643956
8306,0.154301,0.583313
10045.3,0.134354,0.611594
13281,0.136729,0.587079
13925.7,0.109657,0.576513
15822.7,0.122365,0.599604
9809,0.171396,0.643389
25380,0.0896655,0.552797
17198.7,0.112442,0.597566
16834.3,0.116976,0.604875
8805,0.126797,0.591936
12178,0.135259,0.579077
6335.67,0.135855,0.631557
12170.7,0.114824,0.577646
8237.33,0.135571,0.599425
13687.7,0.104308,0.584784
11814.3,0.110028,0.579437
11437,0.114004,0.608464
8024,0.121007,0.613659
41780.7,0.100421,0.581928
20861.3,0.104241,0.58499
13355.7,0.14027,0.590112
14897.3,0.0994735,0.584378
17004.7,0.113714,0.566276
12162.3,0.118591,0.577247
21916,0.109778,0.595775
7712.67,0.147955,0.592834
31707.7,0.0984335,0.574509
9523,0.122935,0.629213
14153,0.112062,0.593796
30221.7,0.0898189,0.580092
36418,0.107084,0.577709
30660.7,0.109671,0.582223
11003.7,0.12991,0.606919
47048,0.105105,0.578154
4299.67,0.172103,0.606636
17968.3,0.0933504,0.574158
29612,0.113423,0.597866
33216.7,0.105348,0.585198
9803,0.140813,0.594104
9230.67,0.128624,0.572259
53109.7,0.0910092,0.58007
7332.33,0.10337,0.577397
27842.7,0.11612,0.595214
15806.3,0.106083,0.575381
4713,0.194807,0.562275
7606,0.141742,0.619774
8569,0.157764,0.578364
10320.3,0.121186,0.626595
22416.3,0.0893534,0.559622
12187,0.113958,0.611225
11152.3,0.11936,0.602624
29009.3,0.102263,0.583042
16064.7,0.128891,0.607192
5738.33,0.236447,0.627999
20348,0.0977768,0.583595
91049.3,0.0941345,0.588205
24666,0.122387,0.587732
6950,0.199594,0.641295
20940,0.124524,0.554011
21161.7,0.12359,0.601481
42203.3,0.103059,0.580065
25579.7,0.114802,0.603148
17365.7,0.121267,0.583815
10396.7,0.165874,0.627349
19750.3,0.109655,0.585999
8920.67,0.157751,0.586877
23461.7,0.0935997,0.586588
15919.7,0.154316,0.611843
28802.7,0.114478,0.585652
12929.7,0.126836,0.589368
17048,0.125549,0.604176
10714,0.151448,0.570282
10023.7,0.155494,0.547637
7876.33,0.207392,0.629692
6492.67,0.224261,0.596879
20538.7,0.105709,0.614954
7237.33,0.141051,0.601419
8049.33,0.184256,0.612307
6810,0.197149,0.589574
4971.67,0.238464,0.59001
22477,0.129554,0.587667
63771,0.0981318,0.595114
8907,0.162595,0.590996
7814.67,0.176776,0.57358
18689.3,0.130146,0.607387
48344,0.0869218,0.578314
14113.7,0.130397,0.599726
110099,0.0964521,0.578016
8350,0.139182,0.635569
8264.33,0.206368,0.590328
10182,0.133425,0.625908
14950,0.138427,0.589431
29074.3,0.108049,0.572315
7806,0.139849,0.54535
50606.7,0.112367,0.576057
23684.3,0.0935074,0.580538
21781.7,0.115997,0.610391
9638.33,0.126505,0.585233
12887.7,0.104426,0.608204
18795,0.110168,0.577973
11532.7,0.119674,0.599543
7985,0.148358,0.593989
8249.67,0.138133,0.598004
52152.7,0.0904908,0.608048
13429,0.106484,0.601981
31747,0.104739,0.577157
13573.3,0.104619,0.579789
11540,0.103373,0.599913
9424,0.163841,0.646965
7320,0.115063,0.63224
36018.7,0.103759,0.607916
7015.67,0.138599,0.584739
50995.3,0.0963733,0.599833
16096.7,0.101367,0.595175
77844.7,0.0883504,0.591066
24162,0.0983573,0.609428
18669.7,0.100642,0.584281
9906,0.119154,0.613366
6639,0.133907,0.623437
21370.3,0.100351,0.59698
12081,0.105877,0.621637
26476,0.112316,0.593141
101830,0.0933161,0.58007
22306.7,0.0998192,0.58419
5730,0.157551,0.580628
6271,0.121002,0.635784
13411.7,0.116624,0.61367
8326,0.136856,0.625751
71166.3,0.0920883,0.582335
11888,0.120827,0.599176
7681.67,0.135661,0.59744
5828.33,0.143525,0.602688
8512,0.13749,0.600564
13213.7,0.0967946,0.626498
9933,0.146877,0.582503
27799.7,0.120481,0.59376
17898.3,0.108173,0.583444
12129.3,0.0915153,0.614268
13030,0.136777,0.6165
5990.33,0.180968,0.566524
7312.67,0.158854,0.564819
7066,0.14492,0.607133
7360,0.148171,0.613179
18047.7,0.10218,0.575162
13040,0.109534,0.601304
17895,0.110927,0.579268
12423.7,0.11653,0.588742
56717.3,0.109567,0.573593
21110.3,0.0929121,0.548673
7864.33,0.139271,0.591108
21220.3,0.102778,0.569815
17915.3,0.108333,0.590314
5469.67,0.170869,0.611798
31383.7,0.0960324,0.578464
11739.7,0.119139,0.58335
54367,0.0925566,0.59045
31109,0.106353,0.59703
14613.7,0.114322,0.581533
6014,0.162518,0.634519
20138,0.0956237,0.591568
6113.33,0.182908,0.633479
22484.3,0.104409,0.595822
16041.7,0.122882,0.601455
5418.67,0.142691,0.632874
64047,0.0980464,0.583603
17611.3,0.107937,0.57251
13518.7,0.110801,0.580851
9632.67,0.115016,0.614299
5967.67,0.138425,0.634307
30956,0.113229,0.572781
45519.3,0.101165,0.600001
26332.7,0.102325,0.588407
50672.7,0.108376,0.596443
59167.3,0.0993426,0.573334
9056.67,0.127043,0.596172
4463.67,0.167812,0.544246
10470.7,0.140679,0.611072
7842.33,0.115469,0.55974
10278.7,0.136335,0.549228
8978,0.12458,0.57162
5615.33,0.186756,0.649947
10754.3,0.122734,0.594055
9300.33,0.129817,0.62263
28261.7,0.110604,0.588831
7257,0.152781,0.615268
6856,0.152503,0.586202
49951,0.099451,0.593281
22356.7,0.0909635,0.582749
8082.67,0.143824,0.602441
33435.7,0.0945177,0.611901
9812.33,0.136804,0.57781
13654.3,0.0959722,0.626736
16201.3,0.118753,0.568019
10688.3,0.112083,0.581444
7632,0.124446,0.555162
13487.3,0.128947,0.584746
9489.33,0.117858,0.575769
20519.7,0.126504,0.596566
14210,0.146711,0.62083
5629.67,0.157307,0.545917
37613.7,0.0958531,0.605906
4418.67,0.257641,0.597993
8966.33,0.168505,0.589613
8509,0.177956,0.598543
8523.33,0.158633,0.601838
33057.7,0.105534,0.578817
9014,0.167683,0.631129
15291.3,0.0972243,0.574487
17628,0.109271,0.618334
5199,0.25596,0.652241
16099.7,0.10895,0.613139
8466.33,0.131941,0.560061
39947,0.0917941,0.594638
9424,0.185135,0.567699
5882.33,0.194783,0.538675
19494.7,0.120705,0.591615
51077,0.112172,0.584216
13865.3,0.141307,0.6084
53336.3,0.102087,0.569268
17348,0.14268,0.591826
10321.7,0.15228,0.602261
16334.7,0.110986,0.592441
18149.3,0.118864,0.590637
10380.7,0.160842,0.599416
13606,0.114476,0.597677
39226.7,0.101759,0.586166
22596,0.112786,0.600682
12938.7,0.117586,0.594755
11134.3,0.158375,0.608359
9001,0.142063,0.619709
62032,0.110735,0.581232
5226.67,0.167004,0.604273
10756.3,0.120213,0.622393
10838.3,0.106777,0.592957
19114,0.106165,0.625249
15079.7,0.123929,0.611044
20209.7,0.113498,0.601758
11208,0.110886,0.585475
74788.7,0.0943636,0.584398
8727.67,0.137268,0.615552
19583.3,0.0996709,0.580374
9613.33,0.11829,0.607871
16286,0.129739,0.622498
11449.3,0.115515,0.560615
8294.67,0.110206,0.597412
28471,0.102014,0.582277
16935,0.137986,0.607086
10915.7,0.145762,0.605949
71477,0.0977334,0.588819
15532.7,0.138192,0.589746
24265,0.107218,0.592087
49499.3,0.0915004,0.589638
33477.3,0.0999947,0.60174
6872.67,0.142367,0.593414
8916.67,0.130541,0.63615
17911.3,0.104568,0.601779
18019.3,0.105333,0.593955
21728.3,0.0867702,0.558334
8644,0.132709,0.631305
9560.67,0.139419,0.551775
13175.3,0.114617,0.593888
8260,0.131448,0.566707
5589,0.18173,0.592235
21006.3,0.105929,0.596042
21447.3,0.0983909,0.556464
7059.33,0.187698,0.618141
10113.3,0.126582,0.606493
34196.7,0.107837,0.590798
12973,0.160051,0.606799
19914.3,0.105801,0.576252
26357,0.112622,0.590849
11319,0.116284,0.586359
30526.7,0.105998,0.589594
12986.7,0.138255,0.574076
32850,0.100483,0.598904
18684.3,0.12363,0.607657
10443,0.161637,0.616968
73191,0.0866401,0.590114
13000.7,0.102287,0.559997
15401.3,0.115118,0.613107
14026.3,0.128104,0.607191
63712,0.106684,0.588084
31637.7,0.114105,0.593069
5266,0.231326,0.612229
13103,0.11781,0.576586
5192,0.257172,0.649461
33261.3,0.0906332,0.581566
21560.3,0.104746,0.588751
6251.67,0.209495,0.599893
13447.3,0.124954,0.584701
46746.7,0.111851,0.592627
10423,0.166892,0.582174
7090.33,0.136764,0.643928
24757.3,0.096798,0.591165
11257.7,0.133344,0.589495
85479.3,0.0957702,0.586711
7139.67,0.150575,0.565759
8368.67,0.13707,0.580658
9737,0.153852,0.59012
9914.33,0.114204,0.600309
10576,0.166506,0.624433
15644.7,0.122956,0.610581
54779,0.100404,0.580953
53359.3,0.105663,0.584859
17347,0.0971772,0.612037
18066.7,0.118255,0.610203
61179.7,0.115733,0.582339
9107.33,0.173376,0.57192
13994.7,0.134763,0.591535
16645.7,0.104426,0.559084
10167.7,0.183874,0.563191
8666.67,0.140461,0.607538
14616,0.134987,0.597975
34244.3,0.10538,0.580261
27045,0.108481,0.589647
7207.33,0.212472,0.59643
47794,0.0987469,0.609512
17395,0.142949,0.599138
90678,0.0929339,0.57681
20341.3,0.127864,0.584262
7104,0.177528,0.59741
10252.7,0.170309,0.564471
22160.3,0.112023,0.57976
7868.33,0.194438,0.604279
19784.3,0.13899,0.573012
5973,0.156238,0.576762
5332,0.152682,0.547074
24677.7,0.0985919,0.612389
9493.33,0.114524,0.578476
36353.3,0.108222,0.590968
6533.33,0.153901,0.560153
9943.33,0.122434,0.572712
32234,0.0934595,0.591487
13797,0.118519,0.576285
20036,0.0936216,0.610401
7112,0.133462,0.596175
22061.7,0.108147,0.593216
6030.67,0.143593,0.576443
7708,0.131698,0.564349
5410.67,0.154054,0.607196
13755.3,0.0940903,0.605196
17355.3,0.0914778,0.585853
10137.7,0.118884,0.582119
7900,0.117434,0.582658
74926.7,0.110846,0.579531
8746.67,0.146727,0.625191
8718.67,0.151165,0.624331
6696,0.173663,0.591846
6689.33,0.15793,0.639924
12544,0.124058,0.60794
36040.3,0.0991744,0.577288
20783.7,0.122624,0.596109
9791.33,0.151339,0.573739
20155.3,0.0895185,0.596054
47367,0.100659,0.593662
4770,0.249258,0.651153
10794.3,0.143895,0.618812
24675.3,0.114058,0.603626
30260.3,0.118088,0.567531
73968.3,0.0971543,0.587463
17456,0.121196,0.574187
9514.33,0.179684,0.62292
6040.67,0.133927,0.576647
26355.7,0.0976864,0.579015
14084,0.111819,0.585842
32181,0.095916,0.597993
45993,0.0759796,0.587676
8025,0.134022,0.605607
11404,0.117731,0.610224
16723,0.106899,0.590564
31092.7,0.103203,0.568473
5400.67,0.152425,0.551845
10678.7,0.122784,0.579036
8020.67,0.145071,0.595005
16753,0.11091,0.607652
8617.67,0.127803,0.588713
38823,0.0909855,0.59135
13102.7,0.104854,0.618373
49493.7,0.091526,0.584486
15280.7,0.100818,0.626696
16273.7,0.12285,0.599271
11058.3,0.111266,0.624295
16065.3,0.0986486,0.568035
13072,0.107726,0.615667
7134.33,0.151129,0.612484
26561,0.0924708,0.580287
8761,0.116295,0.590686
8978.67,0.128968,0.585425
8811.67,0.138686,0.581653
8365.67,0.12766,0.579671
40862,0.110979,0.580417
10909.7,0.130704,0.610498
13779.3,0.106753,0.607407
18027.7,0.119783,0.560213
14634,0.112723,0.586443
23088.3,0.0946283,0.595005
28963,0.0889255,0.607983
18115,0.11257,0.610433
17621.7,0.117263,0.618916
68785,0.100277,0.589213
18275.7,0.0995438,0.606562
7561,0.113653,0.573072
13574.7,0.0886032,0.560775
6893.33,0.123314,0.633027
8315.67,0.156677,0.56139
10993,0.128407,0.625489
8826,0.124495,0.603104
7346.67,0.159693,0.634211
9401.67,0.133669,0.580996
12315.3,0.139694,0.572998
28269.7,0.103021,0.583393
28625.3,0.114624,0.597466
16308.3,0.122437,0.602187
12390,0.136125,0.599354
8945.33,0.168694,0.588314
57254.7,0.103499,0.581565
19321.3,0.102101,0.579187
4996.33,0.163644,0.662219
19037,0.136722,0.58318
45434,0.0922834,0.59297
9963.67,0.168591,0.569904
51736,0.106658,0.569333
12645.7,0.085317,0.585365
8164.33,0.13436,0.617523
9836.67,0.130714,0.596577
4877,0.252879,0.6301
44170.3,0.0914229,0.578186
30538.7,0.102957,0.578982
31087.7,0.101619,0.592979
12260,0.131982,0.585889
48474,0.102776,0.576474
6188.67,0.162687,0.602445
8710,0.128096,0.572675
11555.7,0.080541,0.568062
8887.33,0.137769,0.598005
29501.7,0.108467,0.577741
8238.67,0.13427,0.598317
10306,0.142141,0.593732
37773,0.106332,0.572022
10002.3,0.151286,0.62862
25419.3,0.109696,0.583755
5448.33,0.154666,0.609483
94282.3,0.109682,0.595506
5342.67,0.172634,0.624657
10939,0.119106,0.582594
60638.3,0.100933,0.576742
61606.3,0.103552,0.581688
5506.67,0.186093,0.655085
15906,0.120094,0.599711
11327.3,0.120422,0.576099
10080.7,0.124211,0.560214
11970,0.110858,0.612782
30213.7,0.113562,0.560751
12676.3,0.111959,0.629967
6714.33,0.158035,0.64752
12506.7,0.101378,0.601466
7748,0.12548,0.598864
43357,0.101614,0.583228
5816.67,0.154383,0.586991
42091.3,0.0772412,0.598928
15433.3,0.0916529,0.616631
7712,0.0999016,0.575467
56810,0.112348,0.584369
7270.67,0.156856,0.553778
13992.3,0.0865878,0.596231
49280.3,0.0924507,0.580529
6528,0.138857,0.594363
7413.67,0.138929,0.599478
6805.33,0.16293,0.598158
27563.7,0.0760483,0.566591
82052,0.09764,0.593599
7250.67,0.119468,0.574476
22217.7,0.112084,0.578924
8463,0.149881,0.611722
13657.7,0.1145,0.58336
7331,0.136077,0.596235
6123.67,0.181862,0.59104
30104,0.0872518,0.604172
27440,0.121807,0.615087
74196.3,0.0968221,0.574579
9752,0.121039,0.614336
12890.7,0.146972,0.620552
8472.33,0.1636,0.544085
9759.67,0.141926,0.583353
12891.7,0.14548,0.599173
10481.7,0.151869,0.626459
41970.3,0.108445,0.604062
17176.3,0.083209,0.577927
15222,0.133178,0.563526
22592.7,0.112026,0.57498
50169.7,0.0977226,0.582111
23791.7,0.123186,0.621534
12541.7,0.132773,0.564864
26455.3,0.133157,0.60788
78587,0.0978876,0.573708
50123.3,0.110782,0.586666
25120.3,0.110335,0.579517
50500.7,0.0977634,0.577999
15596,0.135515,0.619967
10139.3,0.180015,0.600598
11481.3,0.117202,0.615143
31179,0.0969136,0.587639
10617.3,0.120191,0.5891
6553.33,0.160069,0.637945
60859.7,0.0957714,0.56948
12599.3,0.123881,0.585401
40362,0.108305,0.603687
47312.7,0.0965343,0.571968
4321.67,0.196233,0.629927
15676.7,0.114432,0.621008
6924.33,0.148535,0.604631
8407,0.121195,0.652314
18428.3,0.109534,0.559609
13279,0.113387,0.619324
7991,0.133894,0.569891
12140,0.10626,0.570675
59931,0.0912866,0.616409
15952,0.116227,0.59328
19380,0.1103,0.621827
35516.3,0.110913,0.594337
5081,0.194882,0.609132
11963.7,0.107233,0.591402
48148.3,0.106364,0.587054
62350.7,0.102103,0.580913
48976.3,0.103367,0.576169
5746.67,0.157123,0.600406
40971,0.102245,0.607234
21560.3,0.107932,0.600254
30766,0.0968457,0.590002
66906,0.0905737,0.588019
5643.33,0.164161,0.578677
4286,0.194797,0.614792
32885.3,0.109797,0.583441
78369.3,0.10332,0.587828
4667.33,0.180111,0.621054
23850.3,0.0928208,0.564213
5927.33,0.174061,0.596333
45150.3,0.106246,0.595736
6950.67,0.131686,0.542874
10298.3,0.119201,0.635702
39716.3,0.111855,0.583404
18491.3,0.104658,0.621408
15148,0.109278,0.584632
38031.7,0.0927769,0.589675
27415,0.111607,0.576983
16469.7,0.0977901,0.590196
50450.3,0.0947245,0.571585
5869,0.181005,0.579826
28599.3,0.0964875,0.591191
56774.3,0.0907857,0.583638
11317.3,0.12729,0.624853
51505,0.103388,0.581536
51031.3,0.106368,0.582518
13617,0.122511,0.559815
18951.7,0.106328,0.59796
10789.7,0.112443,0.595323
5790,0.171817,0.611399
8252.67,0.136042,0.579368
22600.3,0.100873,0.590109
24447.3,0.110474,0.599316
31373.3,0.109276,0.603751
9321,0.125404,0.579766
7179.33,0.154593,0.572012
20372.3,0.103804,0.603695
26481.7,0.101812,0.596652
67387.3,0.100031,0.580534
8345.33,0.121675,0.546014
11155.3,0.124535,0.627473
35477.7,0.0961961,0.590747
7390.33,0.158039,0.565423
6091.33,0.160683,0.609336
10716.3,0.115987,0.597188
4694,0.207766,0.557307
20089.7,0.109696,0.575387
7018,0.126346,0.560986
145728,0.102028,0.594872
35680.3,0.0929943,0.587037
9880.67,0.107382,0.56872
7000.67,0.181529,0.579135
61007,0.102932,0.589031
6676.33,0.136011,0.595936
5369,0.185702,0.621717
17011.3,0.0995474,0.605753
3977.33,0.187096,0.631998
6242,0.162863,0.596123
49533,0.112918,0.584822
12693.7,0.118267,0.593078
27029.7,0.0989265,0.586035
13502.3,0.121658,0.620609
7481,0.142641,0.623045
16727.3,0.101029,0.588478
18275.3,0.105256,0.570861
6780.33,0.153362,0.565262
9030.33,0.120107,0.610129
17191.7,0.104365,0.60287
21748.3,0.0810792,0.587708
68100.7,0.0991825,0.584067
6958.33,0.140502,0.579976
23816,0.0962119,0.590611
29169.7,0.0995529,0.586305
36195,0.0945631,0.565465
6624,0.162515,0.589372
7931,0.148878,0.609507
5794.67,0.15953,0.638921
6387.67,0.154048,0.619371
10119,0.103139,0.599269
6635.67,0.141205,0.55689
7278.67,0.144114,0.589852
37720,0.117908,0.587699
6237,0.173018,0.641815
17912.3,0.090604,0.580754
16165.3,0.115457,0.575594
21377.3,0.127133,0.57405
18838.3,0.0999087,0.581722
54681,0.0948806,0.5815
12882.3,0.14776,0.587445
8246,0.141135,0.542566
6964,0.159807,0.620764
5693,0.169962,0.616371
59223.7,0.105044,0.595528
7984.33,0.124473,0.600635
6894,0.171239,0.592254
15132.3,0.113265,0.576624
65591.7,0.104533,0.579987
20685.3,0.103915,0.571307
9610,0.140598,0.591883
18900.7,0.10598,0.566188
4653.33,0.230994,0.590473
22833,0.118079,0.573118
10069,0.159932,0.609296
35439.3,0.0929973,0.594895
18850.7,0.111263,0.571456
5957.67,0.152316,0.61758
54071,0.0981593,0.595902
83044.3,0.110461,0.579674
29072.7,0.0963512,0.597205
7198,0.13272,0.621978
12103.3,0.118041,0.635252
28272,0.115139,0.593308
31343,0.101522,0.59956
11893.7,0.137472,0.607242
47289.7,0.105501,0.589438
35768.3,0.0923646,0.574018
33036,0.0886006,0.593292
9345.67,0.126583,0.597318
9567.33,0.13452,0.593025
9148.67,0.131302,0.59761
30271.7,0.116346,0.604471
10049.7,0.166274,0.611795
61989,0.107527,0.594364
4727.33,0.259064,0.563672
7589.33,0.153814,0.580376
5464.33,0.132487,0.578052
27138,0.0887426,0.576351
11515.7,0.123166,0.586274
5561.67,0.173215,0.605454
43230.3,0.0936449,0.574797
15628.7,0.111938,0.593674
17245.7,0.12133,0.593676
31120.3,0.110184,0.578068
35995.3,0.0948678,0.594318
23826.7,0.107712,0.598167
12482.7,0.0994285,0.617443
10775,0.15956,0.569838
69382.3,0.0975002,0.57628
50901,0.101484,0.589674
32602.7,0.111561,0.594624
9033.67,0.163295,0.620715
10692.3,0.119486,0.617046
47470.7,0.0982657,0.573372
13753,0.0957752,0.582927
8759.33,0.172213,0.634257
6274.33,0.183845,0.533549
12071,0.137962,0.588435
11510.3,0.134899,0.576062
39639.7,0.100425,0.591033
8701.33,0.132455,0.578034
70651,0.0913981,0.589362
22398.7,0.113784,0.59197
8770,0.142426,0.601938
52259.7,0.094259,0.587151
11038.3,0.116123,0.611022
23451.7,0.108992,0.588075
14524.7,0.124916,0.574081
5129.33,0.171334,0.586366
6428.33,0.178124,0.658439
34114.3,0.109951,0.605015
30719.3,0.0882118,0.562729
36614,0.101353,0.603239
14435,0.128719,0.605126
42611.7,0.0917284,0.579168
12322,0.110587,0.610047
55587.7,0.102152,0.573694
18623.3,0.116857,0.554985
6878.33,0.186802,0.600097
6746.67,0.138338,0.603903
7797,0.135166,0.588047
75934.7,0.101607,0.584783
7616,0.133007,0.566439
9717.33,0.132978,0.595602
18544.3,0.0953881,0.61273
5779,0.215469,0.63004
57545,0.0924337,0.591346
18407.7,0.106543,0.595748
5066,0.17754,0.533952
22813.3,0.134223,0.596873
12133,0.134885,0.578093
16154.3,0.107053,0.562058
9258.33,0.123681,0.581386
78325,0.0900236,0.594102
7711.67,0.14187,0.555176
10570,0.132165,0.577294
27952,0.103147,0.591335
4023.33,0.205012,0.576802
6737,0.143649,0.609322
6139.33,0.156938,0.622815
13805,0.118669,0.550887
11852.7,0.117307,0.60428
27328,0.0846444,0.577979
11132.3,0.127126,0.626972
68668.7,0.10556,0.585774
6117,0.181622,0.606506
8604.33,0.12622,0.551892
20884,0.0982654,0.59797
76095.7,0.100361,0.593586
69180.3,0.0893342,0.593285
11171.7,0.142087,0.573803
28581,0.0941078,0.58112
60015.7,0.100262,0.58132
8343.67,0.180932,0.582398
7568.33,0.15165,0.519225
18457.7,0.116438,0.582649
61193.3,0.100887,0.583996
9214.67,0.134963,0.586276
44674,0.101761,0.58759
9871.33,0.150506,0.590869
5638.67,0.221307,0.579274
33271.3,0.0998851,0.573306
5644.67,0.179039,0.560411
37094,0.106733,0.608778
5370.33,0.177069,0.542176
31407.3,0.0983359,0.588674
19205,0.12139,0.595886
10940.7,0.150004,0.596703
8636.67,0.150515,0.564608
62184.3,0.0889834,0.583743
93796,0.103705,0.596134
8443.67,0.156776,0.609372
4380.67,0.194059,0.599528
45552.3,0.101944,0.59724
8013.67,0.131745,0.5949
6188,0.174143,0.589043
38237.7,0.100827,0.603184
53170.7,0.102449,0.585724
11024.7,0.102327,0.592792
78040.7,0.105473,0.580035
6504.33,0.174473,0.668734
5589.33,0.159764,0.640625
9577.67,0.128505,0.610831
8941,0.134094,0.624091
6876.33,0.173188,0.607107
32135.7,0.104504,0.5803
34627.3,0.0989374,0.571649
13442.3,0.134163,0.580604
26228.3,0.0954022,0.569677
12520.3,0.117313,0.612098
36253,0.102365,0.571842
5395,0.149443,0.598146
16965.3,0.108447,0.585351
72538,0.099602,0.589967
11882.3,0.141418,0.606839
16246.3,0.10379,0.548411
63749,0.108722,0.580386
61368.3,0.11272,0.588278
4493,0.196954,0.647006
9196.67,0.140677,0.567959
12320,0.130423,0.607062
20592,0.114858,0.611888
52434.7,0.104329,0.58912
13001.7,0.109077,0.590104
79439,0.104022,0.585695
12299.7,0.125709,0.594433
7313,0.164856,0.591549
7662.33,0.133996,0.613738
7089.33,0.138341,0.589853
7891.33,0.140208,0.616203
11622.7,0.102249,0.622777
11744,0.109873,0.595453
29898,0.0970823,0.573249
11084,0.0980859,0.577499
55905.3,0.104047,0.583606
17969.3,0.0963376,0.593437
5438.67,0.190393,0.604253
11641,0.123926,0.568508
15421,0.102963,0.561377
5612,0.163883,0.612438
16162.7,0.105997,0.590827
62261.3,0.0945235,0.599195
22300.3,0.107457,0.589169
15541.7,0.106895,0.598155
5246.67,0.196765,0.589962
9806.33,0.125555,0.599884
58221.3,0.103913,0.577944
38748,0.10441,0.583798
34929,0.111062,0.586046
10282.7,0.138157,0.582274
19001.7,0.0998591,0.575914
5883.67,0.139476,0.614469
43537.7,0.087087,0.576933
7868.67,0.15419,0.6051
14736,0.0956938,0.600502
9540,0.132088,0.595178
48077,0.10243,0.594837
9309.67,0.10493,0.599842
5327.33,0.180581,0.599862
5957.33,0.162732,0.585441
50895,0.0927335,0.579232
23768.3,0.10088,0.588374
6848.67,0.154667,0.568773
73070,0.117635,0.592541
39423.3,0.10428,0.596314
32134.7,0.114812,0.589249
8690,0.137175,0.586421
9734,0.137104,0.606534
14301,0.116086,0.591637
34058.7,0.1042,0.609928
23501.7,0.121735,0.594525
30307,0.121331,0.586069
5948.67,0.156941,0.567578
37449.7,0.103348,0.571763
36088,0.108543,0.572462
7714.67,0.183934,0.579718
7170.67,0.194526,0.634297
7794.67,0.18242,0.597631
6660.67,0.186374,0.58858
41847.7,0.0959095,0.594569
10768.7,0.122966,0.610413
8055.33,0.135512,0.620045
13302.3,0.0931331,0.562733
5775,0.179697,0.64987
17623.3,0.0903688,0.559807
8549.33,0.135775,0.621998
12210,0.134261,0.597789
75608.7,0.10026,0.595333
45689.7,0.0928308,0.571997
36220,0.0875634,0.586278
9988.33,0.126827,0.604472
20521.7,0.108495,0.599237
12990.7,0.116259,0.593144
10954.7,0.108417,0.610638
30936,0.107284,0.578776
27803.7,0.102677,0.579864
29340.3,0.101127,0.578442
8012,0.131246,0.600724
13593.3,0.111497,0.592987
6545,0.145049,0.597708
14220,0.110736,0.586146
7985.33,0.136479,0.574887
12739.7,0.125945,0.571156
6497,0.158146,0.60982
92857.3,0.102509,0.589546
70003.7,0.0928319,0.584117
6928.33,0.127056,0.552466
38905.7,0.100771,0.577045
23776.3,0.0948545,0.58275
74848.3,0.0896545,0.588519
18178,0.0915434,0.612664
8705.67,0.122547,0.617108
5167,0.176595,0.634991
49037.7,0.0981299,0.585353
7849.33,0.13857,0.545482
7533,0.160636,0.571751
14188.7,0.105684,0.569774
11796.3,0.124435,0.578372
8656,0.133798,0.586645
10684.7,0.120853,0.61699
15454.7,0.106825,0.613558
12426,0.116106,0.626187
9933.67,0.138552,0.581289
6181.67,0.146757,0.56398
11424,0.115335,0.589198
5541.33,0.169166,0.622714
13547.7,0.117972,0.630096
14720,0.0863922,0.618003
19989.7,0.108552,0.575264
14443,0.120576,0.575711
41961.7,0.100422,0.582635
27232.7,0.0929174,0.59966
22061.3,0.0985426,0.582089
18628.3,0.0858021,0.556876
21586.3,0.1069,0.585123
10787.7,0.148346,0.606186
7268,0.152478,0.65699
5855.67,0.17939,0.625263
15189.3,0.101289,0.603823
74402,0.104253,0.597363
65056.7,0.0959733,0.588538
18210.3,0.111046,0.589867
17076,0.118889,0.606348
20058.7,0.102446,0.6024
12121.3,0.125575,0.594544
33633.7,0.101058,0.592601
7525.33,0.139085,0.569233
4674.33,0.18786,0.642587
73506.3,0.103259,0.595087
64454.7,0.0990101,0.587426
35210,0.115662,0.59236
33987.3,0.0993612,0.583767
11086.7,0.126022,0.567108
23829,0.111949,0.612321
9388,0.143028,0.601726
59995,0.107416,0.581398
7611.67,0.193572,0.600963
13189.3,0.11394,0.587343
11787.3,0.119708,0.594763
26418,0.105315,0.596904
4062.67,0.177974,0.524122
8421,0.122166,0.636385
17353,0.128094,0.594652
6910.67,0.144597,0.605489
22850.3,0.122966,0.58873
5662,0.177183,0.576298
8531,0.129202,0.560075
7381.67,0.150812,0.632965
11096,0.119974,0.568583
20304.7,0.110918,0.607709
29381,0.0880149,0.564378
29473.3,0.0919415,0.574135
17892.7,0.0989222,0.601047
31162.3,0.105539,0.598885
14600,0.112785,0.583425
4894,0.180371,0.663465
9300.33,0.112722,0.570374
45447,0.112348,0.580544
12880.3,0.106468,0.607179
8076.67,0.130025,0.634338
31387,0.117706,0.593749
13380,0.113079,0.569357
23166.7,0.110111,0.607655
8809.33,0.115087,0.616808
48770.7,0.0993763,0.598112
6048.33,0.144005,0.580766
6559.33,0.127202,0.598486
5910.67,0.167864,0.603372
44354,0.110073,0.569216
13891,0.106633,0.571089
31093.7,0.10068,0.567232
15093.3,0.121454,0.603754
8183,0.139926,0.628009
41567,0.103835,0.576106
9669.33,0.136355,0.55957
74412.7,0.0958643,0.586786
30058.3,0.0992878,0.574206
63985,0.0968733,0.580214
5007,0.177715,0.644498
14434.7,0.106246,0.587775
24012,0.108356,0.578003
8921,0.121754,0.560475
6278.67,0.145021,0.655766
68037,0.0992816,0.586255
6614,0.152315,0.559873
17097,0.105121,0.578464
6186,0.14662,0.626899
8026.33,0.137399,0.604469
7447.67,0.153295,0.613391
20861,0.110998,0.616174
51217.3,0.0899781,0.586592
16498,0.116851,0.598497
6020.33,0.172414,0.61021
17262.7,0.121393,0.601838
9238.33,0.131541,0.60451
10899.7,0.110958,0.572984
6508.33,0.156084,0.552625
10844,0.116123,0.606234
9104,0.138339,0.609183
8773,0.135749,0.567765
5737.67,0.159859,0.589322
10015.7,0.156727,0.580624
6794.33,0.14962,0.589266
6891,0.157105,0.590335
7309,0.140372,0.629908
12896,0.129002,0.580413
39597,0.0950666,0.599995
34705,0.0995014,0.583605
7217,0.182536,0.599279
47386.7,0.101113,0.585467
7238.67,0.143009,0.565896
11416.3,0.105307,0.545505
52465.7,0.0834292,0.589992
13974,0.112313,0.599399
31386.7,0.109264,0.577772
11834.7,0.119414,0.576724
9212.33,0.134278,0.587003
20283.3,0.0806571,0.582186
4869.67,0.185251,0.598056
6686,0.163875,0.584355
7557.33,0.13702,0.637218
19626,0.111999,0.635891
47912.7,0.0981675,0.608051
24469.3,0.128209,0.563467
7517.33,0.153491,0.575825
6091.33,0.163921,0.596695
7581.33,0.126258,0.596817
8752.67,0.125034,0.565694
84953,0.09782,0.575989
7667.67,0.139075,0.581837
68395,0.102177,0.594707
33218.7,0.110699,0.564632
12370,0.113604,0.587389
6515.33,0.145179,0.599918
6275.33,0.144727,0.617922
9218,0.137644,0.603276
6971.33,0.162775,0.577173
47521,0.0947328,0.585446
7411.67,0.123972,0.57441
5358,0.174012,0.563643
32715.7,0.0990661,0.594343
71407.7,0.0980997,0.594087
45289,0.0786023,0.60284
74280.3,0.107549,0.585951
19320,0.111204,0.576139
6780.67,0.139332,0.582883
4271,0.213445,0.662842
40141.7,0.106188,0.596446
12707.3,0.0949689,0.575468
10727,0.133893,0.563811
5646,0.149894,0.614063
11985.3,0.112909,0.597536
33454.7,0.0980458,0.580557
72504.3,0.0963629,0.583671
7202.33,0.144099,0.565465
11813.3,0.133182,0.609537
14598.3,0.126111,0.596141
11717,0.123953,0.565844
6062.67,0.155147,0.583297
19397.3,0.103577,0.587589
14377.3,0.108139,0.582491
21502.3,0.117829,0.59113
54347.3,0.101985,0.583334
60667,0.093564,0.574909
90669.7,0.0906314,0.585172
47480.7,0.101894,0.585656
7869,0.151333,0.622951
23081.3,0.0996421,0.601164
90643.3,0.0979469,0.581793
69576.3,0.111394,0.581199
7293.33,0.178454,0.59872
56534,0.0886315,0.58724
4481.33,0.178229,0.597516
72509,0.0992625,0.595761
33314.3,0.102445,0.59712
59941.7,0.0988059,0.584057
27096.3,0.098928,0.585012
14936,0.115062,0.62962
11058.3,0.125904,0.586225
11030.7,0.120336,0.611145
44494.7,0.103653,0.581223
38242.7,0.101868,0.580512
18905.7,0.110829,0.60116
12940.3,0.146325,0.605909
44287.7,0.0923787,0.575721
8323,0.173448,0.62105
78977.7,0.11084,0.590108
24906,0.107536,0.56637
73810.3,0.11108,0.571487
11389.7,0.106523,0.597588
6682.33,0.157398,0.598094
12357.7,0.119112,0.613492
17526,0.117227,0.589638
47936.3,0.110832,0.583997
37644.3,0.0988271,0.607599
5423.33,0.169427,0.602704
24918,0.105481,0.621157
5141.33,0.20172,0.599002
9962.33,0.15378,0.608258
6917.67,0.167983,0.622512
18409.3,0.123675,0.586967
4704.33,0.209478,0.62616
31778,0.116214,0.584933
5004.67,0.183426,0.594712
3960,0.229982,0.583838
64845,0.114093,0.56908
15004.7,0.111768,0.620829
15623,0.103409,0.587083
9293,0.166836,0.625955
30561,0.0995908,0.575047
22812.7,0.103435,0.60161
6432,0.167599,0.598725
12570.3,0.128972,0.601628
35808.3,0.0920147,0.581671
8715.67,0.140985,0.614564
9287.33,0.146248,0.614026
13321,0.109173,0.594024
17631,0.1102,0.594237
11988.3,0.111922,0.577951
12585.7,0.128422,0.598485
41074,0.107215,0.573258
18451,0.109014,0.589724
39213,0.106695,0.594216
10372.7,0.112339,0.590141
8207.67,0.142686,0.597165
10385,0.125624,0.585845
12612.3,0.120806,0.603193
16459.3,0.111775,0.590283
5378.67,0.185181,0.61211
20071.7,0.115071,0.595433
5463.67,0.172052,0.628943
32062.7,0.103251,0.594035
86361.7,0.0906889,0.585507
29868,0.0970179,0.602317
18500,0.109629,0.621514
46744.3,0.0934882,0.589883
37151.7,0.105671,0.590938
11524,0.132269,0.575755
7003.33,0.126099,0.576107
4714.67,0.189487,0.592477
19601,0.111354,0.581144
9791.67,0.135367,0.616681
57720,0.0994791,0.570322
4516.67,0.181044,0.53941
82393.3,0.0966059,0.603406
15856.3,0.100088,0.580693
9608.67,0.136589,0.58815
35112,0.106562,0.57664
12480.7,0.110914,0.562497
6144,0.146602,0.63623
10280.3,0.129298,0.582731
72661.3,0.105711,0.594507
27840.3,0.107368,0.56751
11570.7,0.120998,0.618489
9251.33,0.104742,0.595878
15801.3,0.113031,0.572969
16834.7,0.114628,0.60615
8973.33,0.113408,0.574554
7472.33,0.139786,0.581568
17870.7,0.107772,0.569779
12951,0.121414,0.560883
27383.3,0.108415,0.56829
8280.67,0.132383,0.557121
11569.3,0.118392,0.58583
10976,0.11774,0.566964
34605.3,0.0979762,0.603366
22823,0.111284,0.584016
6142.67,0.153182,0.568863
17979.7,0.103103,0.577115
6202.33,0.188897,0.626646
12274.7,0.120579,0.609168
13724.7,0.130084,0.581896
9535.33,0.124463,0.578655
22197,0.1128,0.619093
37537.3,0.0913433,0.585435
21372.3,0.0975358,0.609183
18636.3,0.113171,0.579442
19134.3,0.100499,0.596136
74296.3,0.095911,0.587615
12078,0.117431,0.587183
14297.7,0.125505,0.592078
8459,0.127626,0.606691
19048,0.104519,0.593868
36959,0.106507,0.587868
16905,0.123701,0.603135
6782,0.158487,0.58788
10308,0.128191,0.597885
25107.3,0.0896242,0.583322
15196,0.11221,0.610358
6327.67,0.171695,0.585735
25310.3,0.0987201,0.591998
41055.3,0.100794,0.585348
19994.3,0.123471,0.560592
57858.3,0.0928548,0.572029
11553.7,0.107953,0.61161
51552.3,0.0997262,0.588328
10261,0.132822,0.556379
7945.67,0.13774,0.601376
78658.7,0.0988017,0.592959
10241.7,0.11381,0.612921
11207.3,0.136569,0.584766
25371,0.102884,0.587088
5795.67,0.165313,0.600161
18905,0.10756,0.600688
8157.67,0.167259,0.626691
6494.33,0.174228,0.585844
11746,0.118908,0.577729
63792.7,0.104219,0.586311
7569.67,0.15675,0.645515
5452,0.174368,0.581988
9430.33,0.127634,0.569934
16239.3,0.128108,0.594093
7109.33,0.14228,0.575253
9005.67,0.140196,0.595107
22714.3,0.11544,0.608104
7076,0.148805,0.586066
11525.3,0.0976558,0.608717
16180.7,0.117278,0.568168
17581.3,0.112002,0.584578
22526.7,0.112955,0.614531
9784,0.115393,0.602514
18696.3,0.117564,0.588547
14630,0.108122,0.58175
5728,0.133272,0.575943
7627,0.154462,0.63131
34665.7,0.103108,0.580007
29166,0.106998,0.575842
10266,0.11172,0.578025
21856.3,0.0993945,0.591667
62737.3,0.104991,0.578645
9696,0.126771,0.568172
43634,0.093902,0.583192
6924.33,0.148634,0.590334
29135.3,0.0911999,0.601595
74608.3,0.0956199,0.576526
49020.7,0.104679,0.580293
9057.67,0.1372,0.61907
42626.3,0.104648,0.578039
6308.67,0.159079,0.617774
11130.3,0.119359,0.580815
7003.33,0.14795,0.624798
105348,0.0953909,0.59442
10191.7,0.116159,0.568046
35899.3,0.117586,0.584041
49120,0.0815201,0.582757
9036.67,0.125398,0.662228
40739.3,0.10941,0.591337
12046,0.117148,0.593973
21162.7,0.105602,0.611517
18847,0.1048,0.568472
31709.7,0.0994993,0.569111
5409,0.178599,0.598077
11523,0.111832,0.620932
8809,0.160913,0.588943
55145.7,0.0960321,0.586126
10364.7,0.152466,0.583746
6923,0.136898,0.577784
47489.7,0.101452,0.590662
47275,0.101776,0.594331
16442,0.10526,0.6009
14563.7,0.109776,0.60667
10756,0.129125,0.630997
5650.67,0.180243,0.579814
34481,0.11034,0.583191
5270,0.199703,0.608918
7263.33,0.184373,0.590454
6091.33,0.155688,0.604739
34278,0.119484,0.595046
7973.67,0.095679,0.652565
14161.3,0.129653,0.555221
37390.7,0.103975,0.574885
39630.7,0.103168,0.580922
9770,0.187526,0.588434
58405.3,0.0982951,0.597679
67259.7,0.0957473,0.58236
6569,0.158693,0.583803
30358.3,0.114482,0.587406
58373,0.097948,0.591763
23280,0.101519,0.591409
30977.3,0.0935532,0.581866
63566.7,0.10217,0.587058
76978,0.101446,0.592754
36752.3,0.109258,0.591572
12261,0.105402,0.583395
4647.33,0.210433,0.604146
10141.7,0.115284,0.56493
5143.33,0.15852,0.621711
6196.67,0.155244,0.605218
13769.7,0.0928337,0.601636
11672,0.090934,0.578564
87524,0.101443,0.590764
10432.3,0.106212,0.590057
22867.3,0.0918218,0.617635
19059.7,0.0788549,0.563459
7214.33,0.164369,0.642841
25824.7,0.117826,0.582944
11697.7,0.131753,0.574588
22230.7,0.111963,0.575301
17920.3,0.0971678,0.592102
11179,0.140269,0.63172
21655.7,0.095517,0.589284
16103,0.114332,0.602683
29985.3,0.110599,0.589044
5951.33,0.166441,0.577966
15500,0.102537,0.604774
20617.3,0.118585,0.616358
20043.7,0.0817442,0.61208
5930.33,0.14727,0.59502
10868.7,0.116579,0.619242
9019.33,0.151791,0.630276
12762.7,0.119354,0.57616
13385.3,0.115658,0.60377
75284,0.0989293,0.587681
38081,0.116453,0.590478
12687,0.11374,0.583511
27209,0.108381,0.580396
17131.7,0.0763522,0.582742
81638.3,0.0921432,0.585015
24601.7,0.107924,0.569609
11672.7,0.129989,0.56014
28584.3,0.0968088,0.59479
127374,0.0928429,0.588609
13654.3,0.109608,0.595904
22281,0.108448,0.582873
66984.7,0.0876917,0.581272
34801,0.0993078,0.589322
75311.7,0.0915572,0.597681
9082,0.102627,0.585554
50994.7,0.0984737,0.573008
12481.3,0.110739,0.587571
26105.7,0.108028,0.580117
82501.3,0.0934207,0.588871
50824.3,0.107845,0.591777
15121.7,0.10498,0.592285
6655.33,0.170727,0.624411
5057.67,0.188196,0.62229
68301.3,0.108414,0.590584
51860.7,0.0966032,0.582008
11487.7,0.138584,0.589879
7972,0.118536,0.560336
4864,0.159238,0.570107
46496,0.105777,0.571275
31439.7,0.0913848,0.576384
5187.33,0.166699,0.613546
74695.7,0.105172,0.600923
20013,0.109046,0.6149
39908.7,0.101048,0.613359
13377,0.105191,0.626897
13356.7,0.136857,0.56596
7961.67,0.135317,0.615616
14267.3,0.107361,0.567917
9713,0.126835,0.600021
19997.3,0.0989078,0.603164
5722.33,0.156503,0.636395
19170.3,0.101281,0.592408
15896.7,0.101624,0.583728
17553,0.102083,0.578875
45356.7,0.109495,0.590924
41511.7,0.106906,0.571992
15130.7,0.105085,0.611495
6737,0.163414,0.5829
9435.67,0.125909,0.570318
7853,0.125666,0.602445
6852.67,0.150681,0.562749
61002.7,0.0981871,0.563407
5420.67,0.17183,0.601095
11879.7,0.103962,0.609641
78623.7,0.0925067,0.593108
8948.67,0.131687,0.577889
14837.3,0.123726,0.591661
14951.7,0.122827,0.600624
85869,0.101785,0.594929
13533.7,0.118618,0.619738
48403,0.101018,0.562155
8399.33,0.112613,0.543932
5955,0.14901,0.623846
5913.33,0.164024,0.555637
12931.3,0.134193,0.60084
8763.67,0.120608,0.597961
24156,0.113115,0.60544
78971.7,0.0885953,0.589861
9425.67,0.135546,0.599675
24550,0.10804,0.597149
31154.3,0.105131,0.60976
10287,0.146436,0.616215
16333.3,0.115464,0.621286
31239.7,0.098163,0.591246
14561,0.130274,0.597624
21314,0.0973447,0.590082
13258.7,0.117755,0.588998
27781.7,0.0992524,0.600156
16775.7,0.109318,0.592366
33079.3,0.0934916,0.580443
5673,0.163419,0.681297
24801.3,0.10915,0.617534
35378,0.0936305,0.58901
8408.67,0.15065,0.581226
5286,0.19216,0.638668
58676,0.0890793,0.575942
5961,0.164551,0.581614
10337.7,0.127774,0.598523
20809,0.117318,0.618338
5515,0.164816,0.613418
37770,0.10539,0.585385
12900.3,0.126998,0.610501
69736,0.102463,0.576632
9449,0.161468,0.576146
77273,0.102138,0.575414
32593.7,0.110105,0.583222
19659,0.0815036,0.591078
15510,0.113814,0.577821
40824.7,0.0989518,0.572407
13761.7,0.127804,0.566525
18949.7,0.113324,0.562613
6644,0.171429,0.57345
11386,0.122117,0.574477
97320.3,0.0956728,0.576002
25003.3,0.101931,0.613265
9518,0.144756,0.567766
39384,0.10564,0.563605
10018.7,0.117588,0.601411
78268.7,0.0946927,0.586446
10230.7,0.111395,0.612603
9447.67,0.13346,0.583248
28266,0.109576,0.584908
20662.3,0.0983356,0.583219
18095.3,0.107954,0.579689
17496,0.11926,0.577732
17732.7,0.131505,0.606019
77129.7,0.0958074,0.598283
14999.3,0.122808,0.583604
35216,0.0974361,0.577777
46612.3,0.110798,0.581084
8108.33,0.138781,0.603905
22214,0.115497,0.614342
78118.3,0.0878869,0.590075
35982.7,0.113778,0.579455
3665.67,0.241641,0.607893
14175.3,0.108069,0.597282
35255.7,0.0969705,0.581561
39266,0.111941,0.59153
8167.67,0.1519,0.611354
21426.3,0.102596,0.610542
17625.7,0.0997221,0.604762
15446,0.112413,0.600868
36669.3,0.101992,0.590566
24115,0.110847,0.577566
9757,0.126134,0.606436
79772,0.105404,0.586033
64048,0.100967,0.588637
17308.7,0.097235,0.625024
19020,0.101585,0.608885
5975.33,0.145859,0.54619
31248.3,0.10294,0.57874
12770.7,0.104528,0.593104
51812,0.0983713,0.579345
11742,0.133647,0.578436
33641.3,0.105333,0.561115
74982.3,0.0922269,0.599737
84640.7,0.0995868,0.578036
34144.7,0.114251,0.586895
4863,0.203887,0.616903
30166,0.104219,0.583273
5428,0.187509,0.621776
16513,0.104092,0.578332
5712,0.155135,0.646008
5452.67,0.170464,0.562171
28021,0.0947397,0.595482
8400.33,0.148005,0.610412
11350,0.134265,0.582819
6074,0.164128,0.598946
26902,0.10317,0.595643
12908.3,0.11705,0.569141
12163.7,0.122487,0.593352
13986.3,0.115935,0.574823
46690.3,0.0965824,0.589708
37018.3,0.0979758,0.597317
17877,0.132023,0.627958
24458.3,0.11908,0.589315
22570,0.106541,0.575853
6112.67,0.158007,0.613371
33205,0.112375,0.598404
32062.3,0.0989801,0.566948
45761.3,0.109694,0.590273
7495.33,0.156918,0.60193
19248.7,0.106351,0.580733
15620.3,0.124747,0.596829
11719,0.129443,0.596126
13277.7,0.0973337,0.585595
8935.33,0.1092,0.619525
22489.7,0.101054,0.600068
45294.3,0.0955448,0.569821
13308.7,0.149795,0.594525
7197.67,0.102803,0.610939
32815.7,0.108924,0.610085
17907.7,0.130163,0.598086
57447,0.103287,0.580674
10675.7,0.109969,0.608705
14969.7,0.118708,0.563027
49647.3,0.113139,0.576379
75655,0.0949352,0.584376
12405,0.123319,0.588311
7586.33,0.146119,0.608155
27114,0.110501,0.59674
8210,0.142592,0.614982
10962.7,0.134322,0.599337
4811.33,0.153721,0.6166
47142,0.114258,0.566416
67336.7,0.0933523,0.586417
9625,0.110832,0.618805
6122.67,0.159731,0.601753
4650,0.166829,0.583226
67450.7,0.106621,0.590318
18226.3,0.0995072,0.577992
23486.3,0.11642,0.59101
21222,0.100648,0.593723
9207,0.115072,0.5599
7907.33,0.175009,0.612301
10313.3,0.112116,0.627408
16962.7,0.108269,0.58501
44661.3,0.0978151,0.594108
34363,0.110707,0.580741
19973,0.08168,0.597356
24457,0.112653,0.596435
19086.7,0.120134,0.599965
25278.3,0.107499,0.56826
14882.3,0.144608,0.598808
6124,0.180349,0.60467
27511,0.105716,0.593944
10681,0.126433,0.633274
25828.3,0.104006,0.58028
16216.7,0.117682,0.585098
9072.67,0.118902,0.587736
48077.7,0.10647,0.584561
13164.3,0.129522,0.599321
9329.67,0.152772,0.59995
8640.33,0.134653,0.621581
21137.7,0.106812,0.595256
12825.3,0.12692,0.57571
28780.3,0.0974026,0.572845
6217.67,0.142518,0.6392
6209,0.178018,0.600902
23777.3,0.101159,0.58466
5337.33,0.183967,0.640894
4537.33,0.206269,0.610197
14441.7,0.109002,0.600716
18812.3,0.100104,0.590818
40139.7,0.100803,0.591842
5592,0.163427,0.567418
64040.7,0.100503,0.590661
33311.7,0.0976179,0.576385
18980.7,0.108035,0.575761
9173.67,0.135145,0.569601
5575,0.188597,0.609686
11830.3,0.132552,0.583049
16714.7,0.122715,0.589024
45384.3,0.101479,0.59641
30555.7,0.102525,0.563376
36341.3,0.0926791,0.600712
22559.7,0.118343,0.608534
66495,0.0986743,0.590796
14073.3,0.114018,0.622572
15066.7,0.130722,0.600221
66451,0.0942287,0.58872
6353.33,0.142131,0.585939
13677.3,0.115433,0.583423
30477.7,0.119648,0.598744
21751.3,0.110086,0.592776
13862.3,0.12576,0.584942
13666.7,0.100325,0.63361
10935,0.124451,0.56278
19985.3,0.116072,0.565598
24829.7,0.0929862,0.589147
69707.3,0.0947107,0.586921
72091.7,0.100596,0.589934
8760,0.138066,0.59395
40232,0.0935917,0.573722
11997,0.133307,0.605735
72999.3,0.104951,0.590604
14684,0.110394,0.603105
7873,0.138967,0.632669
12667.7,0.104993,0.605031
12778.7,0.107135,0.588585
19413.3,0.0990533,0.575927
6363.33,0.160073,0.598376
8278,0.130794,0.596763
7751,0.141223,0.62121
8991.33,0.133753,0.617113
27805,0.111928,0.591764
15759,0.100496,0.601815
13336.3,0.109657,0.585218
8316,0.12879,0.592953
8398,0.134322,0.574303
24207.3,0.0919952,0.596748
6482.33,0.140438,0.586157
8447.33,0.15614,0.609265
22581.3,0.117143,0.600924
49558,0.0984052,0.600831
56581.7,0.0934401,0.581219
37256.3,0.0894177,0.592964
6763.67,0.152309,0.573998
18569.3,0.0839346,0.570923
14970.7,0.124571,0.57321
10717.3,0.121537,0.592094
7814.67,0.15434,0.579466
16386,0.0962444,0.573966
7894.67,0.149991,0.598801
21583,0.111926,0.586387
18178.3,0.119679,0.583534
9244,0.1218,0.572047
18024,0.121358,0.600255
5557.33,0.169194,0.552543
6742.33,0.161813,0.613981
138121,0.0969608,0.579922
8410.67,0.131508,0.57978
8147.67,0.14484,0.637156
6050.67,0.194668,0.614863
38678.7,0.113149,0.576399
20002,0.110583,0.579692
9283.67,0.123711,0.620373
10908,0.118347,0.625779
11393.3,0.129423,0.603745
5760.33,0.190367,0.556334
47513.3,0.0986176,0.586965
6846.33,0.139539,0.605677
53717.3,0.102078,0.58608
7493,0.148568,0.591085
12258,0.119802,0.597814
54368.7,0.0991288,0.584847
5799.33,0.143058,0.588458
6733,0.177728,0.668053
28269.7,0.102734,0.57929
7030,0.160954,0.593599
11773.3,0.117063,0.573301
13715.3,0.118723,0.549434
30512.3,0.114542,0.592667
6327.33,0.133796,0.633706
9446.33,0.108504,0.571933
32067,0.0812096,0.588206
51196.7,0.103011,0.590455
21336,0.0889792,0.605221
8097.33,0.149331,0.602873
62442.3,0.0903051,0.578641
13912.7,0.115546,0.593296
5187.67,0.188966,0.550986
55877.7,0.0896697,0.578556
9373.67,0.123371,0.619857
11468.3,0.127128,0.625258
20508.7,0.125669,0.617853
11890.3,0.0932567,0.586835
5734.33,0.18324,0.619543
38547.7,0.110419,0.587723
5543.33,0.14782,0.559711
7404,0.148561,0.633171
17114.7,0.121263,0.578354
19078,0.0827811,0.588322
33708.3,0.0982651,0.584237
48379,0.0960365,0.593109
31688.3,0.103712,0.579225
14253.3,0.0960703,0.590154
42972.3,0.0991167,0.572942
7256,0.143283,0.625
36158.7,0.0769675,0.581364
21598,0.110011,0.583434
12931.7,0.127981,0.583168
63573.3,0.101406,0.587977
20508.3,0.117345,0.58087
77404,0.0926777,0.590305
19421.3,0.0868904,0.596749
34060,0.0938108,0.597945
68415.7,0.102371,0.559774
13887.3,0.107116,0.614565
27350.7,0.110722,0.590784
21466.7,0.106987,0.603183
6648.33,0.154787,0.593031
51029,0.0899633,0.58453
13876.3,0.12448,0.572462
16866.7,0.109861,0.601739
7459.33,0.158686,0.63768
46921.3,0.095272,0.581221
26246,0.103375,0.592052
16097.3,0.135655,0.608838
4966.33,0.15837,0.585476
6989.67,0.144713,0.568029
6500.33,0.14682,0.60161
59649,0.0869187,0.582189
24785,0.106517,0.582126
7672.33,0.145567,0.596125
19986.3,0.0983049,0.577878
5754.67,0.191621,0.596965
81753.3,0.107036,0.602308
26104.7,0.104249,0.562939
31473.3,0.106369,0.584389
10129.3,0.119008,0.597242
5259.67,0.194427,0.622156
34029,0.112858,0.596814
11831.3,0.116013,0.578267
10962.7,0.114296,0.596509
27341.3,0.119783,0.577721
8968.33,0.140578,0.620256
10695,0.114295,0.625713
8442,0.12929,0.620943
48500.3,0.0935681,0.591267
34254,0.10774,0.606353
11634,0.136221,0.575984
11797.3,0.124978,0.588579
20120,0.097094,0.571272
15551.3,0.103216,0.613817
7096.67,0.126716,0.608643
37381,0.101399,0.593992
24624.3,0.106778,0.588632
15756.3,0.112443,0.614589
10398,0.134744,0.615407
15500.3,0.105001,0.592611
8936.67,0.131621,0.591645
10719,0.126522,0.585782
30480.3,0.104961,0.56327
5303,0.179801,0.604941
77965.7,0.105893,0.575232
32602.3,0.106721,0.575746
40530.3,0.105481,0.590611
58429.3,0.0900031,0.595004
12070.7,0.121494,0.622197
6055.33,0.174727,0.630298
22214.3,0.121899,0.60698
14826.3,0.123651,0.573282
131093,0.0963606,0.592248
4998.67,0.18283,0.568818
29144.3,0.0993292,0.582743
6328,0.158612,0.664507
22016.7,0.101242,0.598698
27071,0.0960991,0.581545
16081.7,0.1031,0.611214
33920.3,0.100238,0.602461
6246.33,0.17836,0.566839
23995.7,0.118826,0.572284
56549,0.101464,0.578207
16206.3,0.113889,0.640161
9254.67,0.11357,0.578987
9827,0.117013,0.602727
4886,0.175713,0.602538
96388.7,0.100783,0.575818
8913.33,0.114895,0.623074
11329.3,0.132262,0.578469
56429.3,0.106586,0.580561
49886.3,0.0992128,0.577847
12069.3,0.112071,0.617239
9750.67,0.136238,0.616505
8890.33,0.117906,0.614
5999.67,0.179323,0.602089
12825.3,0.103062,0.573994
16300.7,0.127387,0.609996
20793,0.104924,0.591497
6087.67,0.133987,0.588129
6728.33,0.161001,0.596235
15568.3,0.103165,0.551097
11376.3,0.116845,0.591726
25322.3,0.114761,0.573947
20225,0.119639,0.597824
26932.3,0.108651,0.599564
21983,0.11055,0.615294
19317.7,0.104162,0.573171
92474.7,0.0959514,0.592177
7017.33,0.148338,0.604598
6345,0.153894,0.605359
31288.3,0.104156,0.590561
11283,0.112273,0.57529
70153.7,0.105271,0.583709
6830.33,0.113355,0.564053
39402.3,0.0961933,0.590946
13649.3,0.123771,0.562787
22197.3,0.0975999,0.573883
10257.3,0.11924,0.606753
7453,0.133345,0.573729
35815.7,0.0982954,0.571631
4499.33,0.152009,0.626019
17183.7,0.101518,0.591453
8283.67,0.137711,0.611967
5316,0.202962,0.599323
10659.3,0.118358,0.604509
17713.3,0.112494,0.615845
119450,0.104884,0.578279
6438,0.132852,0.631563
12230.7,0.103602,0.563202
30242.3,0.100109,0.604407
65024.7,0.0928429,0.582307
6084,0.163728,0.634944
9618.33,0.127578,0.610154
4407.33,0.158685,0.57011
14895.3,0.0909425,0.587276
6851.33,0.147585,0.635156
11763,0.0921142,0.597637
56683.7,0.101506,0.593722
5503,0.14985,0.576231
9227.67,0.143657,0.608749
17405.3,0.102964,0.599682
6662.33,0.132099,0.6161
10411.7,0.141953,0.641044
8603.33,0.133399,0.581596
9426,0.120946,0.557076
49997.7,0.0879278,0.587574
67459,0.100205,0.583895
13202.7,0.108982,0.603691
19080.7,0.104781,0.592764
36017.3,0.111907,0.597981
40300,0.0987688,0.596005
16570.7,0.0960191,0.608988
19021,0.11348,0.58346
6224.67,0.15439,0.567634
20036.3,0.0993059,0.599394
6603.67,0.156756,0.596386
6710.67,0.156717,0.613849
14444.3,0.100499,0.606789
6579.33,0.168055,0.631776
93792.3,0.0999932,0.598084
31259.3,0.118642,0.576041
8714,0.130087,0.554854
39167,0.0986647,0.578165
31273.7,0.0992081,0.569531
18106.3,0.116459,0.583092
17790.7,0.118569,0.631642
13948.3,0.126782,0.57517
16304,0.125191,0.540358
12605,0.13437,0.608251
11571.3,0.12261,0.591519
24046.7,0.120167,0.60962
7748.67,0.171921,0.563495
58166,0.0946395,0.585531
12648.3,0.144699,0.595546
16708,0.107356,0.582655
4712.67,0.1759,0.577026
6040,0.146026,0.566391
72000.7,0.0926341,0.575555
6735,0.161134,0.624647
46224.7,0.0979278,0.59893
52534,0.100545,0.585126
17580,0.0751917,0.598805
9504,0.122023,0.575126
11084.3,0.120616,0.629507
10338.3,0.117736,0.578688
98247.3,0.097896,0.570394
8755.67,0.140879,0.564815
32118,0.0944846,0.59297
7666,0.134852,0.598748
13113.3,0.116872,0.596619
5311.33,0.177648,0.59508
50070,0.103525,0.602856
60465.3,0.09689,0.588216
138708,0.0954426,0.589905
4490,0.186497,0.587528
18159.7,0.119135,0.611153
10413.7,0.122942,0.583208
17607.7,0.090079,0.595839
8404.67,0.133762,0.655033
12594.7,0.131226,0.564234
11285.3,0.117004,0.621662
8787,0.114061,0.599408
46926.3,0.102822,0.606156
7305.67,0.130873,0.592873
20046.7,0.108437,0.608846
11839.7,0.119022,0.57648
9246,0.120363,0.619619
43108.3,0.109511,0.586074
4821.33,0.181092,0.55766
18235.7,0.118956,0.577184
39588.7,0.0924597,0.598917
8802.67,0.116291,0.577931
69046,0.084469,0.572575
10614.7,0.117112,0.597036
8296.67,0.15168,0.592808
18797.3,0.0994297,0.568095
19272,0.120569,0.60165
12557.3,0.105226,0.574458
25853.7,0.11983,0.613156
41366.7,0.0840333,0.585068
13042.7,0.105497,0.583879
8387.67,0.139231,0.60426
28766,0.0827353,0.55211
8363.67,0.116019,0.611375
48814.7,0.0877722,0.588682
59451.3,0.0928275,0.605448
26446,0.109003,0.603191
6883.33,0.147417,0.59661
5152.67,0.180794,0.627119
10801.3,0.107367,0.606561
13940.7,0.114852,0.59648
5314.67,0.170121,0.580156
22298.3,0.103579,0.586576
104055,0.107529,0.577363
12445.7,0.101742,0.570506
26495.3,0.116218,0.567861
17498.7,0.107187,0.596122
17389.3,0.0984746,0.609435
8195.67,0.13325,0.590231
9242.67,0.1368,0.577467
4469.33,0.169978,0.593526
38939.3,0.130196,0.588445
9891,0.110915,0.604792
10252.7,0.113944,0.567397
8931.33,0.125226,0.568859
14034.3,0.106304,0.590314
31850,0.0890838,0.572684
25984,0.10094,0.588208
14958,0.0948928,0.591055
5899.33,0.161404,0.626455
13665.3,0.107645,0.594619
8575.33,0.171076,0.606235
62964.7,0.093407,0.586668
14066.7,0.0958551,0.591848
32454.7,0.100828,0.590033
5032,0.159777,0.593601
26152,0.119822,0.601216
76456.3,0.0958866,0.574598
16959.3,0.104875,0.589626
37663.7,0.103896,0.61389
21365.3,0.119162,0.593048
6877.33,0.15538,0.612689
19241.3,0.127249,0.618183
52812.3,0.103828,0.5848
32557.3,0.0924684,0.573747
63227,0.0907772,0.589495
6836,0.15118,0.596255
12554,0.117892,0.609288
8905.67,0.142896,0.615488
11445,0.133982,0.593534
16028.3,0.114632,0.613393
7366.67,0.131579,0.581176
7708.33,0.128024,0.634595
61765,0.106188,0.588343
21053.3,0.11853,0.612476
9774,0.121497,0.590956
33757.7,0.0920855,0.583018
21781.3,0.103184,0.574054
5625.67,0.14213,0.629674
45196.3,0.104512,0.589775
6682,0.178297,0.616881
12197.3,0.125722,0.586084
24021,0.102364,0.581991
35243.7,0.0989262,0.580284
24022.7,0.0927799,0.586835
13460.3,0.121449,0.569798
7313,0.119684,0.570901
21112.3,0.122874,0.587792
9586.67,0.0972676,0.630076
19751.3,0.103059,0.60298
11663.7,0.114567,0.576177
46612.3,0.112201,0.58014
7310.67,0.141512,0.638154
12765,0.128506,0.59342
15127,0.112208,0.614927
5005,0.185568,0.623377
20373.7,0.117488,0.628965
4341,0.157112,0.553098
6982.67,0.15775,0.635478
6181.67,0.154197,0.624966
48465.3,0.0960603,0.601454
52691,0.104423,0.590651
6066,0.152891,0.609298
34839.3,0.109925,0.590358
106061,0.0995076,0.571784
48954.3,0.0982298,0.571505
21447,0.0911064,0.601483
6929,0.149647,0.594025
43669.7,0.0976969,0.588906
7484.33,0.126473,0.598138
5613.33,0.167862,0.599762
5631.33,0.152743,0.621463
36318.3,0.101457,0.590657
7401,0.127126,0.575733
5638.33,0.160628,0.53627
8118,0.110608,0.557157
52205.3,0.0965005,0.58729
13426,0.126578,0.636899
10561,0.129246,0.61159
5841.67,0.161884,0.596633
5003.33,0.176132,0.662891
7110,0.153462,0.605626
8607.67,0.149028,0.594741
17267.3,0.0899507,0.596077
36108.7,0.109101,0.611248
4657.33,0.226638,0.594475
45924.7,0.0950586,0.606305
10404.3,0.130199,0.581841
9770.33,0.11636,0.601276
50198,0.108972,0.601877
10996.3,0.127394,0.611992
11927.3,0.120464,0.586189
8486.33,0.128711,0.590911
12524.7,0.113153,0.593575
29463.3,0.113506,0.567915
13057.7,0.130913,0.596763
69450.7,0.0960264,0.581957
13018,0.0892175,0.624597
4419.67,0.179165,0.665736
10262.3,0.12509,0.596713
63096.7,0.0956594,0.579703
10693.7,0.123316,0.555033
13632.7,0.109643,0.58465
33640,0.0946523,0.57613
32087.3,0.0862361,0.580811
9141.67,0.135329,0.58505
66453.3,0.0934256,0.572923
14492.7,0.0921311,0.566723
41821.3,0.0917541,0.583378
22855,0.106392,0.59138
62338,0.0994266,0.604703
4282,0.150585,0.562821
34344.3,0.0999771,0.606058
6638.67,0.157377,0.641896
9341.67,0.108322,0.584835
8248,0.126796,0.611663
8165.33,0.121373,0.60667
8537.33,0.150185,0.620881
12262.3,0.115681,0.619268
28033.3,0.112186,0.588038
60423.3,0.103469,0.585464
9478,0.133175,0.598438
4931,0.172902,0.645102
28040.3,0.0992481,0.583362
86682.7,0.0933213,0.592925
6949.67,0.172759,0.601803
8445.33,0.142709,0.587267
32011.3,0.122144,0.578566
56394,0.107429,0.57781
20137,0.0994989,0.600338
39497.3,0.105311,0.582081
9788.33,0.139502,0.610489
38946,0.108985,0.59698
49259.7,0.109818,0.587282
8978,0.118848,0.613722
10478,0.103714,0.57301
11098,0.112129,0.56776
25689.7,0.0805868,0.569191
4578.33,0.158612,0.553185
68590.7,0.106488,0.603425
40414.7,0.105656,0.60271
22488.7,0.091418,0.59387
18951.3,0.0962268,0.58812
7080.67,0.147091,0.611995
10713.7,0.122685,0.579291
5565.67,0.176904,0.654609
12762,0.0933489,0.590425
13763.7,0.0783212,0.607566
5137.67,0.17553,0.584571
41694.3,0.100978,0.586858
13988,0.126582,0.573492
9670.67,0.126377,0.575589
63374,0.104992,0.609761
10524.3,0.104667,0.581763
22591.7,0.0834362,0.592711
17195.3,0.103828,0.583685
7569,0.14007,0.553045
10814.3,0.117266,0.575964
35088.7,0.0950283,0.593021
58649.7,0.104433,0.601544
24817.7,0.105013,0.599385
37962.3,0.0958723,0.575035
8957,0.150993,0.630568
13152,0.105397,0.600289
61341.3,0.1005,0.585962
19315.3,0.0964059,0.588427
7137.67,0.143611,0.590156
7078.33,0.124652,0.55983
19967.3,0.103552,0.590548
9471.67,0.12086,0.591695
12976.3,0.12272,0.584577
6795,0.174745,0.543046
12965.3,0.130495,0.614073
17269,0.120721,0.611095
20431.3,0.0904048,0.562159
48865.3,0.110092,0.586237
7831,0.146139,0.596731
55344.3,0.100846,0.580613
18298.7,0.0864736,0.554376
49210.7,0.108487,0.61087
22188.3,0.0967678,0.572718
21810.7,0.0989407,0.610909
23847.7,0.113041,0.607704
12715.7,0.145363,0.622251
11114.3,0.110523,0.606934
15480.7,0.132318,0.587593
33669.3,0.104978,0.566886
25195.3,0.116175,0.58323
25298.7,0.121236,0.586684
38814,0.10122,0.577678
5602,0.181697,0.573902
115520,0.0957062,0.59188
8538.33,0.1229,0.593519
8857.33,0.134101,0.617191
5951,0.156315,0.5673
35395,0.0932108,0.61681
13002.3,0.155063,0.577486
9495.33,0.1166,0.607
11035.3,0.133388,0.582915
65242.3,0.104217,0.594425
10611.3,0.111245,0.619024
17816.3,0.10887,0.597635
9629.33,0.138553,0.575395
42239.7,0.100231,0.592437
54858.7,0.0947338,0.581026
12852.3,0.110926,0.580258
10240.3,0.10929,0.579734
27219.7,0.103675,0.587308
10395,0.133257,0.643579
20470,0.0776374,0.604739
7446.33,0.15798,0.63745
75045.3,0.11032,0.587534
26690.3,0.100678,0.599455
5771,0.192255,0.630567
63445.3,0.105658,0.584529
9026.67,0.126925,0.568242
6282,0.16326,0.603629
8916.67,0.127356,0.575364
6255,0.18555,0.63805
18749,0.110985,0.587018
69840.7,0.0966216,0.58107
37372.3,0.10408,0.595672
6796,0.144475,0.612125
8129.33,0.136098,0.575529
9390.67,0.127048,0.572732
13491.3,0.125429,0.563745
23314.3,0.0988188,0.590524
42237,0.0850925,0.611928
87503.3,0.0895858,0.582488
21253.7,0.103249,0.602171
70577.3,0.0998274,0.578694
60978.3,0.114533,0.590532
49414,0.10494,0.566661
32351.7,0.0965573,0.607367
10394,0.122803,0.57081
40570.3,0.0980568,0.60085
25314.3,0.0973103,0.611024
26829,0.104215,0.5872
3723.33,0.20319,0.618979
16927.3,0.104313,0.609409
8690,0.141438,0.582278
10267.7,0.123564,0.603675
11964.7,0.119393,0.599292
24560.3,0.108038,0.571884
38106,0.112008,0.582008
12964.3,0.0953192,0.608798
18660,0.101849,0.592712
10995.3,0.119512,0.580762
34476,0.0880261,0.588844
6662.67,0.139817,0.601611
8479,0.123654,0.644062
25318,0.102798,0.590291
41720.7,0.0752953,0.569606
31396,0.107328,0.576889
10193.7,0.135578,0.616788
7692,0.141514,0.628965
22414.7,0.109853,0.595607
11185.3,0.135038,0.593962
5472.33,0.160897,0.598404
8490.33,0.14728,0.63056
25123.3,0.0879633,0.56277
5178.67,0.153393,0.568164
16585.3,0.110785,0.594541
49901,0.101197,0.576201
44540.7,0.108002,0.584574
8245.67,0.145008,0.595383
11864.3,0.119517,0.582221
87079,0.104509,0.578084
85680.3,0.10301,0.586152
70362.3,0.095996,0.587952
17247.7,0.120361,0.587577
8673.67,0.129708,0.589754
22675.7,0.103483,0.571508
13199,0.1234,0.59853
36412.7,0.0983245,0.585547
11632.7,0.14432,0.629119
44946.3,0.097899,0.575167
43005.3,0.103017,0.59929
19473,0.117307,0.576439
5747.67,0.127148,0.539059
25602.3,0.0989197,0.617899
26526.3,0.107117,0.591211
8962.67,0.122088,0.595507
83834.3,0.114177,0.583134
10856.3,0.121737,0.582486
9126,0.130034,0.5984
21270.3,0.107587,0.593346
20540.7,0.10139,0.577018
40667.3,0.0953344,0.585056
42097,0.098498,0.582417
10630.3,0.120231,0.580854
6859.33,0.15364,0.628292
16690.3,0.12661,0.617224
13100,0.136919,0.577939
16231,0.106319,0.620171
41541.7,0.0983074,0.577308
14592.7,0.108539,0.592033
22536.3,0.106317,0.612995
5905.67,0.156525,0.558164
8325,0.140195,0.604925
26694,0.100146,0.572676
8320,0.120748,0.618269
29061.3,0.0988154,0.571366
16115.7,0.111439,0.573624
11570.3,0.126641,0.600472
7804,0.130643,0.607509
44661,0.0847496,0.576543
16380.3,0.10702,0.593802
46447.3,0.102885,0.597293
74955.3,0.0966065,0.575458
8170.33,0.138109,0.580596
21992,0.094399,0.575527
15679,0.103489,0.604822
9849.67,0.140247,0.643304
10998.7,0.105689,0.589556
4801.67,0.185412,0.614856
7726.67,0.1336,0.5761
22793,0.126052,0.576317
4536.33,0.171635,0.630833
9140.33,0.146755,0.614274
21542.7,0.0943548,0.600266
6456.67,0.166797,0.611822
33841.7,0.111808,0.580448
31077.7,0.090176,0.566237
5388,0.148293,0.670193
31696.7,0.0894708,0.585435
9173,0.109369,0.570697
11025.7,0.114012,0.596185
16490.3,0.128794,0.576984
13869.3,0.107436,0.598851
63492.3,0.101371,0.585798
19374.7,0.127465,0.59244
38595.7,0.110638,0.576524
34795.7,0.101259,0.573529
11802,0.102614,0.58346
5878.33,0.163666,0.607939
73313.3,0.100619,0.597608
42248.3,0.0949401,0.570902
51305,0.0999844,0.59117
9174.67,0.150271,0.588832
30181,0.0895007,0.569166
107681,0.0940888,0.587648
30092.7,0.0970868,0.591152
39864.7,0.103213,0.572872
17159,0.0954561,0.599277
5451,0.180302,0.62062
64589.3,0.10774,0.566389
8949,0.140891,0.623533
38750.7,0.100674,0.568154
64543.3,0.103459,0.581496
5792,0.155019,0.572169
20210.3,0.108669,0.577658
7957.67,0.110077,0.654882
64388,0.0968558,0.597736
5824.67,0.17858,0.602667
23445,0.0971569,0.575602
11070,0.121782,0.562692
38088.3,0.105409,0.589988
5108.67,0.199744,0.64035
9774.33,0.122438,0.573304
4628,0.189076,0.613872
12129,0.124861,0.58356
5462,0.183569,0.610033
37837,0.10555,0.60203
7656.67,0.151317,0.573792
8779,0.117974,0.603941
8521.67,0.145786,0.627968
12178.3,0.128326,0.572711
15000.7,0.0985968,0.598196
11971.3,0.113506,0.586707
21781.7,0.100846,0.578897
6355,0.143647,0.601416
18222,0.114126,0.562342
9559.33,0.111938,0.602622
6920.67,0.126612,0.646518
18064.3,0.0828499,0.594246
41451,0.0938697,0.570794
19228,0.134249,0.610308
28207,0.108249,0.578119
22896.3,0.107186,0.607419
7255.33,0.136566,0.612469
20872,0.0864934,0.586815
26381.7,0.110135,0.57056
10254.3,0.132989,0.591522
36720.3,0.107294,0.572562
38574.7,0.110269,0.587648
9230.33,0.133988,0.604926
4553,0.195798,0.610586
5950.67,0.149807,0.625532
20461.3,0.0818425,0.614362
6750,0.140746,0.598222
9136.33,0.126774,0.582801
5174.67,0.166546,0.613244
7859.33,0.160884,0.550768
10522,0.109503,0.624026
20025,0.10341,0.571735
9717.67,0.145244,0.598944
6206.33,0.162384,0.619314
35106,0.0931753,0.588902
25694,0.105119,0.592901
6875.67,0.146035,0.607844
9396.33,0.100372,0.566462
62367.7,0.102449,0.590087
10185.7,0.118999,0.565631
20107.7,0.108878,0.593173
9206,0.138759,0.596459
15456.7,0.0972807,0.603903
12486,0.120305,0.586977
18126,0.1136,0.573872
47770.7,0.0961119,0.58815
7830.67,0.137202,0.626937
8278.33,0.138859,0.604429
7903.67,0.115611,0.607988
15093.3,0.0956064,0.605742
20409,0.110979,0.583468
7079,0.159021,0.5861
47052.3,0.0949448,0.607912
19935,0.0981426,0.578731
7488.67,0.147413,0.576916
16448,0.108671,0.5518
12816,0.10855,0.605181
38456,0.108445,0.581444
80335.7,0.100842,0.578527
5762.33,0.152461,0.629028
9494.33,0.114525,0.594741
30153,0.100975,0.576095
9151.33,0.11156,0.60228
7259,0.135453,0.575561
59968.3,0.084855,0.583302
26508,0.108917,0.577373
38342.3,0.0959153,0.580655
9987.67,0.121569,0.623703
30079,0.105357,0.603943
50161.3,0.0983679,0.598702
42259,0.0964202,0.587496
15316.7,0.113179,0.600022
46158.3,0.0922117,0.57601
8731,0.134818,0.584813
11366.3,0.116156,0.604123
9222.67,0.167574,0.600622
26012.3,0.103802,0.588631
36402.7,0.117018,0.598839
6472.33,0.140581,0.560334
53598.7,0.107953,0.599629
6226.67,0.172523,0.614026
12452.7,0.091955,0.5897
7036,0.13927,0.624503
15897,0.103524,0.596779
15244,0.132496,0.58915
44897.3,0.0729725,0.568467
27806.3,0.086763,0.618624
27277.3,0.0908745,0.596197
14510.7,0.12,0.577322
13016,0.0967708,0.60126
31563.3,0.0913522,0.611585
48429.3,0.0847821,0.590276
10503,0.116209,0.5984
22621,0.0834287,0.583396
41306.7,0.0840819,0.571223
36570,0.0843865,0.606782
37201.3,0.083227,0.580347
66990.3,0.0815543,0.577571
11287,0.0909117,0.572428
35946.7,0.0842661,0.581593
12027,0.0938256,0.612705
8268,0.135453,0.575472
34821.7,0.0808859,0.573273
116816,0.0880069,0.573029
17361.3,0.110516,0.569638
35195.3,0.0940784,0.565037
75320.7,0.0849885,0.581425
11846.7,0.103728,0.584159
10096.7,0.1424,0.58686
26524.7,0.0938573,0.578418
14798.3,0.115579,0.596937
42637,0.0885005,0.578746
35101.7,0.0912639,0.578956
61609.7,0.0954832,0.588095
11823.7,0.0885308,0.557808
73089.3,0.0877131,0.576591
21438,0.0950747,0.608266
17207.7,0.077957,0.604111
8533.33,0.142932,0.603242
12385.7,0.0965541,0.628818
20010.7,0.0953051,0.592201
12044,0.100733,0.566838
25108,0.0906171,0.583838
21295.3,0.0923448,0.593495
46459,0.0878149,0.607094
33579.7,0.0847608,0.602428
10624,0.0945821,0.625
40716.7,0.0813282,0.595858
12320,0.0913494,0.59789
85309,0.0805765,0.584546
74392,0.0893391,0.580855
9284,0.0878856,0.630655
18166,0.0901809,0.60872
24117.7,0.0901034,0.599077
8276,0.131546,0.565974
34291,0.0754906,0.57709
9953.33,0.0899854,0.578768
14663.3,0.121541,0.607002
9768,0.108117,0.605856
37412.7,0.0864548,0.606488
18532.7,0.0885898,0.598367
19693.7,0.0905521,0.563599
51973.7,0.0790758,0.587015
37148.3,0.0766054,0.580152
60632.7,0.0758051,0.58154
8946,0.113661,0.572211
17503,0.103026,0.610295
16093,0.0774488,0.600447
34326,0.0786122,0.573967
41765.7,0.0960495,0.583549
15472,0.117271,0.569286
10605.3,0.129532,0.602401
27102.3,0.0692329,0.581377
12682.7,0.0967281,0.626866
70968.3,0.083148,0.59054
10965.7,0.100028,0.61723
40101,0.0890063,0.568465
82381.7,0.0870189,0.595003
22169,0.0889949,0.608372
9566.67,0.111852,0.582265
74162.3,0.0843534,0.575274
31181.7,0.07614,0.590133
23215.3,0.0806618,0.568748
23512,0.100261,0.563542
45781,0.0799777,0.602149
26967,0.0888332,0.601661
57684.7,0.0909858,0.578738
19685,0.0982335,0.568961
33286.3,0.0875758,0.608648
12496.3,0.104249,0.565179
12699.7,0.0872243,0.589254
7889,0.104011,0.611991
20789.3,0.0794793,0.587737
25026.7,0.0804207,0.576079
18339.3,0.0961213,0.598859
16249,0.103427,0.583113
19622.3,0.0987898,0.604702
9882.33,0.121602,0.581711
12524,0.104886,0.621926
39673.3,0.0777206,0.602764
13790,0.102784,0.604206
53683,0.0870022,0.597694
25620,0.0842818,0.568735
10080.3,0.124274,0.646573
50089.7,0.082914,0.596836
27029.7,0.092676,0.59928
9519.33,0.111747,0.59486
20221,0.0965857,0.594432
16256,0.0940987,0.589813
21375.7,0.104386,0.596535
63706,0.0804231,0.599896
24264.3,0.105637,0.590359
8920.67,0.121462,0.607503
18964.3,0.101041,0.597314
29042.7,0.0871112,0.577713
39080.7,0.0883051,0.575818
8851.33,0.0890989,0.598177
29851.3,0.0931274,0.610146
7221.67,0.114449,0.610432
8081.33,0.120631,0.582412
54161.7,0.0895646,0.578977
24411.7,0.0837174,0.588462
12634.3,0.0945013,0.625491
13727.3,0.0887265,0.551139
22913.3,0.0970463,0.574673
77646.3,0.0832621,0.599715
17984.3,0.0736488,0.565084
14400,0.0847728,0.60625
9855.67,0.109637,0.623229
58138.7,0.085367,0.587188
26442.3,0.0880548,0.593052
29772,0.0862392,0.576918
60176,0.0820299,0.591631
66356,0.0876923,0.572608
54809.3,0.0705871,0.589474
41768.7,0.0806059,0.5718
79294.7,0.0896063,0.582729
14224,0.106449,0.614384
44405.3,0.0942668,0.574315
11187.7,0.124407,0.578613
54096,0.0790065,0.616275
25391.3,0.0741459,0.590503
18275.7,0.114447,0.595072
9881.67,0.10958,0.568865
11360,0.102703,0.61162
50237.7,0.0895131,0.592789
43356,0.0880348,0.583333
44836,0.0808208,0.599987
53791.7,0.0937089,0.588796
27975.7,0.0908427,0.611257
11540,0.111237,0.579636
49236.3,0.0850002,0.592462
41837.7,0.0926261,0.593277
22873,0.0835035,0.571984
15350.3,0.101543,0.630062
21595.3,0.094641,0.585806
62502.3,0.0882536,0.583189
41495.7,0.0824583,0.591082
31673.3,0.0827345,0.592223
24796.7,0.0879498,0.590093
14431.3,0.0981849,0.60796
37077.7,0.0743513,0.592306
31436,0.096914,0.592474
25401.3,0.0903304,0.595625
17931,0.107277,0.624226
13771.7,0.0967803,0.598645
27880.7,0.0964422,0.566139
17912,0.0974163,0.583799
16261.7,0.0963735,0.630337
89431.3,0.0848057,0.579335
16679.3,0.0812917,0.64413
18908,0.0862837,0.595092
12825.7,0.119324,0.607558
28029.3,0.0889868,0.602571
11495.7,0.101719,0.576942
47991.7,0.0881306,0.574107
12199.3,0.092577,0.596891
20040.7,0.085386,0.595556
58209,0.0964463,0.590338
8450,0.118311,0.630533
9932.67,0.126836,0.579536
60892.7,0.0869671,0.560516
34171.7,0.103409,0.612184
44992.3,0.0790837,0.584648
18543.3,0.0997298,0.582833
21114,0.0830441,0.606943
36361.7,0.0802641,0.604244
43296,0.0746743,0.600148
36606.7,0.0867666,0.566463
14907,0.102758,0.596297
18959,0.0930208,0.604673
22991,0.0773535,0.579444
45657.7,0.0845387,0.586305
75197.7,0.0758485,0.585674
59976.7,0.0721614,0.600206
14876.3,0.0927274,0.595218
14465.3,0.084291,0.589455
10855,0.101684,0.625058
13722.3,0.0926063,0.627639
58275,0.0901102,0.598507
26314.3,0.0676667,0.565079
20401.3,0.0960975,0.613963
21830.7,0.0933375,0.577139
9568.33,0.144409,0.567776
20646,0.10457,0.608011
50238.3,0.080974,0.592748
11111.7,0.0873516,0.59913
20275.3,0.0677223,0.624437
13118,0.105536,0.591782
39809,0.0811454,0.578161
10977.7,0.09888,0.629672
16345,0.0793864,0.578097
7409.33,0.127563,0.615395
59451,0.0845476,0.573413
17921.3,0.0714383,0.603396
15519.3,0.109023,0.570106
12200.3,0.0924659,0.601186
9867.67,0.116327,0.608384
21231.7,0.107992,0.623189
40350.7,0.0830874,0.598387
22447,0.0973779,0.617855
16365,0.0975468,0.603239
8882,0.0955841,0.563387
36318.7,0.0872491,0.564705
19308.7,0.0938686,0.590426
8594.67,0.140735,0.587263
21814,0.08996,0.59416
18764.3,0.0744843,0.635496
23174.3,0.0822938,0.60311
11312,0.110889,0.607673
14296.3,0.10712,0.565786
31729.7,0.0906751,0.574205
16566,0.118747,0.578474
8962.67,0.114994,0.58859
72023.7,0.0872971,0.589089
20167,0.0902371,0.578172
50974.7,0.0963512,0.587632
19119.7,0.104609,0.597465
34828.3,0.0973936,0.576561
44179.3,0.079868,0.563514
63444,0.0918309,0.584374
15635,0.0919737,0.594563
11203.7,0.0930456,0.629288
26613,0.0760127,0.579303
20987,0.0904893,0.571973
9536.67,0.102762,0.634638
9704,0.119469,0.576257
18232.7,0.0782802,0.588906
17005.3,0.0803692,0.598499
9352,0.11812,0.609709
41295.3,0.0868258,0.618052
10469,0.10553,0.609896
31796.7,0.0913388,0.597778
23285,0.108847,0.614172
60538,0.0789105,0.580429
32609,0.0973664,0.589438
30582,0.0846769,0.582401
12357.7,0.0805271,0.612764
16102,0.0983547,0.611974
46927.3,0.0870508,0.601348
29785,0.0952668,0.564143
52341,0.0878102,0.590761
18249.3,0.0960592,0.573537
17577.3,0.0875614,0.583118
8558.67,0.0971752,0.586228
31948.3,0.0997673,0.578048
18572.3,0.0840797,0.576431
13062.7,0.0935678,0.580382
77762,0.0819337,0.582662
12684,0.100818,0.596894
13364,0.106206,0.61733
72971.3,0.0848709,0.571713
13920.3,0.0943152,0.6042
33887.3,0.0991558,0.568138
10996.7,0.126948,0.588663
24439.7,0.0934744,0.591634
30142,0.072346,0.585064
10941.7,0.0898539,0.634669
73632,0.0908876,0.567539
14385.7,0.115179,0.595686
9706.33,0.109492,0.596586
17648.7,0.0957373,0.574567
27067.3,0.0912045,0.570011
34478,0.0858691,0.605604
40757.3,0.0864927,0.58504
48789.7,0.0831505,0.585008
21832,0.0908158,0.580432
15765.7,0.0854095,0.576527
16698.3,0.101506,0.573391
72391.7,0.0839617,0.594838
16460.3,0.0950541,0.596505
88145,0.089543,0.601395
18829.3,0.0945631,0.595808
9103.67,0.112773,0.599795
47447.3,0.0896724,0.588983
26772.7,0.0819185,0.579932
26119.3,0.0791407,0.599352
55259.3,0.0836328,0.575915
13141,0.103213,0.598052
29983,0.109455,0.592002
8058.33,0.125656,0.595243
9655,0.118761,0.62579
48098.3,0.086707,0.597498
50583,0.0865844,0.584307
16530,0.098351,0.543436
30981.3,0.0849751,0.591119
20307.7,0.0846258,0.573691
28485.3,0.0807501,0.573617
18019.3,0.100597,0.58896
16132.7,0.0887939,0.587834
10769.3,0.128553,0.61477
6460.67,0.144668,0.550769
26285.7,0.0907296,0.570704
17104,0.0978098,0.579689
42537.3,0.0773641,0.580376
21267.7,0.10224,0.578452
34991.3,0.084625,0.591537
9751.33,0.113048,0.583168
32998.3,0.086212,0.582444
56691.3,0.0844109,0.595376
17237,0.108132,0.586471
36050.3,0.0903007,0.553439
78584.7,0.0919336,0.588045
77438.7,0.0807168,0.594746
32168.3,0.083961,0.595389
18529,0.0889354,0.57974
32100.7,0.0894277,0.563924
70430.7,0.0855345,0.571063
13654.7,0.0805561,0.600771
74747,0.0919746,0.581267
12489,0.114006,0.594843
56028.3,0.0861962,0.603367
10875.7,0.101135,0.579214
12060.3,0.10279,0.588513
27142.3,0.10262,0.590983
85300,0.0940695,0.599308
11651.7,0.0935349,0.597797
17499.3,0.0843715,0.606175
23528.3,0.0904933,0.592123
73096,0.0886932,0.59861
31294,0.0900262,0.584425
43387.7,0.0949833,0.573765
31669.3,0.0974034,0.567984
10556.3,0.116916,0.605766
35269,0.0893413,0.607758
40730,0.0894681,0.573656
10500,0.100395,0.588952
10456.7,0.0979506,0.607969
14973,0.0951257,0.579243
18769.3,0.0923251,0.587323
12173,0.099135,0.605438
53671,0.0799385,0.574426
20279,0.089664,0.59283
81510.3,0.0869491,0.592632
8029,0.108946,0.567817
11162,0.0870899,0.586633
11190.7,0.0963024,0.553884
50388.3,0.079045,0.593047
12274,0.0939282,0.580821
33009,0.0889884,0.597776
37335,0.0843143,0.61058
91270.7,0.0761915,0.590336
20618,0.0894189,0.606557
16703,0.0856047,0.617015
39448.3,0.080574,0.58752
12974.7,0.105262,0.592257
11361,0.127731,0.598979
10646.3,0.109941,0.605435
68281,0.0885091,0.585492
60041,0.0945012,0.593594
18611,0.092482,0.580087
8684.67,0.135077,0.608697
55663.3,0.0897281,0.582604
19056.7,0.0859853,0.60007
18884,0.091151,0.581709
31531.3,0.0789533,0.5973
9858,0.0930486,0.626192
32688,0.0851869,0.593918
7897,0.12343,0.559326
34280.3,0.0755248,0.581694
22646.3,0.105018,0.598934
55550.3,0.0760831,0.590053
135990,0.0856823,0.582984
95973.7,0.0802773,0.577245
28233.7,0.101707,0.573937
31021.7,0.0978564,0.580444
11362,0.134582,0.574635
9126,0.15115,0.608481
72092,0.0849226,0.578261
17665.3,0.0856191,0.566231
11869,0.0989315,0.597607
61039.3,0.0798967,0.586174
17715.3,0.102149,0.573213
37452.3,0.0953305,0.575122
34225,0.0916727,0.576479
11602.7,0.0987387,0.585067
37902,0.0766233,0.594692
19503.3,0.0898399,0.570449
9128.33,0.170009,0.583531
74556,0.090572,0.599979
16198.3,0.110636,0.624797
11894,0.0918484,0.57962
22163.3,0.110435,0.576162
64147.7,0.0859322,0.586465
32381,0.0869074,0.582224
11319.3,0.135968,0.622357
26323.7,0.10271,0.588191
19849.7,0.0728777,0.589951
11713.3,0.0912179,0.588873
14149,0.098408,0.604212
66140.7,0.0851653,0.574689
42342.3,0.0823364,0.591339
24475.7,0.0729662,0.611682
38686,0.0798658,0.591196
53362.7,0.0749479,0.575633
9068.67,0.106941,0.593288
13737.3,0.123912,0.604605
87970.7,0.0820728,0.583414
14832.7,0.0887752,0.608072
47254,0.085505,0.581982
54803.7,0.082698,0.579913
9411.33,0.105215,0.594567
24950.7,0.101086,0.579838
26452.3,0.100438,0.57884
43820,0.0663485,0.583341
18797,0.0975634,0.597968
9671,0.105642,0.586496
36446,0.0963319,0.56832
26793,0.0924432,0.591013
48815.7,0.0825098,0.596127
43476,0.0869108,0.575973
25277.3,0.0861376,0.600604
65897.7,0.0932721,0.609556
41022.3,0.084334,0.581504
68895,0.0857584,0.586777
78436.3,0.088526,0.593738
13541,0.0835387,0.582675
21386,0.0705503,0.610025
15088,0.0914134,0.587686
9190.33,0.111874,0.579812
65990,0.0827182,0.570071
9774.33,0.118117,0.54609
19597,0.103039,0.575649
63654,0.0896037,0.605885
41440.7,0.0781079,0.582093
40264,0.0756622,0.59552
39840,0.0811576,0.587701
9384.67,0.119523,0.587909
76141.3,0.0793764,0.577763
42435.7,0.0841751,0.585718
22838.7,0.0894983,0.580915
69844,0.0888207,0.579463
10804,0.105846,0.602555
21391.3,0.0912927,0.595225
34100.7,0.0926839,0.579529
48702,0.0807877,0.580736
26829.3,0.106949,0.591057
78854,0.0949448,0.586375
49647,0.087106,0.577437
9859.67,0.114989,0.663444
14890,0.108872,0.566756
80042.3,0.0773509,0.581601
28879.7,0.0852933,0.583675
49178.3,0.0857444,0.58334
24720,0.0979299,0.573503
16289.7,0.0877101,0.587018
12972.3,0.0949732,0.583986
12787,0.105907,0.585986
8662.33,0.0987913,0.550275
26563,0.0848779,0.583067
15056.7,0.113225,0.584282
8679,0.128711,0.596728
19444,0.0766826,0.581928
23333.3,0.0984121,0.594671
15980.7,0.106092,0.603813
49899.3,0.0939454,0.59437
42732,0.0847031,0.589605
11538.7,0.0839758,0.590478
82950.7,0.0831617,0.60892
11348,0.118398,0.576489
84553,0.0945935,0.5783
13400.3,0.106828,0.586229
35036,0.080762,0.592847
16533.3,0.0861448,0.59121
14279,0.105514,0.610407
16702.3,0.084973,0.604566
31144,0.0960499,0.564539
11370.7,0.110588,0.617847
9671.33,0.105831,0.550458
21087.3,0.0898036,0.602621
10484.7,0.10385,0.593279
48375.3,0.0922961,0.562863
24236.7,0.0924108,0.599972
15010.7,0.0939002,0.637036
13071.7,0.0960676,0.589086
11406.7,0.0947398,0.569959
30138.7,0.0887911,0.583614
16022.3,0.109936,0.596771
73125.7,0.0992858,0.580403
52217.3,0.0918041,0.593685
18780.3,0.0994531,0.581442
64246.3,0.0875099,0.584106
23290,0.0939923,0.568012
11028.7,0.0849235,0.58351
35443.7,0.0860318,0.560025
16617.3,0.0814414,0.573297
21004.3,0.0849274,0.577817
15449,0.0802403,0.558353
12796,0.0934415,0.599328
45074.7,0.083079,0.587655
67872.3,0.0879619,0.582176
64291.7,0.0825399,0.589553
22520.3,0.0970217,0.584524
27656.3,0.0906543,0.566947
8655.67,0.105919,0.554011
49685,0.0818298,0.583174
27769.3,0.080169,0.609221
13470.3,0.0959322,0.610799
11829.7,0.107544,0.607146
54726.7,0.0881894,0.609526
15353.3,0.087229,0.588906
40025.3,0.0806609,0.615602
24872.3,0.0857282,0.589517
50510.3,0.0846619,0.577242
20742,0.0968085,0.606113
9717,0.154589,0.592364
9718.67,0.114984,0.615757
45269.7,0.0873747,0.586824
36662.7,0.0963455,0.593856
27171.7,0.0819215,0.572447
53775.7,0.07944,0.574709
41932.7,0.079297,0.585065
23087.3,0.0901914,0.579481
35674.3,0.0883452,0.57155
17953,0.0944335,0.610761
15148.3,0.11369,0.601232
11508.7,0.0970123,0.586717
15135.7,0.0887254,0.576937
15732.3,0.114906,0.606691
18512.7,0.105172,0.600148
77102.3,0.0795583,0.599212
30105,0.0841591,0.57037
29801.3,0.0880417,0.584157
40765.3,0.0814497,0.580976
8750,0.143059,0.595771
38136.7,0.0796017,0.583175
11774.3,0.098321,0.60043
40944.3,0.0816338,0.569839
19435.3,0.116021,0.630381
13932.7,0.115046,0.611393
11023,0.0982035,0.59775
25853.7,0.0891374,0.576914
15447,0.104681,0.588852
37824.7,0.0837709,0.588461
14417,0.111694,0.585836
21296.7,0.0771939,0.611567
11687,0.0866779,0.603491
19223.7,0.0984829,0.592256
33874,0.0867367,0.580061
24672.7,0.0888313,0.598084
12713.3,0.11924,0.583849
15087.7,0.102557,0.607008
12714.3,0.0932743,0.566972
20220.7,0.10685,0.5906
16310.7,0.106378,0.602939
21173.3,0.0882527,0.607919
29833.7,0.0902892,0.60339
21759,0.0877202,0.589227
19731,0.0874423,0.606508
52075.3,0.0764137,0.570456
83201.7,0.0911336,0.580401
18626.3,0.0875919,0.59092
33818.3,0.0820765,0.582248
11548.7,0.104547,0.63231
42984,0.0890752,0.584846
12228.3,0.0987347,0.612321
29727.3,0.0918063,0.585981
19113.3,0.0982724,0.557185
10725,0.0983629,0.576131
40565.3,0.0906265,0.593134
15471.7,0.106019,0.610492
53614.7,0.0744733,0.565299
12540.3,0.101184,0.622445
12870.3,0.102298,0.628474
37483.7,0.0841909,0.593041
17316.7,0.0957207,0.620115
51730.7,0.0905228,0.567581
59880.3,0.090141,0.60101
54385.7,0.0831386,0.596928
67718.3,0.0843751,0.595993
39275.3,0.0823718,0.578166
11789,0.103317,0.602087
23329,0.0882667,0.601097
28756.3,0.0903494,0.562091
10833.3,0.106225,0.598492
20218,0.0965257,0.569591
11817,0.115076,0.640772
9627,0.109698,0.615976
10528.7,0.0850251,0.573134
10315.3,0.11977,0.573774
11274.7,0.0967651,0.614593
80825.7,0.0885443,0.588245
9745,0.128267,0.582863
8928.67,0.115578,0.600911
63861.7,0.0876027,0.575891
21208,0.0763472,0.584072
35135,0.0863514,0.559613
12199,0.0889708,0.593409
12372.3,0.0934552,0.557022
43598.7,0.0779102,0.58147
18176,0.0918328,0.594575
44337,0.081064,0.590071
60923.3,0.0840769,0.577967
55124.3,0.0881311,0.595194
60664.7,0.085822,0.604163
12407.3,0.10146,0.583096
9597.67,0.120509,0.596013
19225.3,0.0709838,0.592274
22465.7,0.0931653,0.589092
18356.7,0.0878575,0.589995
27916.3,0.0876146,0.570729
46629,0.0968015,0.589762
9221,0.101406,0.606984
66183,0.0824257,0.566324
24216.3,0.0794412,0.602059
10047.3,0.119116,0.623316
10061.7,0.101489,0.573795
22960.7,0.0987763,0.589544
35623,0.0835498,0.590293
12330,0.108548,0.578751
17421.7,0.0919874,0.61391
16436.3,0.0808338,0.617027
44008,0.0741759,0.577986
83596.7,0.0883504,0.584752
12549,0.106453,0.615985
23196,0.0874991,0.59562
19540,0.0906607,0.57175
28433.7,0.0818805,0.580521
46844.3,0.0754395,0.585165
16899.7,0.0878752,0.573226
18773.7,0.110701,0.592497
71030.3,0.0947904,0.593868
8281.67,0.134718,0.615979
23740,0.0928166,0.574558
13988.7,0.0832396,0.581209
12105,0.0988234,0.587443
31941.7,0.0811405,0.574965
11481.7,0.0988083,0.568501
87197.7,0.0862235,0.593483
49009,0.0771521,0.600318
31176,0.0763898,0.585899
43547.7,0.0861973,0.602704
9913.33,0.0930434,0.586147
20858.7,0.0955701,0.616259
41218.3,0.0935894,0.606276
12155,0.0913747,0.577951
50792,0.0809498,0.58269
61392,0.0880107,0.598286
8982.67,0.12288,0.635038
47965.3,0.0838597,0.584144
13244,0.0864275,0.557989
67176.3,0.088188,0.587717
18244,0.0955601,0.589947
10313.7,0.104119,0.570441
20375,0.0894775,0.635534
53432.7,0.0791541,0.597618
17555.3,0.090112,0.590343
54058.3,0.090871,0.565901
43518.3,0.0805012,0.578691
28078.7,0.0833862,0.584584
32745.7,0.0752981,0.586317
11572.7,0.102843,0.612506
15727.3,0.0737539,0.615786
46228,0.0815567,0.563836
9393.33,0.126311,0.570688
59213.3,0.0916632,0.591601
68490,0.0892827,0.600131
11319.7,0.124569,0.564004
8965.33,0.0955667,0.605518
9439.67,0.0937555,0.519969
31721.7,0.0762777,0.588567
39748.7,0.0884904,0.579374
9736,0.113501,0.606204
8372.67,0.106116,0.577992
13070.3,0.100435,0.623448
12422,0.0817653,0.620109
43352.3,0.087854,0.582821
21064.7,0.104107,0.60952
39017,0.0971719,0.600405
10837.3,0.104043,0.57428
10392,0.0996611,0.611432
29798.3,0.0816203,0.583847
57277,0.0817075,0.599979
16372.7,0.10475,0.595098
10783.3,0.104257,0.612488
10306,0.106824,0.59771
32166.3,0.0962466,0.599219
90056.7,0.0895414,0.596739
18722.7,0.0954592,0.598383
15835.7,0.0953523,0.557118
64659.3,0.0816405,0.58752
23588,0.0916116,0.602255
12769.7,0.091464,0.598945
27338.3,0.0878388,0.58126
42808,0.0919442,0.565385
18268.3,0.0961932,0.552906
73899,0.086717,0.591875
15618.7,0.104109,0.585603
37157.7,0.0801429,0.592188
18216,0.0946001,0.600516
80557,0.0856569,0.571707
24137.3,0.0895566,0.578551
22128.3,0.0942689,0.586111
19020,0.0691669,0.57755
13444.7,0.096183,0.623023
31522.3,0.0795916,0.571965
10121.7,0.0917868,0.631055
26064.7,0.0721539,0.588894
65016.7,0.0910654,0.599574
9419.33,0.134911,0.601175
50959.3,0.0759752,0.589503
67249.7,0.083685,0.584618
8904.33,0.12272,0.595628
15034.7,0.0994996,0.553676
17426.7,0.0975261,0.589059
67034.7,0.0836229,0.60511
40697,0.0776156,0.595376
9696.67,0.110325,0.590134
45109.7,0.0832871,0.578974
90854,0.0780737,0.587613
22429.7,0.0985194,0.584732
12494,0.0728952,0.554906
52426.7,0.0897919,0.592834
52111.3,0.0847368,0.58313
18747.7,0.0902196,0.572996
8411,0.111813,0.59553
14603.7,0.0980982,0.585698
26587.3,0.0895895,0.560856
10130,0.121649,0.592892
14458.3,0.0898629,0.574939
20419.7,0.073109,0.579262
14577.7,0.109064,0.59079
46420.3,0.0921955,0.586331
10148,0.105143,0.622093
14953.3,0.0999308,0.588542
14956.3,0.114784,0.61109
26651.3,0.0925804,0.57902
11869.3,0.108815,0.596046
10260,0.110512,0.590156
20407.3,0.0791621,0.579383
64429.3,0.0884625,0.568509
12948.7,0.0982881,0.596458
29890.3,0.0863441,0.581013
12182,0.100465,0.601954
32022.7,0.0829666,0.556928
8765.67,0.142557,0.597939
11984,0.110759,0.56275
23466.3,0.0959646,0.568332
10823.7,0.115422,0.586523
23838,0.0916091,0.585871
38303.7,0.0787771,0.584339
58730.7,0.0869912,0.597496
86379.7,0.0830572,0.577223
22630,0.0974134,0.596023
85050.7,0.0868321,0.592063
21242.7,0.0794126,0.593114
12173.7,0.112219,0.582268
48707,0.0842599,0.588375
16889.7,0.106293,0.596065
22241.7,0.115529,0.585223
21493.7,0.107137,0.598843
12599.3,0.112406,0.60699
11597.7,0.081169,0.613945
8921.67,0.100477,0.61954
27334.3,0.0881235,0.602929
28261.7,0.105306,0.595306
87292,0.0836396,0.583055
23724.7,0.0844436,0.618484
109510,0.0840793,0.589599
13351.3,0.0983858,0.620737
29194.3,0.0857774,0.570784
16479,0.0946878,0.583652
19602.7,0.0930561,0.617739
17445.3,0.0847872,0.596759
7806.67,0.14267,0.595687
22229.7,0.0972307,0.582525
45595.3,0.091177,0.57435
49100.3,0.0792823,0.56667
12822.7,0.111181,0.55732
20455,0.0916947,0.608066
12035.7,0.0973226,0.596172
10681,0.101866,0.628031
14650.7,0.0813409,0.572488
12288.7,0.105912,0.587316
20551,0.0974186,0.599971
9383.33,0.116421,0.605826
20432,0.099593,0.577183
18015,0.101029,0.577297
12620.7,0.0899223,0.580582
37235,0.0879521,0.597932
91719.3,0.0837633,0.58345
40331.7,0.0860394,0.561627
9291.67,0.0985956,0.602404
10732.3,0.128201,0.597416
81358.3,0.0881479,0.589057
9282.33,0.119318,0.617158
16308.3,0.0954642,0.589249
29237.7,0.0858885,0.608986
61179.3,0.0877613,0.573129
27213.3,0.095036,0.573052
28129.7,0.0929459,0.583062
42079.7,0.0826061,0.577341
12624.7,0.106938,0.557586
15507.7,0.0802653,0.594502
19751,0.0692378,0.602906
12527.7,0.119621,0.589602
61782.3,0.083301,0.582248
58668.3,0.0893331,0.593296
71880,0.0890469,0.577254
20128,0.0853424,0.628975
77485,0.0924266,0.59498
21354.7,0.0863947,0.599416
42499.7,0.0835071,0.585448
56380.3,0.0847707,0.597277
24145,0.0864914,0.591385
38845,0.0871901,0.587643
8672.67,0.103326,0.603774
15189,0.091876,0.623543
46092,0.082412,0.595288
60341.3,0.0860036,0.569935
9208,0.1106,0.622719
14103.3,0.0844474,0.621532
16870.3,0.100062,0.580763
13929,0.113474,0.631919
17751.7,0.0979655,0.590273
47773.3,0.0949644,0.572279
8213.67,0.134529,0.567875
84896,0.074729,0.574668
22657.7,0.111368,0.595354
59415,0.0833681,0.585374
36437.7,0.107743,0.594559
12056,0.0947668,0.612309
14238.3,0.0955516,0.626735
48881.3,0.0825884,0.594146
11738.7,0.0856966,0.58604
80057,0.0791077,0.590529
13970,0.095176,0.598568
58106,0.0849059,0.572196
44370.3,0.0786253,0.559375
53789.3,0.0908579,0.576651
17198,0.0886218,0.581637
11692.7,0.0989485,0.60699
12024,0.101139,0.592565
54144.3,0.0867671,0.597231
52900,0.0983493,0.591682
41477,0.0799689,0.5931
27892,0.0896716,0.584755
19987.7,0.0882502,0.584477
76333.7,0.0773151,0.571757
53687.7,0.0657459,0.573397
65684.7,0.0785849,0.576136
9363.33,0.11346,0.607334
9958.67,0.106247,0.618389
8295.67,0.113861,0.538876
9424.67,0.124052,0.569498
27913,0.0962991,0.581378
11094.3,0.115704,0.596401
8948.33,0.131138,0.583759
34272.7,0.0883839,0.596053
27207.7,0.104234,0.590397
64390.7,0.0903823,0.580959
42393.7,0.0920951,0.577523
43432,0.080857,0.598752
33359.3,0.0798347,0.58981
64178,0.0860383,0.583315
12841.3,0.0904982,0.60108
59612.3,0.0839285,0.587675
23536,0.0679895,0.583744
11599.7,0.110459,0.561769
10368.7,0.109161,0.610718
72816,0.0859798,0.592315
64849.7,0.0838698,0.583663
77139.7,0.0829605,0.596325
9369,0.100194,0.578824
8207.67,0.132784,0.609227
8509.67,0.115642,0.59454
42786,0.0920332,0.574954
34067.7,0.0934997,0.580003
63289,0.0765282,0.584162
16821,0.0961474,0.617086
9905.33,0.101845,0.589346
21029.3,0.0862735,0.573231
10960.3,0.110842,0.579605
22922.3,0.0916856,0.600579
12023.3,0.092753,0.625672
16755,0.0886295,0.59063
19542.7,0.0833219,0.557515
48976.3,0.0850466,0.592769
66764,0.0889078,0.586364
15843.7,0.0903569,0.611117
32252.7,0.090678,0.56477
21016.7,0.0900438,0.59207
68941,0.0872138,0.588924
37277.7,0.0855049,0.577888
46649.7,0.0768087,0.567578
56455.3,0.0883762,0.594411
42822,0.0858295,0.589954
27640,0.084408,0.592728
14257.7,0.0963942,0.586234
55831.3,0.0701391,0.575244
49558,0.0883078,0.578797
25039.3,0.0903723,0.59553
51216.7,0.0893264,0.587393
78218.7,0.0852488,0.574662
39620,0.0933127,0.592781
23474.7,0.0827118,0.573313
57809.7,0.0833002,0.577712
9671.67,0.132414,0.611098
49965.7,0.0737691,0.586369
37104.7,0.0870138,0.577969
24076.7,0.0789934,0.580202
26668.3,0.0942056,0.575914
11618,0.10994,0.587278
27011.7,0.0877584,0.593941
17656.7,0.102251,0.589768
10399.7,0.109865,0.626014
102306,0.0851222,0.581989
71442.7,0.0788809,0.581324
35085,0.0882821,0.571897
91487.3,0.0770519,0.590002
11295,0.0887606,0.582205
61824.7,0.0942068,0.58068
20900.3,0.0964217,0.591888
12401.3,0.105518,0.599667
9002.33,0.105954,0.637909
37542.3,0.0736396,0.596598
22649.3,0.0992621,0.598149
29240.3,0.0940815,0.597006
13472.7,0.107301,0.608961
40096.3,0.0934302,0.590295
53004,0.0934403,0.591767
8507.67,0.115647,0.57552
13488.7,0.0892541,0.614022
32953,0.0860302,0.576093
67373.7,0.0844923,0.606993
12001.3,0.0958751,0.607155
21395.7,0.0926198,0.583966
11364,0.108644,0.596093
79286,0.0834648,0.585803
36520,0.0848467,0.578122
21266,0.0907271,0.630067
17473.3,0.108237,0.6124
11362,0.100146,0.58634
39522.7,0.0859052,0.57583
38335.3,0.0910709,0.595891
15759,0.0997294,0.587347
31133,0.0895378,0.583946
89245.3,0.0780216,0.582156
9975,0.113162,0.586967
16843,0.0941087,0.603337
39690.7,0.0845535,0.57566
43428.7,0.086633,0.590885
35762.7,0.0776455,0.573093
17544.7,0.0846843,0.597978
35874.7,0.0996778,0.592377
7866,0.116029,0.57793
66884.7,0.0861663,0.605271
8158.67,0.11394,0.569864
10476.3,0.104409,0.609533
12159.3,0.103826,0.601897
11896.7,0.104501,0.566573
13387,0.0897554,0.576903
15093.7,0.094584,0.596365
14238.7,0.0925543,0.602678
18521.3,0.110991,0.58968
16018.3,0.0752425,0.59511
17497.7,0.0765253,0.585926
40741.7,0.0836896,0.573156
14231.7,0.0954542,0.629043
79204.7,0.086912,0.574225
61560.3,0.0855922,0.574764
16461.3,0.0803332,0.599506
20881,0.0991499,0.55687
21005,0.0893097,0.577815
32686.7,0.0850288,0.574771
20053.3,0.0901837,0.595146
22212.3,0.0815969,0.591773
11059,0.105187,0.608373
24770,0.0758113,0.578724
13036.3,0.121432,0.618246
14767.7,0.0942503,0.560165
11644,0.111201,0.600052
23533.7,0.093706,0.564312
11174.3,0.107149,0.550697
56037.3,0.0754867,0.591689
26381.7,0.09125,0.575602
22446.7,0.0924869,0.56041
13080,0.0986582,0.557645
11695,0.0973351,0.593929
59322.7,0.0836706,0.569451
17680.7,0.0933934,0.600675
24198.3,0.0870913,0.569034
39678.7,0.0842816,0.574423
11960.3,0.0958995,0.615423
18496.7,0.0954012,0.596558
60080.7,0.0860144,0.593374
44466.3,0.0837637,0.611264
10012,0.11481,0.604175
81981.3,0.0830907,0.580445
12589.3,0.10328,0.587376
14783.7,0.0988936,0.58736
32252.3,0.0892379,0.594923
79358.3,0.0878902,0.586563
41184.7,0.0844861,0.594623
30685.7,0.0998474,0.584649
42019.7,0.087066,0.579951
10897.7,0.106028,0.59814
11461.7,0.0908919,0.580049
25025.7,0.0963851,0.598199
33347.3,0.0690438,0.587443
23553.3,0.104655,0.571879
13065.3,0.110528,0.604781
32624.7,0.0977611,0.578928
10256,0.114556,0.609497
49904,0.0879888,0.579032
55991,0.0811984,0.600757
69890.3,0.0922257,0.581263
36193.3,0.0828847,0.611236
118878,0.0792337,0.592258
16057.7,0.105031,0.593195
10098.7,0.129434,0.604073
14167.7,0.101136,0.609792
9685.33,0.0939172,0.604798
10997,0.107665,0.605347
18706.3,0.0760464,0.584437
18699,0.10042,0.570458
14394,0.0997613,0.59636
36900,0.0745267,0.582683
32898.3,0.0745032,0.611449
32463.7,0.0877768,0.581029
45355,0.0827212,0.580289
63503.7,0.0771382,0.587546
24059.7,0.0805816,0.581942
29044.7,0.0760284,0.584077
17553.7,0.100968,0.563092
20826,0.079326,0.56876
16204,0.0967764,0.598371
86906,0.0892736,0.590374
19339.3,0.110154,0.580871
17695,0.0689458,0.570444
37386,0.0750203,0.588402
46078,0.0812768,0.575611
24688.3,0.0904726,0.573415
9643.33,0.0939881,0.603906
14051.7,0.0775294,0.593334
13167,0.112171,0.635832
41304,0.0869103,0.573116
56088.3,0.0872698,0.603132
23699.3,0.0999153,0.612113
57371.7,0.0833223,0.590855
33872.7,0.083672,0.592612
23179.3,0.0998026,0.591461
12140,0.119335,0.599012
16658.7,0.111211,0.596286
24183,0.117679,0.609064
11832.3,0.0973981,0.600445
15223.7,0.0838081,0.56953
31457.3,0.0868757,0.58955
13856,0.100518,0.597503
16075.3,0.111479,0.613404
15350.3,0.0855089,0.593907
12040.7,0.0961182,0.637451
21497,0.0875086,0.586407
37529.7,0.0934985,0.596657
63912,0.0926279,0.568985
9315.67,0.100649,0.642072
14148.3,0.0937512,0.605277
68741.3,0.0759072,0.579428
22695,0.0872569,0.57158
17683,0.0858228,0.591755
134233,0.0513265,0.579146
127771,0.0510757,0.580421
123102,0.0452447,0.581006
125211,0.0601769,0.585344
124455,0.0475808,0.585545
123555,0.0497465,0.583291
124853,0.051505,0.592926
130134,0.0461113,0.588735
123820,0.0516682,0.587906
116814,0.0543818,0.576754
128063,0.0546482,0.575525
128855,0.0493256,0.574611
128163,0.0586785,0.576801
130162,0.0439866,0.583273
130867,0.0492364,0.592468
130855,0.0536849,0.575855
127276,0.0497146,0.578962
125516,0.0528284,0.574592
130351,0.0496849,0.587744
124713,0.0563876,0.572434
128727,0.05756,0.579296
130653,0.0528263,0.587055
130103,0.0534874,0.56941
130227,0.0546046,0.591441
131569,0.046554,0.576359
126069,0.0501934,0.590181
128541,0.0489278,0.600135
122196,0.0514332,0.577167
129711,0.0492541,0.580209
133528,0.0503235,0.582339
129379,0.0560005,0.582537
133183,0.0483889,0.600456
128046,0.0542314,0.576438
123347,0.0511652,0.588583
129083,0.0529297,0.575773
130741,0.0508294,0.590209
124303,0.0503094,0.587608
131467,0.0504734,0.57967
129131,0.0492382,0.585944
120177,0.0488763,0.57786
125258,0.0483688,0.57659
128722,0.0470797,0.591026
131247,0.0565322,0.574428
129334,0.0580096,0.589389
125636,0.0534079,0.583085
119287,0.0532775,0.580747
125952,0.0538449,0.592682
115580,0.0557618,0.573988
124270,0.0524384,0.579311
130876,0.0482337,0.587938
131984,0.0483631,0.590023
123487,0.0556173,0.58098
123954,0.0586045,0.580691
120444,0.0472564,0.579086
123298,0.0500121,0.590715
131861,0.0491273,0.590459
132372,0.0519467,0.579107
120187,0.0516185,0.576414
127889,0.0597806,0.590668
128853,0.0548832,0.581228
116036,0.0585733,0.568544
125204,0.050837,0.589378
129974,0.0512803,0.58906
124063,0.0522903,0.576018
127718,0.0574963,0.578685
130807,0.0557589,0.592965
130211,0.0521773,0.59361
123962,0.0532436,0.578831
125247,0.0532185,0.57197
123824,0.0563318,0.561616
128772,0.0544569,0.590404
132119,0.0499677,0.581222
127911,0.0498255,0.578156
131009,0.0500797,0.588418
123320,0.0467051,0.580445
124372,0.0511373,0.575817
120556,0.0453387,0.580013
128421,0.0542148,0.585087
120708,0.055525,0.571719
121941,0.0540278,0.577472
128120,0.0522998,0.575332
121344,0.0555903,0.580119
132859,0.0538378,0.589633
128795,0.0600071,0.585842
130811,0.0521898,0.59013
128827,0.0517827,0.588661
126980,0.0479455,0.563085
124649,0.0514464,0.572483
124783,0.0526177,0.583994
129493,0.0486212,0.575985
128857,0.0469419,0.579328
127505,0.0552632,0.579008
125796,0.056251,0.592455
119025,0.0555564,0.567654
125654,0.0575809,0.579476
132413,0.053566,0.588942
122985,0.0501808,0.584888
129001,0.0519808,0.581786
126455,0.0560049,0.591258
131251,0.0522888,0.592841
126592,0.0536771,0.588931
130618,0.0558187,0.597506
128056,0.0553306,0.58608
125882,0.053216,0.574598
127420,0.0480875,0.568435
124214,0.0556377,0.572472
126553,0.049011,0.576292
61355,0.0573348,0.579773
126867,0.0546889,0.574716
127332,0.0577955,0.579834
133251,0.0486383,0.581568
130613,0.0551772,0.579525
129831,0.0562435,0.571562
124718,0.0522857,0.575855
125375,0.0510512,0.583278
121652,0.0517055,0.572144
130824,0.0473084,0.585699
125816,0.0510867,0.592481
117916,0.0539376,0.606186
129211,0.0521212,0.574719
122875,0.0517317,0.576639
130387,0.0550949,0.597491
132058,0.0494902,0.581173
126726,0.0543191,0.582466
129046,0.0518562,0.568634
126429,0.0545242,0.576042
133210,0.0501681,0.584843
127747,0.0555837,0.586194
122334,0.0552225,0.572298
128402,0.0543038,0.588982
120096,0.0530267,0.584183
127173,0.0566222,0.598861
125089,0.0492712,0.579239
126680,0.0498302,0.56784
135540,0.0513539,0.593017
131602,0.050477,0.589083
65720.7,0.0657414,0.58947
123974,0.0580469,0.582763
126218,0.0525393,0.583669
130311,0.0480983,0.579403
122066,0.0484669,0.585351
127845,0.04927,0.584165
129004,0.0501054,0.581292
125689,0.0586779,0.578213
119393,0.0496382,0.577559
131712,0.0497631,0.587069
137026,0.0518038,0.590921
131567,0.0499631,0.578492
118733,0.0546985,0.570448
122244,0.0535351,0.577644
131752,0.0496262,0.576967
127042,0.0515994,0.577639
127952,0.051024,0.582941
127859,0.0534306,0.58213
127140,0.0486231,0.568857
126271,0.0526016,0.577215
127473,0.0496354,0.580064
129120,0.0553692,0.583198
131945,0.0544122,0.590439
129368,0.0500944,0.584893
131278,0.0511981,0.586294
132441,0.0497416,0.57685
123091,0.0468746,0.588195
125986,0.0504053,0.581144
134322,0.0468364,0.591046
127986,0.0549177,0.573012
124779,0.0539388,0.56776
126581,0.0532449,0.588126
126818,0.04874,0.58593
124208,0.0472187,0.569496
131660,0.0487874,0.587145
130731,0.0529677,0.582601
132218,0.0496057,0.586308
125011,0.0514852,0.587764
114868,0.0523411,0.574168
119747,0.0530108,0.574599
127843,0.0536067,0.585609
135809,0.0532487,0.601934
125108,0.0544374,0.580435
129201,0.0521421,0.584794
126480,0.0532936,0.579795
129056,0.0463012,0.584262
125876,0.0490854,0.579432
124630,0.0492644,0.58049
129354,0.049765,0.582827
35998.7,0.0628933,0.594865
119135,0.0527698,0.594464
132140,0.049988,0.586931
131725,0.0509057,0.586529
130312,0.0521452,0.570673
127494,0.0505582,0.587216
130389,0.0518112,0.58411
131470,0.0438424,0.586883
131958,0.049174,0.578415
129433,0.0531302,0.582147
128403,0.0504177,0.582685
127883,0.0496903,0.575163
130273,0.0593775,0.583705
131686,0.050014,0.578236
129955,0.0488687,0.585222
133574,0.0534412,0.576666
128296,0.0527349,0.584776
129995,0.0516059,0.580753
131039,0.0513137,0.588352
129021,0.0504863,0.591822
132982,0.0550721,0.577398
131468,0.0495055,0.607246
132765,0.0526662,0.580371
122678,0.0517457,0.567119
124119,0.052932,0.586119
130898,0.0489067,0.594894
124009,0.0516148,0.57564
130364,0.047909,0.584648
130645,0.0470141,0.574201
131663,0.0555486,0.584887
131726,0.0498378,0.580326
129493,0.0491362,0.581611
133242,0.046611,0.580489
132057,0.0419571,0.577663
128343,0.051048,0.589003
120486,0.0574845,0.582059
130714,0.0548593,0.589711
127767,0.0522922,0.582204
114396,0.045924,0.565802
126116,0.0527089,0.576758
124682,0.0497878,0.589808
129956,0.052286,0.5909
130459,0.0473015,0.591159
126811,0.0527753,0.58336
129426,0.0528147,0.589924
124231,0.0432772,0.57123
130119,0.0538641,0.577786
130096,0.0513049,0.591152
122150,0.0498263,0.579333
129568,0.0510011,0.594009
125489,0.0492563,0.58594
130809,0.0533948,0.588389
126329,0.052493,0.579412
125891,0.0582949,0.583703
132003,0.0535968,0.590108
128344,0.049322,0.579649
130645,0.0549028,0.584244
128147,0.0548844,0.585496
127914,0.0511962,0.572412
127023,0.0540929,0.580938
132457,0.0505741,0.594057
126886,0.0476143,0.582227
136847,0.0504907,0.589933
127709,0.0537831,0.579943
131001,0.0485653,0.598748
129515,0.0507162,0.58401
130182,0.0550834,0.587662
120790,0.0531247,0.588571
132141,0.0546507,0.582457
131272,0.0477121,0.583998
121249,0.0530368,0.593456
122437,0.0519934,0.593248
128448,0.059696,0.585085
127299,0.0470087,0.585566
113287,0.0503661,0.577908
118559,0.0552393,0.59082
135699,0.0551811,0.589643
125949,0.0526449,0.582716
120080,0.0481828,0.585123
131488,0.050225,0.597595
130358,0.0509492,0.580344
130844,0.0505864,0.571723
129707,0.0476218,0.575177
129276,0.0537011,0.58666
106402,0.055217,0.565502
131244,0.04862,0.565115
129555,0.0538558,0.587229
132650,0.0526611,0.579016
133975,0.0523063,0.58
132148,0.0535557,0.591984
125694,0.0508466,0.580469
124291,0.0502626,0.583461
127283,0.0514764,0.574079
129126,0.0525426,0.580537
126853,0.047667,0.577373
131579,0.0552915,0.585812
121889,0.0523349,0.565523
124096,0.0527298,0.584628
130464,0.0511745,0.584322
127633,0.0491961,0.592492
127061,0.0532184,0.582291
136887,0.0510235,0.590301
124972,0.0518536,0.585723
131743,0.0548581,0.585367
127077,0.0471832,0.576355
121674,0.0544804,0.578846
128513,0.056402,0.591909
113645,0.0507751,0.582934
127498,0.0510688,0.586915
133604,0.0529512,0.591071
129672,0.0473185,0.577303
119710,0.0505621,0.579563
121948,0.0579403,0.571694
126554,0.0477452,0.581985
126883,0.0492219,0.582651
125423,0.0565703,0.593021
129316,0.0514236,0.575861
130761,0.0538138,0.591541
132330,0.0560892,0.578667
126248,0.0493277,0.576916
132555,0.0577274,0.605533
134458,0.0477735,0.585391
126920,0.047771,0.578561
125679,0.0533078,0.575558
128263,0.0547603,0.57694
131024,0.0550025,0.585114
125016,0.0521955,0.573338
112899,0.059741,0.574057
119642,0.0559225,0.591711
128491,0.0553214,0.576375
130589,0.0533101,0.585103
131463,0.0479324,0.590071
127683,0.0562561,0.572993
129149,0.0492615,0.586435
128130,0.0540662,0.577504
132814,0.0490893,0.588439
123866,0.0524812,0.578306
120862,0.0501334,0.564565
121896,0.0533972,0.57812
126690,0.0560742,0.570483
133474,0.0608892,0.593168
128842,0.0538176,0.577723
131607,0.0460679,0.583715
111629,0.0561303,0.574376
127276,0.0548582,0.589235
133242,0.053067,0.589487
128257,0.0523734,0.587792
122555,0.0481546,0.58107
125882,0.057182,0.584341
122523,0.0440951,0.573868
128324,0.0536722,0.586819
128904,0.0490286,0.575463
125718,0.048688,0.569731
126502,0.0508192,0.578208
130553,0.0498277,0.586241
132235,0.0456344,0.592819
133016,0.0508559,0.58167
125568,0.0547385,0.579706
126786,0.0476359,0.579579
132738,0.0535666,0.586516
126833,0.0516009,0.580334
132741,0.0495735,0.596093
120488,0.0512765,0.574601
122048,0.0486726,0.56724
118212,0.0534005,0.576841
131157,0.0601803,0.585852
129053,0.0563002,0.59992
120906,0.0514244,0.59057
126681,0.0522956,0.576673
123639,0.0553702,0.59294
126872,0.0521075,0.597543
129295,0.0501265,0.590003
126195,0.0505655,0.583058
128164,0.0513325,0.581236
123205,0.0531363,0.593722
125000,0.048432,0.570092
126283,0.0535759,0.582909
120323,0.0530741,0.570369
133501,0.0515,0.587303
134531,0.0475086,0.592633
134362,0.0545767,0.581407
120877,0.0503761,0.577302
132606,0.0532317,0.588469
129871,0.058177,0.594717
129116,0.0557321,0.593985
115649,0.0485917,0.577009
131237,0.0541903,0.600044
126086,0.0555476,0.572514
130921,0.0526566,0.573556
119848,0.0478823,0.580873
130198,0.0443404,0.582163
134540,0.0495766,0.57911
130120,0.0471461,0.589341
129030,0.05362,0.593463
133457,0.0504879,0.58496
137099,0.0554137,0.587575
130400,0.0515705,0.576771
123858,0.0545083,0.576277
130136,0.0510837,0.577069
117118,0.053978,0.567415
117119,0.0560708,0.590639
127152,0.0525073,0.576291
130392,0.0503493,0.580001
128572,0.0537453,0.57166
130540,0.0557119,0.576693
123977,0.0631952,0.587355
118661,0.0502177,0.573007
120391,0.0489966,0.567596
100931,0.0553272,0.573129
124911,0.0543726,0.579348
121913,0.0565569,0.574533
124825,0.0562767,0.574248
131647,0.0473864,0.576417
130094,0.0535234,0.588324
126077,0.0527221,0.584599
129880,0.0515174,0.578988
128715,0.0529381,0.584128
128243,0.0543867,0.572051
128704,0.050333,0.579846
118486,0.0522748,0.596885
131205,0.0479471,0.593072
102498,0.0479721,0.563426
116952,0.0522907,0.58226
131435,0.0531019,0.587024
123373,0.0514193,0.563499
123988,0.0571822,0.58852
133407,0.0451776,0.587806
128076,0.0512465,0.581127
129085,0.0513611,0.58138
131632,0.0493,0.578393
128914,0.0530114,0.584401
124928,0.0564223,0.584665
132496,0.0480883,0.583527
126979,0.0479227,0.575981
62431.7,0.0558278,0.584564
129446,0.0455915,0.577952
129897,0.0453592,0.584205
133214,0.0541907,0.591777
127332,0.0508184,0.57883
130362,0.0506305,0.581792
129240,0.0512384,0.589195
126045,0.0482947,0.576413
133044,0.0481073,0.582401
149264,0.0565342,0.578716
131436,0.0473038,0.58142
131613,0.0528825,0.589232
130473,0.0550945,0.580124
134706,0.0504787,0.583968
120841,0.0565445,0.577929
128772,0.0504214,0.583461
131894,0.049541,0.584617
126644,0.0518658,0.602259
120026,0.0490699,0.585048
172062,0.0484931,0.575023
127356,0.0520075,0.577978
122912,0.0459704,0.561723
126960,0.0507132,0.590214
123535,0.0513758,0.585259
127339,0.0506747,0.588158
139020,0.0582424,0.593149
130175,0.0557931,0.58951
125977,0.0489254,0.57106
124373,0.054301,0.573376
127826,0.0541248,0.566532
124028,0.0520152,0.573709
132071,0.0511333,0.584617
129922,0.0567418,0.56983
134201,0.0573505,0.583088
127768,0.0536539,0.577715
124352,0.0515884,0.585483
121064,0.0539426,0.578876
130476,0.0490633,0.577481
128544,0.0524716,0.574446
125277,0.0509567,0.58185
123768,0.0554065,0.569832
133247,0.0580032,0.592043
133298,0.0528514,0.591236
127442,0.0454632,0.57853
123165,0.0567125,0.586242
127871,0.0545375,0.57477
131862,0.0543469,0.583356
116085,0.0523309,0.574678
127113,0.0529563,0.577868
127127,0.0490417,0.588211
130179,0.0585128,0.588851
126508,0.0545783,0.590393
123208,0.0518194,0.580563
122315,0.0478744,0.57524
110189,0.0506027,0.578492
129924,0.0519406,0.57305
133486,0.0496022,0.574813
130850,0.0541932,0.585231
129024,0.0531073,0.58076
127881,0.0533574,0.585423
128007,0.0529028,0.573449
119549,0.0507542,0.580452
134275,0.0501954,0.585645
130657,0.0499861,0.573815
126105,0.0553122,0.580624
123093,0.0553327,0.579509
130393,0.0503468,0.589714
127493,0.0552297,0.592781
127962,0.0546486,0.583095
128959,0.0514724,0.595038
129267,0.0501094,0.584306
125680,0.0555287,0.568813
169443,0.0528469,0.583468
127181,0.0529753,0.581801
128432,0.0504843,0.581845
126303,0.0513959,0.576174
128257,0.0518466,0.57216
124797,0.0529083,0.57392
126480,0.0520337,0.595901
123356,0.0498407,0.587203
128858,0.0505995,0.580286
123723,0.0539364,0.594893
124974,0.0535666,0.572691
127392,0.0525711,0.575334
132043,0.0491237,0.586639
122623,0.0499363,0.581832
130535,0.053768,0.587302
130166,0.0573266,0.591237
125379,0.0550365,0.575204
53201.3,0.0614602,0.568382
136057,0.0512028,0.590815
35034.3,0.0658059,0.581049
130437,0.054317,0.60502
128777,0.0486304,0.589829
122328,0.0520027,0.571157
129642,0.0501707,0.576237
128054,0.0526791,0.568744
127656,0.0525836,0.588977
134765,0.0488208,0.595815
131622,0.05252,0.595364
130226,0.0542564,0.588462
126941,0.0528794,0.571088
127146,0.055868,0.577042
131198,0.0499942,0.576347
127463,0.0461392,0.575681
122299,0.0543352,0.572948
125916,0.0569898,0.576035
123213,0.0517857,0.566981
129114,0.051003,0.570639
122687,0.0552102,0.587674
130602,0.0478233,0.589375
127064,0.0536026,0.579303
121488,0.0493505,0.578642
130106,0.0515733,0.579178
124774,0.0502734,0.56719
125202,0.0505718,0.584771
131046,0.05654,0.59716
132153,0.0522959,0.584304
132432,0.0498854,0.58857
126820,0.0506324,0.576569
124112,0.0504351,0.578518
129927,0.0479873,0.589951
123934,0.0490914,0.589052
124906,0.0458186,0.598077
132701,0.0469293,0.585515
128522,0.0491777,0.579251
134217,0.0533754,0.599459
124339,0.0472306,0.581053
126298,0.0497627,0.593826
129128,0.0538987,0.591774
125322,0.0530728,0.578674
126000,0.0468263,0.582492
131924,0.0514227,0.594619
127089,0.0504703,0.592156
125712,0.0502022,0.576266
126046,0.0548478,0.591764
131499,0.05026,0.58189
128599,0.0499953,0.582116
119473,0.0547432,0.584165
131447,0.0517947,0.601436
124777,0.0570808,0.568651
123562,0.0542415,0.567343
119091,0.0477397,0.583978
102250,0.0427895,0.579506
131621,0.0552546,0.579417
130132,0.0481139,0.578278
123312,0.0531417,0.598543
130631,0.0525699,0.588459
126478,0.0517861,0.581354
124085,0.0493009,0.577173
112303,0.0513645,0.584348
131288,0.0504334,0.580327
128478,0.051872,0.565704
128005,0.0517167,0.585204
124822,0.0496376,0.571353
124623,0.0489399,0.577253
130329,0.0481299,0.57379
129609,0.0514501,0.584111
122775,0.0531552,0.57537
132019,0.0509318,0.57981
116714,0.0527663,0.571474
123545,0.050344,0.569837
126463,0.0505512,0.586496
128614,0.0515781,0.589551
129374,0.0530976,0.579023
118242,0.0565128,0.586957
78895.7,0.0558161,0.572875
125233,0.055195,0.578151
93193,0.0553349,0.594433
122875,0.0535272,0.591011
120011,0.0582053,0.572285
134145,0.0498633,0.58269
124573,0.0472537,0.591617
125711,0.0523825,0.595863
131569,0.0554745,0.573638
126113,0.0568612,0.587152
124676,0.0472484,0.579353
126555,0.0491584,0.577548
126253,0.0476366,0.581447
127030,0.049861,0.591888
123357,0.0549927,0.573494
134828,0.0522626,0.57435
127282,0.0504294,0.580699
127279,0.050699,0.584425
125640,0.0493482,0.576405
135157,0.0476271,0.596728
122567,0.052539,0.595107
89746.3,0.0570502,0.577034
127262,0.0504653,0.583626
130254,0.0520752,0.593736
128101,0.0518693,0.577111
122780,0.0469617,0.585336
132114,0.0500702,0.585627
130068,0.0513564,0.578809
126792,0.0565006,0.572059
132509,0.0553979,0.579225
130420,0.0554376,0.58098
123378,0.0505089,0.570365
127469,0.0452774,0.557394
129758,0.0534733,0.584334
121364,0.0433341,0.588577
129554,0.0490222,0.574498
132726,0.0494064,0.576296
132121,0.0501026,0.582477
128298,0.0498874,0.580882
125129,0.0556282,0.579758
122508,0.0508898,0.577028
126322,0.0481319,0.582768
126208,0.0467262,0.585387
122456,0.0493885,0.582095
130482,0.0493557,0.578471
130404,0.0519716,0.591581
131206,0.0546251,0.580057
88257,0.0567936,0.576476
124362,0.0525323,0.582722
135272,0.0523809,0.600638
132221,0.0505744,0.587581
128525,0.0574378,0.5929
130788,0.0567861,0.595567
176854,0.0561759,0.578327
81011.7,0.0525961,0.584982
128082,0.0488928,0.578017
129208,0.0504507,0.574686
126463,0.0448058,0.582668
122758,0.05041,0.568444
119215,0.0492405,0.581919
51637.3,0.0636916,0.589063
128467,0.0589721,0.584796
126619,0.0522612,0.588375
126218,0.0573555,0.565122
128754,0.0577016,0.578293
128717,0.050389,0.582122
125095,0.0530708,0.580507
128836,0.052276,0.578134
129345,0.0504468,0.58676
119353,0.0551539,0.597882
128833,0.0530071,0.578955
127599,0.0448376,0.569707
122445,0.0475967,0.583009
129481,0.0469348,0.57637
129170,0.0521626,0.574588
130771,0.051269,0.590884
127732,0.053552,0.57073
130289,0.0482504,0.57866
129711,0.0572936,0.579615
121156,0.0546231,0.578778
125439,0.0533369,0.59399
129192,0.0569933,0.578736
131869,0.0526204,0.597097
126645,0.0542203,0.574618
126613,0.055074,0.569152
131132,0.0486841,0.582554
127176,0.0528391,0.574247
132498,0.0528281,0.586405
125101,0.0519347,0.580247
124553,0.0522089,0.577678
131894,0.0544793,0.579681
129061,0.0558907,0.583054
129794,0.0520323,0.56936
128543,0.0547239,0.590382
125429,0.0583742,0.575995
133140,0.0493325,0.577952
125379,0.0493339,0.589245
135033,0.0499441,0.590919
133447,0.0496731,0.592929
126619,0.053608,0.576608
129046,0.0492905,0.575884
130450,0.0551953,0.597053
128284,0.0582958,0.588612
124985,0.0533089,0.57857
129895,0.0488078,0.572043
121739,0.0523407,0.577732
117430,0.0520004,0.581798
131530,0.0505223,0.580997
134615,0.0513674,0.584166
126927,0.0499044,0.572837
118371,0.0519509,0.587623
132965,0.0558956,0.598236
122376,0.04836,0.584355
132280,0.0513065,0.591945
123194,0.057294,0.582857
128521,0.0497424,0.576478
112219,0.0570348,0.587231
128577,0.0549148,0.581881
128032,0.0553868,0.586701
129764,0.0523369,0.568313
124543,0.0494859,0.576439
132555,0.0493259,0.590453
127234,0.0529298,0.576132
124055,0.0529097,0.580734
131512,0.049884,0.581548
127143,0.0479227,0.577547
133169,0.0548284,0.582444
129402,0.0508478,0.584941
131304,0.0474189,0.579815
120157,0.0571252,0.588547
119239,0.0458161,0.583584
130198,0.0484109,0.58638
130520,0.0511251,0.591699
120682,0.0528351,0.585518
118563,0.052134,0.567652
135371,0.0497237,0.580627
127710,0.0567842,0.592354
127510,0.0509981,0.584197
133141,0.0501852,0.584516
132606,0.0476633,0.591161
135774,0.0515028,0.583363
125754,0.0562435,0.583135
127196,0.052214,0.583387
123317,0.0520232,0.5871
131742,0.0537993,0.587967
126040,0.0566887,0.579384
129725,0.0521161,0.605084
124676,0.0526842,0.590286
128309,0.047596,0.579231
132432,0.0505888,0.590314
131576,0.0476226,0.582237
125151,0.0517613,0.580247
120720,0.0477921,0.568303
128823,0.0519785,0.573442
138716,0.0491774,0.584932
126774,0.0506745,0.583562
124610,0.0531133,0.588135
132555,0.0512831,0.605465
124671,0.051796,0.579152
126667,0.0518656,0.598661
125417,0.0482227,0.56954
133781,0.0475091,0.586731
128972,0.0586101,0.574884
124538,0.0522592,0.577643
128672,0.0518427,0.57654
124972,0.0514898,0.583783
128608,0.0531586,0.574199
129701,0.0561228,0.583916
127554,0.0545902,0.572843
123984,0.0511897,0.584483
122712,0.0602607,0.579149
132639,0.0466958,0.588911
129661,0.0487061,0.585805
130780,0.051692,0.594919
129384,0.0506612,0.584079
132688,0.0467245,0.575391
131577,0.0515227,0.596806
130779,0.054665,0.590599
129317,0.0485302,0.594427
126254,0.0483568,0.577023
129826,0.0505251,0.583342
116859,0.0530762,0.586365
120028,0.0485213,0.571346
128406,0.0522256,0.586483
120688,0.0493878,0.57301
120002,0.0537491,0.566512
121558,0.0529411,0.578341
132702,0.045734,0.595579
122733,0.0495718,0.573733
133281,0.0442222,0.585391
123442,0.0536333,0.591411
130277,0.0512231,0.578348
129799,0.0568195,0.594535
131655,0.0495648,0.583848
125116,0.0479624,0.583814
132113,0.0525916,0.578141
128509,0.0514748,0.579606
116118,0.0515169,0.581956
128070,0.0561329,0.577044
126824,0.0541841,0.574091
130773,0.0568194,0.59484
121867,0.0542027,0.591698
133573,0.0489389,0.589367
126390,0.0533156,0.578171
124935,0.0561354,0.574647
132334,0.0451642,0.582447
127609,0.0510108,0.576111
128805,0.0542339,0.572858
130566,0.0512642,0.58043
128265,0.0516121,0.592399
129524,0.0525779,0.595955
127899,0.0470029,0.583237
130541,0.0526823,0.591381
131798,0.0530374,0.588704
130519,0.0510026,0.577897
121831,0.0514243,0.575596
134203,0.0471258,0.5979
130977,0.0530453,0.591268
132657,0.0464821,0.579264
119401,0.0512213,0.589777
123919,0.0511045,0.591334
126078,0.0519382,0.585994
127869,0.0472542,0.583335
130321,0.0518026,0.569636
131434,0.0524636,0.573828
124081,0.0500813,0.591521
129669,0.0452721,0.576279
125062,0.0482399,0.577661
132602,0.0516017,0.576164
129305,0.054067,0.589096
128854,0.0598765,0.591495
126588,0.0502128,0.589815
122209,0.0542613,0.572646
38858.7,0.0680923,0.566883
127089,0.057007,0.583056
129446,0.0512418,0.578681
128523,0.051674,0.575411
127554,0.0542952,0.57859
131844,0.0551039,0.590717
126970,0.048779,0.578609
130155,0.0469796,0.592943
126619,0.0504149,0.568635
131088,0.0526572,0.581971
126325,0.0558578,0.575223
125636,0.0501469,0.567688
127333,0.0503795,0.596063
129042,0.0576732,0.580311
129907,0.0502605,0.575696
126244,0.0523648,0.580942
131140,0.0483514,0.59027
131010,0.055028,0.596057
124213,0.0557402,0.579098
125627,0.0544677,0.586837
119995,0.0537821,0.577407
129014,0.0541411,0.576945
131482,0.0461012,0.576033
133019,0.0474436,0.582995
121695,0.0515063,0.570406
133252,0.0518573,0.593004
129465,0.0511369,0.578875
131215,0.0515168,0.588588
119609,0.0536472,0.571337
122553,0.0510275,0.583156
124364,0.0517279,0.574941
83463.3,0.0530043,0.583677
125775,0.0540377,0.570165
119854,0.0557588,0.581153
123826,0.0527985,0.59053
124034,0.0558459,0.575326
131895,0.0527324,0.586978
126804,0.0518863,0.572612
126350,0.0526767,0.581096
126148,0.0555932,0.578895
129377,0.0454432,0.579041
124648,0.0508969,0.585144
127922,0.0514995,0.583778
129863,0.0508943,0.577408
128275,0.054088,0.584483
129907,0.0480513,0.581039
131329,0.0490633,0.582495
127085,0.0505967,0.581127
127733,0.0431811,0.564541
128649,0.0465191,0.585341
128217,0.0512647,0.588058
133563,0.0504798,0.57708
124115,0.0479425,0.576767
111005,0.0603452,0.567736
132859,0.047353,0.598262
130424,0.0550498,0.591682
130394,0.052355,0.587071
128016,0.057102,0.585556
127017,0.0588186,0.580277
134448,0.0524563,0.605643
131766,0.0540644,0.594842
127225,0.047989,0.582492
129235,0.0546054,0.582126
129978,0.0521086,0.581803
131885,0.0524135,0.580843
127826,0.0491588,0.585425
130055,0.0574813,0.580104
128870,0.0474924,0.580255
126371,0.0523835,0.577759
128838,0.0493765,0.591565
123714,0.047955,0.583244
127631,0.0461605,0.579808
132202,0.0609752,0.591023
121364,0.0494556,0.573971
123596,0.0510349,0.576875
122386,0.0537816,0.58092
129685,0.0526252,0.575321
114975,0.049191,0.571346
121487,0.0541569,0.580536
128413,0.0513788,0.565282
122561,0.0513277,0.581837
125339,0.0517768,0.586274
117690,0.0492861,0.571344
116875,0.0519833,0.587101
100285,0.0543854,0.593459
127384,0.0498219,0.582235
129683,0.0527048,0.570371
125586,0.0512974,0.581486
122491,0.0529348,0.572389
129305,0.0537037,0.580716
125900,0.0509515,0.584512
126766,0.0561426,0.588727
132551,0.049183,0.589192
128400,0.0489888,0.578801
121366,0.0474151,0.570316
128229,0.0464588,0.580052
126009,0.0533025,0.592605
127870,0.0458712,0.584637
129678,0.0497133,0.581745
128368,0.0507314,0.567081
117550,0.052341,0.572935
128381,0.0593981,0.591018
122312,0.0550534,0.581349
126343,0.0530471,0.577883
131453,0.0494498,0.570489
129674,0.0463335,0.577105
132253,0.0508444,0.582992
133250,0.0527895,0.596716
126241,0.0561575,0.590569
124921,0.0517904,0.586058
127356,0.0543134,0.574213
117537,0.0554774,0.575347
131728,0.0591239,0.585084
126260,0.0514006,0.599243
134488,0.0500391,0.593232
130524,0.0533558,0.592017
131368,0.0522352,0.578276
129604,0.0463738,0.579747
133279,0.0553271,0.600091
131271,0.0533519,0.578852
125482,0.0529757,0.591731
129585,0.053876,0.584234
123731,0.0559304,0.582954
129143,0.0513056,0.590013
128629,0.0566454,0.591158
123840,0.0560139,0.577031
119662,0.0479776,0.58623
129296,0.0543811,0.579933
138866,0.0492741,0.602084
128456,0.0487297,0.588124
129173,0.0543127,0.586864
128595,0.051201,0.587523
121730,0.0483975,0.585111
128779,0.0511261,0.569809
123027,0.0509413,0.580157
125997,0.0511988,0.563446
124072,0.0546104,0.583705
130063,0.0504934,0.607478
126588,0.0560802,0.567759
128088,0.0467614,0.591297
124200,0.0472051,0.585487
131671,0.0526369,0.587749
123850,0.054597,0.588248
122285,0.05369,0.572433
133969,0.0483204,0.575838
121712,0.0529355,0.576997
127309,0.0511932,0.575258
124735,0.0474448,0.589887
131326,0.0484834,0.570736
128565,0.0531027,0.577969
129788,0.049809,0.581883
128498,0.0527797,0.590515
132998,0.0481547,0.588644
124081,0.0485793,0.587314
130007,0.0497143,0.592956
130903,0.0507523,0.589685
125729,0.048804,0.589796
124333,0.0527752,0.581788
126585,0.0545523,0.568614
127782,0.0558512,0.590987
121528,0.0493451,0.575472
128042,0.0467972,0.573577
132833,0.0491087,0.597483
129438,0.0500044,0.583662
136267,0.0503723,0.593493
122947,0.0532765,0.58707
128564,0.0548653,0.570914
136707,0.0495492,0.590339
125468,0.0508504,0.585037
122445,0.0478228,0.576435
128502,0.0561611,0.561034
130939,0.0522641,0.591168
132520,0.0505669,0.59076
128692,0.0516828,0.577949
129860,0.0502732,0.576455
124049,0.052025,0.572741
133516,0.0497885,0.581616
120854,0.0465736,0.586663
129208,0.0484592,0.592641
130094,0.0466323,0.585969
132458,0.0514451,0.586563
132416,0.0503967,0.589532
127555,0.0522879,0.593967
105013,0.0541284,0.580014
127259,0.0503876,0.57825
110052,0.0535088,0.563402
129000,0.0533917,0.587287
124637,0.0516327,0.585817
132182,0.0537422,0.588181
133218,0.0480852,0.588824
121503,0.0540124,0.577867
121631,0.0512465,0.581961
124778,0.0462178,0.592039
126347,0.0489777,0.592816
129400,0.0503356,0.586136
131177,0.0478209,0.575234
125797,0.0553209,0.587597
130520,0.0490939,0.583684
127701,0.0510008,0.57368
126206,0.0561629,0.583312
126646,0.0501403,0.581451
109160,0.0610156,0.56741
130139,0.050136,0.573948
136338,0.0504941,0.587191
132429,0.0527711,0.580424
128502,0.0541135,0.579559
109111,0.0553805,0.563916
123168,0.0492575,0.578807
127743,0.051298,0.589081
116317,0.0501487,0.574959
131922,0.0525156,0.585857
128922,0.0522242,0.577229
126789,0.0508484,0.589653
119953,0.0470021,0.595187
124610,0.0522602,0.569096
128836,0.0521744,0.592218
126953,0.0540181,0.581842
129763,0.0465044,0.580601
125877,0.0530878,0.588587
125033,0.0487698,0.580823
130373,0.0487481,0.578782
131906,0.0495737,0.568215
129771,0.0542708,0.587119
127493,0.0490081,0.583973
121903,0.0537052,0.582197
130037,0.0517581,0.569272
132180,0.0512096,0.594485
124985,0.0512934,0.580826
130811,0.0491819,0.588043
126324,0.0454103,0.582941
123133,0.0514199,0.583771
125666,0.0543793,0.58665
123904,0.0497594,0.575175
131566,0.0512959,0.575966
133828,0.0501922,0.579184
123577,0.0500802,0.592311
134917,0.0563888,0.601073
122530,0.0582048,0.56669
124149,0.0520291,0.602377
93059,0.043928,0.581738
132806,0.0480875,0.594909
130583,0.0532603,0.588966
133691,0.0491689,0.582496
126291,0.0483261,0.580069
127941,0.0478728,0.569407
128229,0.0608583,0.592908
124307,0.0515067,0.582236
125287,0.0537179,0.571835
123572,0.0483822,0.582555
130250,0.0499331,0.575516
127823,0.0529847,0.577165
128161,0.0525829,0.575249
131439,0.0512495,0.570633
125775,0.0541354,0.59325
132915,0.049074,0.583286
125705,0.0497574,0.579392
128651,0.0484379,0.591962
129397,0.0470284,0.562463
132193,0.0539755,0.589865
128447,0.0551498,0.587686
128782,0.0518935,0.588844
129208,0.0577722,0.584236
126019,0.0498666,0.568545
129880,0.0497552,0.58914
125670,0.0475469,0.579769
129421,0.0496364,0.576093
130640,0.0533303,0.575961
127908,0.0543914,0.572087
131984,0.0512675,0.588159
127531,0.0538168,0.585289
128926,0.0474099,0.585832
131443,0.0467435,0.588906
124850,0.0457709,0.577309
124361,0.0538776,0.576109
133070,0.0528756,0.586733
129802,0.0516671,0.584775
126553,0.0494741,0.583672
125171,0.0511013,0.578644
131732,0.0503683,0.586456
130480,0.0472717,0.581813
127265,0.0531482,0.578403
125029,0.0542346,0.56113
126510,0.0517033,0.575058
122300,0.0445002,0.574186
137225,0.0463011,0.594925
127662,0.0487352,0.579636
135344,0.0543119,0.581877
128507,0.0472947,0.58468
130038,0.0544825,0.583333
122403,0.0523407,0.580651
124068,0.0538631,0.579202
129907,0.0500783,0.578937
128985,0.049736,0.585801
126663,0.047232,0.572333
129653,0.0554284,0.568089
129686,0.0491759,0.591478
129919,0.0514992,0.580827
128913,0.0552724,0.578681
126139,0.0550194,0.580074
129352,0.0449821,0.577142
129187,0.0510976,0.576277
123644,0.0518459,0.59239
131701,0.0514422,0.581655
129261,0.0568009,0.57751
128495,0.0529057,0.582214
132414,0.0548032,0.596504
129346,0.0521583,0.579419
124751,0.0533454,0.590472
132811,0.0536075,0.585554
134111,0.0537981,0.59554
131789,0.0549437,0.580526
124268,0.0537804,0.574078
129479,0.0538629,0.575935
128752,0.0523487,0.585979
127105,0.0474926,0.570528
129844,0.055741,0.592003
130119,0.0467188,0.592488
129238,0.0536142,0.582453
129482,0.0562156,0.580586
130928,0.0514378,0.577115
122014,0.0546167,0.592576
131623,0.0573183,0.585278
129662,0.0533753,0.595136
130895,0.0525095,0.599511
125963,0.0537702,0.580302
130771,0.0540383,0.566242
117506,0.057896,0.564171
132031,0.0517648,0.578523
134214,0.055072,0.593411
134743,0.0517132,0.581652
128869,0.0499165,0.58258
130604,0.0498431,0.589749
122986,0.0538117,0.588238
121644,0.0540389,0.581718
133324,0.0523474,0.586271
123925,0.0467256,0.588142
127496,0.050524,0.593803
130482,0.0499165,0.574512
125909,0.0455731,0.569129
126101,0.0478298,0.576645
128366,0.054222,0.588399
124409,0.0521306,0.593128
133244,0.0564774,0.604598
121734,0.0544887,0.581263
128479,0.0492572,0.594887
127184,0.0504288,0.567233
132349,0.0514616,0.577254
111577,0.0512179,0.57545
126532,0.0479509,0.58874
107716,0.047522,0.565845
125086,0.0498782,0.574837
128589,0.0475381,0.579712
126727,0.0500416,0.567902
124400,0.0533121,0.573276
126779,0.0549451,0.575758
126143,0.0495871,0.582846
120422,0.0560495,0.588431
120589,0.0513919,0.582263
115901,0.0562812,0.575034
133928,0.0518068,0.587402
127593,0.0479022,0.589272
131242,0.055195,0.576115
129780,0.0476029,0.57903
127632,0.0515903,0.585029
131109,0.0474774,0.590974
128094,0.0503215,0.585136
131488,0.0544195,0.579642
133218,0.050657,0.580533
131658,0.0508217,0.579558
131819,0.0514848,0.579678
126866,0.0547682,0.583616
118458,0.0491582,0.590957
129655,0.056898,0.587513
130071,0.0524816,0.572306
136422,0.0476651,0.58469
133139,0.0506809,0.585028
126790,0.0539622,0.573417
125326,0.0503393,0.583813
124470,0.0566196,0.575773
121586,0.0579186,0.574507
124570,0.0519883,0.572413
126460,0.0499842,0.582014
132434,0.0493412,0.588636
115405,0.0511389,0.592968
129050,0.0544041,0.59845
127115,0.050248,0.571368
130339,0.0486904,0.587606
129386,0.053442,0.586791
124395,0.0507757,0.576442
135316,0.0574036,0.593308
126844,0.0532215,0.58419
128046,0.0508654,0.585391
124388,0.0506051,0.587661
126401,0.055238,0.579928
128996,0.054273,0.583898
127658,0.0496818,0.583356
114553,0.0558459,0.577903
131893,0.0577343,0.580111
129002,0.0537713,0.582033
129985,0.0534007,0.576409
128199,0.0566171,0.584724
124217,0.0464971,0.585125
122603,0.0506951,0.571687
125962,0.046974,0.591313
126705,0.0484918,0.567156
130716,0.0498009,0.589152
123802,0.0541787,0.583613
121587,0.0549708,0.577064
127277,0.0494776,0.58157
132195,0.0470133,0.58913
126917,0.0524278,0.578524
133002,0.0509975,0.588987
130782,0.0504295,0.598309
133932,0.0537319,0.57546
127950,0.0509958,0.572634
126761,0.0522264,0.590742
118742,0.0520717,0.577222
127171,0.0537967,0.594424
117215,0.0519546,0.603254
124359,0.0559583,0.57139
124750,0.0455481,0.587715
29862,0.0649705,0.587636
128113,0.0557199,0.589316
132484,0.0565026,0.584403
130662,0.0540204,0.586869
125271,0.0595987,0.582996
124904,0.0518302,0.581498
127512,0.053136,0.574338
123107,0.0540528,0.577104
124373,0.0494561,0.579222
114615,0.0493375,0.594377
115979,0.0525023,0.569086
125705,0.0502605,0.569329
126447,0.0506053,0.587895
132784,0.0573119,0.577671
125891,0.0502231,0.5869
130796,0.0502668,0.578179
120113,0.0502929,0.58482
133105,0.0526325,0.594305
131620,0.0487355,0.582765
134505,0.0568673,0.597112
128511,0.0556617,0.577756
131858,0.0542813,0.586237
125519,0.0522503,0.588628
119286,0.0484181,0.584524
124653,0.0549669,0.575281
114602,0.0522967,0.57595
126741,0.0509737,0.578712
122378,0.0501704,0.57943
126058,0.0554761,0.585591
123408,0.0506858,0.575797
116540,0.048858,0.58525
127729,0.0475941,0.580053
129370,0.0505027,0.595234
129702,0.0448446,0.579058
127329,0.0478897,0.594456
123162,0.0571529,0.579513
130440,0.0490314,0.579079
114732,0.0545745,0.579049
126278,0.0470635,0.584203
127557,0.0488356,0.594777
130592,0.0513967,0.594045
126084,0.0495728,0.586636
124779,0.0545954,0.575457
125320,0.0532963,0.5689
134182,0.0556602,0.596734
125203,0.0461048,0.58838
129626,0.0518136,0.580601
118107,0.053286,0.576452
130105,0.0531356,0.600008
128991,0.0513648,0.582626
125246,0.0553504,0.580985
125517,0.0587745,0.583148
123117,0.0531752,0.589492
134326,0.0529275,0.592197
128742,0.0577258,0.601292
124327,0.0527912,0.573918
124336,0.0497624,0.570096
126410,0.0505975,0.578253
122632,0.0532138,0.578679
129256,0.0501106,0.589021
118645,0.0537517,0.578482
124948,0.0564449,0.578721
138572,0.0526564,0.587344
127889,0.0531559,0.571257
126315,0.0548379,0.572905
126409,0.0559904,0.594815
119351,0.0508209,0.588089
122563,0.0567497,0.5665
131945,0.0503033,0.587446
124358,0.0496872,0.578089
123154,0.0501362,0.574529
112705,0.0510389,0.598895
133029,0.0501396,0.577972
134047,0.0499547,0.589789
129839,0.0494586,0.579345
126662,0.0506443,0.569898
120220,0.0559347,0.572546
111721,0.0547772,0.579408
127097,0.0508584,0.57912
128724,0.0542547,0.588107
126806,0.0542923,0.578939
131123,0.0516629,0.584257
130671,0.0529774,0.570111
131353,0.0514101,0.59272
126432,0.0422951,0.579244
131354,0.0482029,0.574604
130148,0.0479397,0.578745
120411,0.0469151,0.568715
127291,0.0501367,0.582418
129436,0.0491101,0.587336
125153,0.0507665,0.582491
129472,0.0506452,0.575495
99947,0.052681,0.590333
123857,0.0504323,0.587351
121086,0.0576906,0.579068
132276,0.0499215,0.58593
133036,0.0453924,0.580031
181446,0.0527398,0.590382
129920,0.0471832,0.588808
117335,0.0478198,0.577181
125960,0.0583594,0.57032
133982,0.0507223,0.582713
128251,0.0541677,0.581664
123385,0.0501656,0.590027
131078,0.0513896,0.580574
131504,0.0533442,0.592533
132025,0.0539153,0.587472
130551,0.0521695,0.572539
126410,0.052856,0.584756
125629,0.0500487,0.576782
126090,0.0517137,0.585125
132948,0.0496267,0.593093
129943,0.0498194,0.577957
128045,0.0559874,0.595139
118045,0.0467309,0.589161
131642,0.0452436,0.581365
127970,0.0514272,0.580233
119936,0.0543784,0.574628
123952,0.0490562,0.581011
128467,0.0505857,0.597317
128539,0.0517641,0.588035
123852,0.0506653,0.578945
129869,0.046792,0.57749
122324,0.0571402,0.572643
123683,0.0517906,0.588383
131745,0.0502573,0.588493
124871,0.0497884,0.577268
129138,0.0508484,0.584928
129934,0.0486952,0.580884
126258,0.0600207,0.574973
121494,0.0483713,0.583333
125954,0.0517237,0.586702
129106,0.0528985,0.586266
125752,0.0542332,0.582126
127609,0.0524127,0.591541
129005,0.0489047,0.581036
126239,0.0510838,0.577341
127833,0.0499746,0.5745
123204,0.0476882,0.590013
125933,0.0561643,0.592772
125921,0.0479246,0.582631
127131,0.0506211,0.574459
129006,0.048312,0.582822
126237,0.0529634,0.585189
127084,0.0492845,0.586396
132217,0.0512435,0.592862
129438,0.053251,0.580162
130760,0.0525528,0.585802
124388,0.0505743,0.582786
124834,0.0523091,0.573526
126601,0.0502925,0.585371
123357,0.0489945,0.56728
123439,0.051622,0.567596
84081.3,0.0498282,0.588307
127392,0.0492029,0.577803
124571,0.0541692,0.566777
125112,0.0479268,0.59006
127282,0.048821,0.582078
126124,0.051528,0.588686
129533,0.0605147,0.586402
128921,0.0505599,0.580208
122736,0.0473518,0.571173
130252,0.0493175,0.582314
130971,0.0483613,0.589898
127392,0.0551495,0.579805
129909,0.0513254,0.57304
121083,0.0524853,0.580899
130550,0.0549639,0.582103
126231,0.0528741,0.578978
130787,0.050778,0.592601
130106,0.0548331,0.588339
126880,0.0542504,0.574551
127209,0.0443079,0.586971
120637,0.0537237,0.562232
132816,0.0479987,0.584658
131148,0.0553943,0.590798
129141,0.057658,0.587339
124955,0.0561153,0.568637
129355,0.0491019,0.587341
119478,0.0519116,0.585275
130873,0.0479417,0.5801
125464,0.047077,0.573579
130392,0.0522745,0.574609
126361,0.0562747,0.581912
129485,0.0503668,0.582191
127588,0.0550771,0.580901
119587,0.0518997,0.568632
126146,0.0506961,0.57919
123009,0.0468787,0.58977
126046,0.0522784,0.57214
128868,0.0496466,0.581576
120659,0.0530128,0.581461
131857,0.0481072,0.581118
126487,0.0543016,0.582349
131417,0.0562186,0.572738
128212,0.0528784,0.591965
126157,0.0568409,0.567741
127495,0.0531493,0.567751
126924,0.047491,0.59406
130470,0.0517321,0.586434
129387,0.0553528,0.587424
122398,0.0471656,0.586856
115730,0.0478061,0.572721
129936,0.0471593,0.575256
130810,0.0490685,0.587696
127844,0.0550088,0.573898
130596,0.0485387,0.57447
127225,0.0485725,0.573444
127159,0.0534696,0.582196
124804,0.0504683,0.579993
129370,0.049624,0.576876
112377,0.0528124,0.582984
121415,0.0512244,0.588605
124338,0.0532174,0.573988
125433,0.0514242,0.588928
127611,0.051474,0.582317
129598,0.0483612,0.596865
126781,0.056562,0.56811
126033,0.0505607,0.58305
129450,0.0591093,0.57523
129317,0.0462322,0.586149
124439,0.0536047,0.574418
124061,0.0511184,0.584841
123736,0.0520924,0.570832
126110,0.0521448,0.574816
128779,0.0500654,0.589832
131239,0.0559233,0.58643
130607,0.0463197,0.574429
132875,0.0515002,0.585667
127068,0.0505121,0.595264
125987,0.0465121,0.5679
134089,0.0529885,0.601388
127363,0.0559026,0.577047
123870,0.0549557,0.578166
131381,0.0513689,0.5739
130384,0.0617214,0.587338
123092,0.0513496,0.576394
130828,0.0568644,0.580667
122690,0.0538387,0.576999
130831,0.0513523,0.575517
132003,0.0545499,0.58057
131929,0.0525419,0.580805
130207,0.0567949,0.590068
131649,0.0530556,0.592796
128611,0.0485495,0.581303
126929,0.0534458,0.578761
132021,0.0536711,0.59422
125965,0.0520442,0.577831
127489,0.051495,0.592133
127924,0.0552522,0.58539
123704,0.0502076,0.591379
125596,0.0543512,0.578772
123491,0.0560685,0.579852
128657,0.0515117,0.57733
130164,0.0503746,0.581777
130759,0.0544449,0.589171
131615,0.0513539,0.57939
122013,0.0544745,0.579073
128036,0.0524725,0.579692
129726,0.0533839,0.595794
131999,0.0535248,0.594664
74822.7,0.0559403,0.593782
126002,0.0508384,0.584888
131174,0.0512325,0.582024
134567,0.0540547,0.59263
113397,0.0480397,0.578278
127910,0.0460535,0.57121
120396,0.0506058,0.583533
40834,0.06275,0.579052
124816,0.0493505,0.5762
132775,0.0494875,0.5926
131297,0.0516563,0.588947
133382,0.0488902,0.591628
132853,0.054978,0.587382
125968,0.0506595,0.579127
125032,0.0557845,0.580184
130420,0.051815,0.580713
132548,0.0500161,0.574566
122400,0.0579633,0.580989
124712,0.0556557,0.593202
122410,0.0476285,0.57994
134971,0.0463992,0.60386
118802,0.044643,0.58204
121583,0.0516002,0.569372
119278,0.0463675,0.59397
132387,0.0488775,0.586648
129645,0.052713,0.575012
133497,0.0536005,0.586152
130973,0.0525035,0.581208
127399,0.0509423,0.58438
117847,0.0548065,0.580027
123368,0.0616203,0.57733
123485,0.0493048,0.56802
128413,0.0515332,0.575623
96171.3,0.0559292,0.569979
134810,0.0517105,0.597341
128057,0.0513225,0.585466
130966,0.0523877,0.570877
133065,0.0464216,0.59306
126441,0.0495904,0.595922
120740,0.0573858,0.596397
126937,0.0523621,0.575821
133837,0.05173,0.592456
132649,0.0570926,0.587487
130743,0.0513531,0.595187
124115,0.0521383,0.567679
122178,0.0567303,0.582085
137038,0.0545945,0.583028
114040,0.0534123,0.578862
128673,0.0554105,0.586841
121835,0.0508648,0.577699
122701,0.0519633,0.573304
121968,0.0457277,0.597788
123588,0.0462684,0.591186
126228,0.054617,0.591929
129755,0.0530772,0.591003
120527,0.052505,0.570416
126454,0.053818,0.577135
132490,0.0491365,0.591947
127950,0.0507733,0.589843
131013,0.0542847,0.582248
123921,0.0594607,0.570355
121283,0.0561864,0.575217
130531,0.0513094,0.575499
132370,0.0540059,0.575002
135897,0.0566842,0.583059
130782,0.0497072,0.582871
129741,0.0519806,0.593632
125435,0.0544985,0.573058
125935,0.0569409,0.579196
127583,0.0461604,0.577683
126293,0.0572836,0.571516
129484,0.0539389,0.587273
126794,0.0554366,0.582697
130983,0.0520742,0.592569
127904,0.0482088,0.582507
133228,0.0492461,0.586183
103892,0.0557057,0.575372
131484,0.0535511,0.587281
132275,0.0520479,0.589329
129613,0.0437226,0.57784
133888,0.0535878,0.598672
128324,0.0504465,0.587026
127279,0.0524206,0.581541
100209,0.0560788,0.579274
124662,0.0524678,0.584861
130438,0.053489,0.585646
129770,0.0463761,0.58747
124036,0.0553388,0.587233
130796,0.0515791,0.603295
128072,0.054782,0.583824
57132,0.0500966,0.56366
125560,0.0491109,0.589316
129320,0.0478091,0.583154
128124,0.0510307,0.582073
133911,0.0487157,0.598162
125350,0.0463864,0.584487
130452,0.0532057,0.579542
121237,0.0515575,0.572634
122586,0.0510954,0.594566
126153,0.050651,0.56829
128933,0.0505173,0.586029
124275,0.0467989,0.584844
123190,0.059071,0.58618
137426,0.0544805,0.572406
117353,0.0554436,0.578584
127845,0.0591398,0.586589
125516,0.0569397,0.575078
131686,0.0531402,0.584679
130857,0.0515407,0.59377
131802,0.0524833,0.590856
126986,0.0550175,0.585954
129143,0.0532554,0.588963
131588,0.0472481,0.588591
114925,0.0556086,0.582723
124764,0.0462939,0.579762
117035,0.0568986,0.584556
134834,0.0422081,0.58456
133190,0.0526826,0.589256
128705,0.0513016,0.590226
129157,0.0431891,0.570464
128771,0.0510713,0.589566
133546,0.0547889,0.591216
128226,0.0569249,0.582281
131654,0.0463032,0.583586
122293,0.0533102,0.568925
130586,0.0539197,0.587931
133387,0.0542017,0.585349
126522,0.0481791,0.574323
118307,0.0531271,0.565263
128286,0.0539252,0.580048
133558,0.0487489,0.582773
130341,0.0487865,0.576929
129196,0.0532051,0.586655
129890,0.0487383,0.576534
120434,0.049179,0.561909
124625,0.0519702,0.573958
126723,0.0519306,0.590331
131952,0.0567401,0.588957
120151,0.0477223,0.569845
127743,0.0569855,0.575652
130327,0.050639,0.585439
113136,0.0525906,0.567052
121426,0.0523338,0.581321
136074,0.0522602,0.576451
119704,0.0544577,0.584763
128468,0.047007,0.581464
123969,0.0523601,0.587957
126390,0.0547511,0.584837
123665,0.0509953,0.570085
127571,0.0508162,0.590894
129305,0.059034,0.5806
131879,0.0537167,0.594048
133105,0.0543462,0.590068
119357,0.0519285,0.57633
116806,0.0535426,0.572813
125271,0.0528368,0.580441
125344,0.0560905,0.581771
125733,0.0522964,0.580599
130566,0.052662,0.586589
133328,0.0569345,0.583632
130056,0.0531786,0.581838
118698,0.0520937,0.578371
121794,0.0526287,0.582685
133801,0.0515292,0.580911
122314,0.0541789,0.575891
131316,0.054925,0.595548
132158,0.0458912,0.585795
120955,0.050857,0.579124
127962,0.0526711,0.594188
131318,0.0487454,0.591628
130548,0.0504073,0.579675
130771,0.0493296,0.568463
122721,0.0482741,0.590636
125375,0.049795,0.578612
122747,0.054135,0.579061
122243,0.0485556,0.585956
132927,0.0488724,0.58727
122925,0.0561116,0.580338
130115,0.0570315,0.589136
130229,0.0561073,0.586824
123535,0.0540258,0.57542
132046,0.0492535,0.578961
136401,0.0524872,0.587492
127461,0.0541657,0.576996
129614,0.0489259,0.593161
128061,0.0527945,0.583444
130846,0.0499077,0.576089
125754,0.0506211,0.586001
123790,0.0475338,0.583775
133230,0.0496753,0.585878
122758,0.0503624,0.573209
123204,0.0556286,0.57835
124442,0.0536974,0.587828
127045,0.0509796,0.580841
116423,0.0571179,0.574938
134005,0.0473284,0.585288
125980,0.0514269,0.57117
130773,0.0472783,0.570343
133617,0.0488544,0.594277
127386,0.0470455,0.576928
125758,0.0524665,0.582722
128168,0.0505137,0.571769
121509,0.0556201,0.589734
52351.3,0.065313,0.575738
126351,0.0514906,0.575041
124788,0.0512325,0.589191
129538,0.047628,0.597142
130554,0.0564898,0.597576
132222,0.0544287,0.588745
129651,0.0517532,0.581951
131953,0.0568528,0.586228
131696,0.0479698,0.597812
126445,0.0500998,0.584859
123967,0.0490895,0.576883
126432,0.0488995,0.574407
131750,0.0499988,0.576133
126661,0.0510376,0.576511
127579,0.0470936,0.597579
131776,0.0527494,0.582864
130018,0.0556563,0.57967
122310,0.0517355,0.576449
127817,0.0557344,0.577799
127125,0.050776,0.57694
125570,0.0482817,0.58817
125034,0.0464001,0.584849
126542,0.0525722,0.585185
127280,0.0519818,0.574289
131188,0.0442966,0.593225
132779,0.0501007,0.588591
130433,0.0511463,0.576722
128109,0.0499021,0.576544
127549,0.0501847,0.584548
130402,0.0521829,0.582345
119771,0.0511468,0.58707
130134,0.0512151,0.583376
113547,0.055029,0.591477
120606,0.0485629,0.57874
124314,0.0476363,0.580083
131310,0.051832,0.577823
130830,0.0580388,0.585664
133424,0.0516295,0.583718
133685,0.0532546,0.59972
122661,0.0542972,0.577661
131903,0.0545512,0.58692
125779,0.0507392,0.589188
131630,0.0460079,0.584122
129783,0.0520147,0.576659
126419,0.0498046,0.577963
125614,0.054817,0.590197
126228,0.0536879,0.593284
125525,0.0513476,0.583808
129992,0.0507422,0.578374
127620,0.0565374,0.584857
127289,0.056736,0.581621
136937,0.0551355,0.585974
127025,0.0475755,0.579504
129641,0.0569182,0.568736
131463,0.0491586,0.581723
122809,0.0464085,0.57346
76623.7,0.0540563,0.572177
126619,0.0560709,0.595025
127632,0.0534623,0.581539
125237,0.0502083,0.576192
129287,0.0523697,0.582383
123039,0.0499164,0.576748
124242,0.0509059,0.575188
129838,0.052301,0.600918
125754,0.0497348,0.574865
129047,0.0501701,0.576902
125119,0.0505946,0.584763
128442,0.0548835,0.588838
132627,0.0490833,0.59043
125638,0.0541961,0.581508
127665,0.0515049,0.579963
129205,0.0524998,0.580519
127921,0.0495294,0.575116
124774,0.053752,0.58176
134327,0.0523918,0.588917
129711,0.0512046,0.589314
128658,0.0470087,0.589318
128578,0.0506881,0.569892
127941,0.0552004,0.592488
125488,0.0537233,0.574007
102685,0.04786,0.579515
123795,0.0492191,0.582697
131953,0.0514261,0.584458
126653,0.053205,0.593902
123595,0.045504,0.582762
131806,0.0515997,0.586889
122858,0.0509028,0.577867
131508,0.0504284,0.584668
120933,0.0548645,0.577969
125953,0.0567501,0.568677
117912,0.0466692,0.572478
132124,0.0499548,0.581333
128210,0.053772,0.571235
129830,0.0516278,0.572187
132856,0.0515358,0.58872
130359,0.0498224,0.579204
122730,0.0545759,0.570729
128865,0.0516111,0.583378
129493,0.0509076,0.583406
132767,0.0537829,0.593634
123602,0.0573483,0.588942
114309,0.0597005,0.578401
120629,0.0563411,0.588909
129110,0.0580476,0.592839
131556,0.0550036,0.589992
133021,0.0510604,0.59685
130779,0.0518414,0.580624
134999,0.0514405,0.600549
123508,0.0520155,0.572412
127254,0.0522428,0.58386
131424,0.0536489,0.573038
136122,0.0534435,0.588825
127131,0.0492613,0.594517
124105,0.0512541,0.569248
125028,0.047586,0.575947
131286,0.0503871,0.597969
134819,0.0515493,0.58392
119137,0.0493349,0.575984
126650,0.0464716,0.583952
132217,0.0517893,0.571519
130331,0.0520506,0.584546
128348,0.0540345,0.576849
128150,0.0560109,0.581291
128075,0.0556462,0.594944
134200,0.0541679,0.584258
129556,0.0500081,0.583701
130146,0.0523157,0.577663
116565,0.0541608,0.574457
112986,0.05231,0.582041
123157,0.0452605,0.577933
130357,0.0573255,0.598545
131201,0.0527135,0.589851
131811,0.0552463,0.590148
133144,0.05436,0.587744
127841,0.0503285,0.586178
97329,0.0546947,0.594889
128318,0.0541978,0.58249
122371,0.0535029,0.565542
124474,0.0550932,0.576911
128921,0.0488827,0.586433
130402,0.0539715,0.587227
126311,0.0531846,0.57214
128018,0.0551202,0.574032
127233,0.048082,0.584428
128929,0.0513247,0.581723
131551,0.0495082,0.58507
132826,0.0448564,0.57022
124008,0.0527356,0.580216
131197,0.0577841,0.570268
120879,0.0494608,0.573305
126629,0.0505232,0.579895
123029,0.0519304,0.585622
138915,0.049796,0.595429
129763,0.0509633,0.58366
129858,0.049987,0.586779
128329,0.0537862,0.597737
127595,0.0508972,0.595
128842,0.053346,0.581111
132090,0.0562212,0.57242
132444,0.0568509,0.589936
130530,0.0509436,0.573236
133157,0.0483012,0.583638
124048,0.0523583,0.583323
127959,0.0517867,0.598235
126745,0.0519755,0.574366
128051,0.0578881,0.578301
129765,0.0561582,0.588102
131008,0.0504163,0.583857
128517,0.0515001,0.578651
128563,0.0550704,0.578183
124910,0.0534824,0.568033
129973,0.0512828,0.579778
132410,0.0490377,0.599562
131447,0.048596,0.57349
124373,0.0529336,0.575788
134680,0.0517445,0.59282
119355,0.0530221,0.581601
127867,0.0497552,0.571966
129881,0.0578118,0.600769
127696,0.0520235,0.592184
128108,0.0559276,0.603319
126712,0.0539532,0.575356
124511,0.0517039,0.582346
124526,0.0517123,0.582589
126650,0.0579726,0.59334
116141,0.0563582,0.584914
120186,0.0511051,0.582772
131071,0.050348,0.575982
120609,0.0487354,0.60529
134711,0.0542704,0.596451
134452,0.0442045,0.592178
133165,0.052317,0.592186
127111,0.0483698,0.58288
118930,0.0533711,0.59176
127473,0.0504355,0.585089
122886,0.0457215,0.593237
125206,0.0528746,0.601397
131012,0.0522466,0.594392
129777,0.0533311,0.588891
126432,0.0471312,0.58361
128035,0.0581282,0.569223
127999,0.0545102,0.581833
123726,0.0462312,0.573004
131698,0.052418,0.585935
124790,0.0560753,0.579093
132613,0.0490475,0.585693
97242,0.0591163,0.588748
129272,0.0515348,0.588987
126808,0.0477285,0.574684
129381,0.0507622,0.588491
127739,0.0527519,0.574308
120174,0.0583496,0.579988
126620,0.0456403,0.589176
125047,0.0491328,0.5838
117994,0.0547334,0.573245
125133,0.0541044,0.590787
129304,0.050891,0.582453
127664,0.051284,0.577986
130610,0.0456405,0.573608
127962,0.047505,0.565336
134074,0.045201,0.575582
131229,0.051581,0.599338
129292,0.049195,0.59506
120279,0.0494825,0.577245
126895,0.0514982,0.583833
121691,0.0482343,0.566825
123580,0.0515197,0.576319
132715,0.0486024,0.587733
128670,0.0506112,0.56657
120335,0.0572137,0.559933
128485,0.0503418,0.584235
131164,0.0542299,0.583731
121929,0.0487742,0.577885
133768,0.0556955,0.580568
119691,0.0481002,0.578502
113469,0.0551283,0.582066
131255,0.054181,0.578656
129292,0.05103,0.583246
133574,0.0530392,0.59205
129764,0.053135,0.591755
129916,0.0538329,0.58723
134206,0.0504819,0.586833
133082,0.062855,0.60107
133510,0.0568339,0.584207
126156,0.0506226,0.581546
129794,0.0478698,0.580878
128737,0.0496351,0.586067
129791,0.0526297,0.583561
125603,0.0503349,0.58237
130848,0.0508603,0.576841
127565,0.053111,0.584173
123439,0.0472942,0.583539
134819,0.0555494,0.581688
132489,0.0524452,0.59143
129341,0.0498083,0.588723
129729,0.0498381,0.579805
130804,0.0521475,0.578499
120045,0.0516635,0.575459
121579,0.0527872,0.579051
123443,0.0542157,0.585724
173945,0.0522869,0.58436
127917,0.0484708,0.575873
129781,0.0505865,0.581441
128441,0.0535213,0.565992
131853,0.0536879,0.59484
129268,0.0514328,0.587876
125805,0.0495124,0.574091
130765,0.053278,0.589974
126600,0.0568746,0.577461
129070,0.0513977,0.579658
122885,0.050564,0.579176
130443,0.0481521,0.581438
132391,0.0580635,0.599119
126487,0.0517667,0.587072
130246,0.0517165,0.579231
123596,0.0487762,0.57692
128782,0.0575609,0.579238
129774,0.0526902,0.585483
119254,0.0582468,0.578429
123744,0.056389,0.574185
124918,0.0496008,0.593886
125737,0.050532,0.590319
119339,0.0580202,0.563207
132708,0.0514641,0.594686
118246,0.0490329,0.57106
121590,0.0455962,0.584082
124023,0.0522141,0.572478
130098,0.0483151,0.583921
131512,0.0525214,0.574256
133986,0.048198,0.579635
131197,0.051155,0.601603
126098,0.0502594,0.586477
127637,0.0530804,0.586045
124158,0.0507712,0.582141
163319,0.0535991,0.583741
128918,0.0541776,0.578119
124283,0.0529825,0.568336
125901,0.0525512,0.579606
128019,0.0499272,0.576223
123942,0.0556863,0.586161
128046,0.0490486,0.585993
132327,0.0499801,0.588602
130073,0.05046,0.595562
128709,0.0521157,0.588207
129873,0.0484902,0.583231
131448,0.0466684,0.58517
131964,0.0482055,0.59509
132850,0.0484491,0.579676
129092,0.0481467,0.58114
127367,0.0556377,0.586443
125826,0.0537472,0.595533
132218,0.0507147,0.593531
115233,0.0523529,0.574853
123980,0.0528188,0.582658
127894,0.0518225,0.581267
136128,0.0544114,0.587406
134674,0.0502419,0.58567
123963,0.0502679,0.569028
128569,0.0547104,0.580836
131325,0.0510472,0.595084
126460,0.0497197,0.570983
126832,0.0566745,0.585739
129937,0.047371,0.586304
130413,0.0456346,0.581288
126605,0.0517734,0.591556
129902,0.0515295,0.57762
123101,0.0528498,0.589179
128801,0.0503426,0.592301
117222,0.051969,0.58315
129100,0.0455255,0.580724
128459,0.0516085,0.577881
129121,0.0561696,0.582109
53329.3,0.0571818,0.57253
135114,0.0474927,0.58948
123137,0.0532795,0.575583
132666,0.0483369,0.582082
80220,0.0590179,0.604575
126791,0.0550771,0.571046
129304,0.0556943,0.590929
130763,0.0519924,0.567442
132809,0.0561154,0.577171
122542,0.061304,0.582278
128228,0.0562568,0.576048
124293,0.0495028,0.560759
131268,0.0475876,0.585409
121886,0.0518681,0.566222
131104,0.0533732,0.583571
132328,0.0545838,0.580448
125640,0.0487876,0.577905
129581,0.0549211,0.593733
130342,0.0544583,0.602074
128129,0.0504769,0.587993
125588,0.0521641,0.579478
126091,0.0461116,0.582659
132579,0.0527707,0.593409
132090,0.044787,0.591392
123646,0.0539032,0.567131
130486,0.050425,0.578353
134049,0.0536545,0.586588
104451,0.0501711,0.588017
126092,0.0531681,0.574323
118235,0.0458662,0.592291
116749,0.0481455,0.57666
132779,0.0576971,0.586098
128160,0.0538981,0.576439
135668,0.0486969,0.57783
130772,0.0476589,0.584578
135038,0.0500117,0.586224
125292,0.0507882,0.574877
128868,0.0517567,0.577595
124184,0.0525321,0.583473
120437,0.0541562,0.571722
122031,0.0530173,0.577284
125763,0.04644,0.575614
128141,0.053182,0.584922
129862,0.048714,0.569986
126378,0.0558141,0.577526
122880,0.0496414,0.565889
118973,0.0495428,0.589399
120762,0.0538173,0.586099
133434,0.054282,0.578721
131764,0.0503905,0.581445
129392,0.0455387,0.582784
127578,0.0503511,0.590388
133480,0.0446912,0.591804
135221,0.0549803,0.597108
118887,0.0489966,0.585943
125305,0.0474774,0.601026
127229,0.0520401,0.564372
134096,0.0507833,0.594034
127227,0.0581032,0.573208
121375,0.0515552,0.578225
133922,0.0529915,0.587334
129566,0.0454174,0.590363
132108,0.0526742,0.586131
127789,0.0473161,0.578274
132763,0.0545688,0.592273
133771,0.0461901,0.591556
127701,0.0525042,0.572646
128686,0.0488037,0.578447
122657,0.0494204,0.569698
118486,0.052067,0.597822
120551,0.0581909,0.578875
112602,0.0509747,0.586974
125888,0.0543049,0.575392
123332,0.0548481,0.581929
130753,0.0550005,0.59955
120781,0.0483329,0.59008
127733,0.0555899,0.578038
130393,0.0504986,0.583429
119551,0.0562225,0.575265
135718,0.0477784,0.583758
126709,0.0516716,0.576632
129226,0.0554792,0.576056
127955,0.0509285,0.599879
127552,0.0515242,0.586404
131781,0.0492325,0.587456
129438,0.0482304,0.583924
130447,0.0517834,0.574674
135289,0.0514731,0.597155
131304,0.0518037,0.593071
134911,0.0562141,0.580298
129663,0.055051,0.59473
128217,0.0505231,0.584279
129078,0.0555879,0.586118
124650,0.0532969,0.569847
127958,0.0481281,0.582508
132351,0.0522154,0.586849
121662,0.0489198,0.573992
133028,0.0523964,0.586895
127203,0.0551391,0.579487
126834,0.0509063,0.589077
122661,0.0491688,0.580148
126707,0.053308,0.593515
130209,0.0600561,0.576177
130782,0.0531031,0.591025
116853,0.0539345,0.580331
130302,0.0516384,0.597116
128135,0.0541007,0.591615
135764,0.0558556,0.598653
127153,0.0524606,0.586884
128299,0.0490155,0.582226
119820,0.05112,0.574086
120722,0.0491051,0.574489
107032,0.0515261,0.582074
128369,0.0497519,0.577223
129464,0.0491432,0.582795
128400,0.0492439,0.56535
127261,0.053794,0.584292
118352,0.0478809,0.586864
133055,0.051852,0.577411
131541,0.0527766,0.591948
124332,0.0475971,0.582843
129477,0.0562628,0.585452
129421,0.0570113,0.58572
125221,0.0506456,0.574967
127835,0.0488675,0.585618
131019,0.0569385,0.582324
129966,0.0582396,0.593617
125787,0.0519137,0.589374
128928,0.0500425,0.587797
125330,0.0483413,0.575907
122580,0.0503492,0.588974
124272,0.0543508,0.574735
129819,0.0511133,0.586097
127607,0.0579472,0.575239
128872,0.0503081,0.576483
124596,0.0540554,0.580343
133173,0.0497232,0.580433
132388,0.0501647,0.587965
127360,0.0495111,0.586997
127302,0.0499831,0.576908
114141,0.0545533,0.581776
125710,0.0570207,0.578769
130058,0.0526943,0.577169
129524,0.05142,0.569589
119577,0.0490897,0.570256
124021,0.0529023,0.588187
129797,0.0526062,0.582036
128123,0.0507403,0.57741
130424,0.0507452,0.573809
132543,0.0489082,0.572897
130595,0.0537626,0.579475
128415,0.0483269,0.587603
127333,0.0507898,0.574486
126062,0.0558259,0.574812
133227,0.0503176,0.577116
127652,0.0524869,0.582811
126611,0.059323,0.580664
129715,0.0498066,0.571487
115994,0.0492556,0.591479
129189,0.0489311,0.58748
128985,0.052831,0.591487
125571,0.0578735,0.570673
129339,0.0541749,0.579477
124470,0.0503439,0.579895
127888,0.0570756,0.582584
127742,0.051918,0.586624
117545,0.0505621,0.589242
128912,0.0505905,0.585186
130109,0.0501273,0.576382
128615,0.0498131,0.586977
131560,0.0542244,0.580108
118421,0.0574532,0.57489
123806,0.0530919,0.571139
80812,0.0593454,0.600121
126261,0.0533969,0.597061
128226,0.0517275,0.573585
131812,0.0527959,0.594184
135304,0.0524709,0.592795
121124,0.0512457,0.588356
123875,0.0535885,0.578837
128323,0.0566098,0.586274
128856,0.0499013,0.588979
112960,0.0540938,0.595623
112275,0.0551991,0.585816
128585,0.0503854,0.574099
120706,0.0539899,0.570278
127261,0.0471022,0.582398
122436,0.0578044,0.584587
129565,0.0476137,0.585039
125147,0.05358,0.566993
123276,0.0547987,0.582839
111563,0.052561,0.583003
125630,0.0533011,0.571468
134498,0.0534763,0.594503
122208,0.0460461,0.57027
91889,0.0577283,0.582268
130809,0.0562568,0.590613
128848,0.0465614,0.578356
127029,0.0510012,0.576321
130501,0.0511329,0.587061
130104,0.0536556,0.594782
118876,0.0496759,0.589854
128357,0.0491319,0.581359
129425,0.0495144,0.59293
127380,0.0514929,0.57913
127050,0.0493977,0.587776
124909,0.0562363,0.58541
128089,0.049087,0.581319
130896,0.053,0.590748
131929,0.0546206,0.58505
126826,0.0535386,0.595174
123617,0.0459612,0.585393
126673,0.0553533,0.595936
124090,0.0518786,0.590116
117802,0.0483664,0.583301
122945,0.0556407,0.595603
124998,0.0526246,0.594474
125621,0.050409,0.596118
126355,0.0569531,0.582486
125454,0.0518287,0.581735
126917,0.0521122,0.586781
130023,0.0531356,0.58092
132791,0.0544007,0.594419
119619,0.0550305,0.575089
133098,0.0571284,0.581241
133994,0.0568175,0.598751
124737,0.0520588,0.568155
134714,0.0516831,0.599266
129957,0.0554006,0.57985
129678,0.0505219,0.580754
121632,0.0476775,0.585019
131015,0.0584341,0.58422
123225,0.0492102,0.580605
132115,0.0553048,0.585225
131756,0.0484957,0.598482
132178,0.0537469,0.579101
126921,0.0515298,0.576075
127704,0.0570761,0.582511
130163,0.0512755,0.575809
126234,0.0561331,0.587853
132030,0.0530263,0.605026
122862,0.0499857,0.577371
136199,0.0493978,0.591998
118839,0.0501152,0.576284
128738,0.0546112,0.587806
129963,0.051716,0.594443
121157,0.0497035,0.581333
127132,0.0475352,0.577868
133887,0.0502924,0.586805
129160,0.0540379,0.578806
124405,0.0484422,0.589193
116930,0.0544248,0.575759
127798,0.0533019,0.588393
124893,0.0541603,0.590982
126299,0.0482301,0.572558
128766,0.0564268,0.580732
128419,0.055363,0.585314
125928,0.053555,0.58653
128126,0.0502149,0.580031
127139,0.0481991,0.580829
128146,0.0539864,0.574239
132156,0.0517406,0.591789
134577,0.0521535,0.595146
51980.7,0.0642301,0.579934
131692,0.0545221,0.583498
130022,0.0564195,0.588174
124371,0.055723,0.580774
129776,0.0493377,0.588341
130485,0.0557925,0.586734
125389,0.0555198,0.590574
124757,0.0569916,0.566573
128120,0.0510514,0.594689
130742,0.0527108,0.582231
126048,0.0478492,0.593222
85754,0.0632839,0.606572
68108.3,0.0609811,0.581231
125501,0.0504456,0.571434
95710.7,0.0544151,0.586897
121877,0.0535299,0.580778
130595,0.0551304,0.581998
127445,0.0558038,0.586524
122512,0.0550592,0.587163
132464,0.0545408,0.584872
104648,0.0562587,0.592563
133039,0.0629814,0.592834
81561.3,0.0581751,0.577659
130114,0.0534189,0.58212
133664,0.0583115,0.579677
132790,0.050451,0.582977
99187,0.0522409,0.576951
134638,0.0523289,0.578503
125333,0.0483053,0.585747
133023,0.0507509,0.593856
126986,0.0559903,0.57721
127279,0.0563326,0.582406
130122,0.0620241,0.581942
122339,0.0509945,0.589252
131062,0.0519456,0.595649
127862,0.0507082,0.585776
134762,0.0501225,0.586549
130115,0.0560347,0.59759
128321,0.0494245,0.577173
130490,0.050297,0.581435
133649,0.0501426,0.586589
127262,0.0502199,0.582554
125960,0.050029,0.586269
126600,0.0559439,0.593784
124818,0.0595701,0.586562
125863,0.0465026,0.575626
130472,0.0454842,0.590613
114017,0.056874,0.577234
126686,0.0480306,0.587074
121876,0.04994,0.56754
123424,0.0532209,0.581917
131516,0.0580092,0.581636
120668,0.0502011,0.578351
118103,0.0477977,0.589104
122329,0.0514841,0.579192
129910,0.0493661,0.58524
132727,0.057196,0.595399
130743,0.0486267,0.584525
130681,0.0509245,0.571372
87376.3,0.0526519,0.580623
130701,0.0532405,0.585967
128872,0.0563911,0.576902
128119,0.0511582,0.579422
125006,0.053852,0.58944
131640,0.0499659,0.587697
117852,0.0517971,0.559503
127680,0.0547712,0.580843
134642,0.0499843,0.60437
128683,0.0535865,0.587199
128558,0.054356,0.581477
132156,0.0505911,0.579262
125045,0.0483505,0.586265
124986,0.0545046,0.573012
123158,0.0525129,0.59157
127685,0.051647,0.57757
136198,0.0526549,0.589553
128236,0.054841,0.597223
127370,0.0537476,0.587921
132438,0.0533414,0.58362
125096,0.0529779,0.577672
130909,0.0542986,0.586354
132773,0.0490265,0.584738
125993,0.0454954,0.58504
132589,0.0531887,0.585716
127445,0.0497595,0.588222
134362,0.0485657,0.578753
122320,0.0462829,0.578029
120317,0.0552254,0.588582
126795,0.0479995,0.594337
125212,0.051978,0.58383
135277,0.053501,0.596532
127241,0.0516264,0.576477
128211,0.0490586,0.568395
108825,0.0464465,0.586194
123870,0.0526807,0.579854
121889,0.0526353,0.58525
130859,0.0537744,0.581496
126308,0.0474236,0.586134
126913,0.0495396,0.575264
120477,0.0516716,0.564244
126270,0.0517784,0.592041
127353,0.0479213,0.585326
129090,0.0504715,0.571977
125259,0.0488572,0.582837
133554,0.0493289,0.581937
127698,0.0499667,0.584844
127758,0.056747,0.570434
118153,0.0533785,0.576773
126809,0.053121,0.571549
126888,0.0449255,0.582502
130463,0.0506422,0.586324
128607,0.0537769,0.582694
125564,0.0556128,0.593582
127838,0.0531569,0.570065
130466,0.0486517,0.588337
129433,0.0518471,0.580849
125030,0.0519705,0.587359
126822,0.0494859,0.582916
107737,0.0491938,0.582803
132639,0.0484124,0.590305
127850,0.048153,0.573109
124553,0.0504355,0.578971
121552,0.0499866,0.576909
123441,0.0473382,0.567267
133362,0.0488302,0.601135
125126,0.052309,0.593769
125849,0.0522019,0.582365
129375,0.04993,0.580765
125485,0.0528519,0.58024
124336,0.0460835,0.580062
128210,0.0563018,0.57701
130077,0.04891,0.578242
41396.7,0.0625184,0.564087
131793,0.0516372,0.584098
123303,0.0473191,0.56349
131190,0.0417427,0.581698
131134,0.051985,0.584703
131483,0.0501425,0.580334
130456,0.0556557,0.587995
124960,0.0545637,0.573608
119704,0.048314,0.58219
126386,0.0520696,0.584911
127127,0.0512228,0.574712
129632,0.0484151,0.585762
126273,0.0534671,0.572343
124454,0.0547503,0.581002
132208,0.0542842,0.583505
129529,0.0513115,0.58507
120130,0.0511786,0.589557
123790,0.0577247,0.567667
126372,0.0527434,0.579685
129644,0.051981,0.584104
129733,0.0459526,0.582608
129488,0.0532626,0.595275
130372,0.0472716,0.576109
124435,0.0492282,0.583212
128953,0.0537566,0.581983
127239,0.049274,0.56854
129897,0.0496967,0.583408
129732,0.0503389,0.578512
129691,0.0559931,0.571343
125224,0.0426672,0.560799
129228,0.0457621,0.576156
131237,0.0501352,0.584252
121985,0.0534681,0.588617
126906,0.0534387,0.57487
126212,0.0499186,0.580638
132286,0.0504805,0.575885
128257,0.0556521,0.570409
126797,0.0506425,0.567214
129478,0.0494236,0.581879
127364,0.049856,0.573086
119443,0.0549222,0.574106
133156,0.0544913,0.597671
126248,0.0556421,0.580508
131256,0.0544269,0.589508
129466,0.0520877,0.584443
131633,0.0488838,0.585207
128489,0.0510128,0.573321
135159,0.0492803,0.584945
122490,0.0516434,0.58039
125912,0.0496777,0.565589
130350,0.0482922,0.585313
128249,0.0599406,0.576184
127705,0.0483018,0.579441
123925,0.0554638,0.582437
123192,0.0532615,0.573369
129737,0.0504232,0.578023
127125,0.0529391,0.588346
127984,0.0533733,0.588472
128811,0.0501191,0.587613
125870,0.0512121,0.581274
117895,0.052996,0.578121
25967.7,0.0745252,0.591133
133065,0.0462228,0.576793
123135,0.0512903,0.5925
130784,0.0449071,0.593444
125387,0.0489109,0.571742
127960,0.0564712,0.587043
130450,0.0525915,0.575508
102761,0.0517908,0.593187
130032,0.053602,0.586717
132762,0.0481664,0.596093
128303,0.0540681,0.567262
129265,0.0526269,0.58433
127703,0.0571439,0.585488
132671,0.0490992,0.583387
129964,0.0497859,0.580765
120796,0.0489756,0.572697
128882,0.0485392,0.580783
132912,0.0492292,0.587155
126061,0.0615397,0.57208
124716,0.0520924,0.577408
131730,0.0449743,0.585967
130051,0.0458852,0.58885
129842,0.0551391,0.594419
125891,0.0478663,0.580371
129070,0.0473406,0.58619
132753,0.0544808,0.588205
123662,0.0466574,0.585143
130915,0.0504499,0.577271
123457,0.0513008,0.569121
25260.7,0.0732378,0.591209
123522,0.052712,0.583933
131699,0.0545674,0.593752
134539,0.0522926,0.588926
130041,0.0474375,0.57465
131527,0.0511391,0.591886
124395,0.0526515,0.584597
127557,0.0495436,0.581626
127280,0.0479502,0.580783
126881,0.0521468,0.583933
126816,0.0482331,0.583941
129278,0.0520814,0.572959
139341,0.050186,0.586335
126796,0.0518252,0.568575
129816,0.0511571,0.5818
121993,0.0506482,0.584612
130731,0.0523909,0.577036
125491,0.056847,0.561215
122094,0.0511276,0.581933
131834,0.0521702,0.585604
131821,0.0485475,0.58807
136396,0.056813,0.596227
127150,0.0512025,0.575737
122766,0.0523667,0.58135
125962,0.0498545,0.584434
123385,0.0555936,0.567658
127573,0.055112,0.576301
56766.7,0.0523403,0.593065
128743,0.0537474,0.583799
133251,0.051992,0.588975
124536,0.0492064,0.582273
126337,0.046679,0.5815
128002,0.0518586,0.582136
124234,0.0554755,0.577817
125205,0.050808,0.584861
128983,0.0535198,0.577355
127452,0.0538436,0.576276
106170,0.0560443,0.584615
126022,0.0526037,0.582561
129907,0.0518221,0.583949
130264,0.0510209,0.575765
130376,0.0514666,0.583267
129131,0.0504534,0.580279
133062,0.0515217,0.573691
132340,0.0533692,0.590872
132537,0.0548132,0.586568
130645,0.0494142,0.590566
124083,0.0551644,0.588977
131886,0.0479311,0.584782
132337,0.0490568,0.578346
93718,0.0574281,0.589481
129948,0.0559737,0.589794
121444,0.0513139,0.582413
128521,0.0494202,0.574743
129330,0.0516763,0.591135
121755,0.0545989,0.57065
125041,0.0553459,0.568094
123136,0.0561467,0.591021
126702,0.0556616,0.575097
129961,0.0494776,0.583914
125731,0.052016,0.584116
133682,0.0468535,0.588875
128775,0.0547766,0.589047
121140,0.0498698,0.568755
134538,0.0538107,0.597567
125853,0.0532426,0.586403
125820,0.0497201,0.579674
130347,0.0479394,0.572767
131172,0.0513887,0.585716
126667,0.0522406,0.567918
134139,0.0508205,0.577897
131355,0.0516554,0.59319
134304,0.05344,0.590254
126091,0.0509428,0.579042
130453,0.0507238,0.582443
123545,0.052217,0.577996
131284,0.0528132,0.587075
132128,0.0519058,0.589205
125281,0.0548803,0.580383
124391,0.0505557,0.579821
129068,0.0501526,0.586005
131604,0.0517073,0.580845
122005,0.0513807,0.592881
131473,0.0501061,0.573973
130022,0.0438016,0.590204
118136,0.0580284,0.569551
123160,0.0501961,0.576498
129236,0.0600296,0.59846
129398,0.0534949,0.585554
126952,0.0478935,0.569842
131557,0.0495588,0.589056
125868,0.0543284,0.581407
132343,0.0468272,0.5918
131091,0.0478346,0.576226
76044.7,0.0524775,0.585226
129660,0.0506418,0.579454
133143,0.0479947,0.586035
128163,0.0489957,0.581904
128756,0.044925,0.588004
129300,0.0494654,0.592773
122772,0.051214,0.562119
29110.3,0.063762,0.583974
130378,0.0473555,0.582663
127109,0.0553284,0.576454
127921,0.052484,0.573827
115548,0.0504273,0.592334
128747,0.0489095,0.594799
126141,0.0545974,0.573731
129641,0.0535726,0.580946
128416,0.049332,0.576568
130104,0.050669,0.580501
137231,0.0518488,0.59531
128722,0.0500913,0.579555
132140,0.0582988,0.583321
131433,0.0525771,0.583487
118688,0.0532286,0.573879
132756,0.0559868,0.580652
134726,0.0480738,0.578252
125018,0.0533453,0.584928
123172,0.0539709,0.575244
127994,0.0552892,0.596919
129609,0.0492607,0.581969
125365,0.0496226,0.573984
131458,0.0542768,0.589287
129072,0.0517348,0.593754
130922,0.0524849,0.584272
121724,0.0479681,0.570492
128039,0.0463987,0.580854
128262,0.0488256,0.570005
132164,0.0545911,0.571003
128757,0.0529332,0.572493
129523,0.0553853,0.589803
133199,0.053889,0.591348
127912,0.0544495,0.579621
128379,0.0542946,0.562588
117850,0.0504684,0.578685
128120,0.0566985,0.590068
130091,0.0552559,0.592823
130247,0.0487756,0.594144
128391,0.0437621,0.571909
125097,0.0534595,0.585238
123538,0.0500603,0.563551
122329,0.0500833,0.579274
132602,0.0521458,0.58541
129251,0.0482789,0.581036
128035,0.0515905,0.586387
128822,0.0486063,0.572076
114224,0.054333,0.578867
66385.3,0.052452,0.597657
106059,0.0478362,0.575024
125074,0.0580365,0.589927
133478,0.0530261,0.609123
130218,0.0553532,0.575101
123267,0.0489135,0.574951
130065,0.047967,0.594341
133001,0.0562831,0.588443
123344,0.0510915,0.583587
127062,0.0446552,0.565503
128245,0.0536749,0.588834
129087,0.0545613,0.578312
121953,0.0445306,0.591109
131217,0.0532017,0.578195
130472,0.0510544,0.577925
126558,0.0519981,0.577051
126082,0.0553217,0.590624
132289,0.0510815,0.581001
127929,0.047552,0.582515
130915,0.0557562,0.60207
121652,0.0539653,0.576296
129156,0.0462291,0.574844
132772,0.051793,0.567981
127769,0.0500988,0.578106
122461,0.0483353,0.588657
123401,0.0498706,0.575121
129703,0.0532063,0.583248
144642,0.0544178,0.582528
132982,0.0553033,0.588391
134151,0.0566945,0.597282
124404,0.0458191,0.568732
125825,0.0527221,0.578792
128113,0.0507207,0.57612
125589,0.0515066,0.580293
132995,0.0485063,0.584315
126424,0.0494373,0.586301
120878,0.0500609,0.56964
132205,0.0522797,0.594698
128395,0.0491951,0.582768
122803,0.0528579,0.580328
122340,0.0488656,0.581253
124498,0.048883,0.581644
127180,0.052743,0.591725
132054,0.05259,0.573557
128155,0.0484964,0.579825
131024,0.0487775,0.578738
130966,0.0465041,0.576875
128782,0.0443497,0.58434
129144,0.0496213,0.583984
130455,0.0491567,0.578993
133263,0.048935,0.584881
131786,0.0516151,0.609674
122914,0.0508245,0.584868
128823,0.0552688,0.578709
131482,0.0508189,0.588719
122980,0.0520682,0.574984
124661,0.0469411,0.577963
131522,0.0556566,0.584678
120626,0.0545532,0.581778
132196,0.0492665,0.585218
124994,0.0488901,0.574836
129485,0.0532959,0.585883
110152,0.046107,0.579504
122502,0.0462753,0.591998
129131,0.0579041,0.575327
130624,0.0521939,0.583288
124800,0.0483838,0.58736
126881,0.0499924,0.579712
126814,0.0513622,0.596003
130384,0.0530621,0.576919
134928,0.0557573,0.595677
120693,0.0487884,0.580676
131214,0.0560148,0.579408
124306,0.0500972,0.582587
130593,0.0520624,0.574407
134953,0.0514513,0.577516
126657,0.0538483,0.581124
127179,0.0541532,0.581951
122439,0.0522665,0.584148
129818,0.0476233,0.580162
130101,0.0525663,0.581176
129044,0.05329,0.578698
128777,0.0476757,0.577825
130508,0.0523421,0.583888
130562,0.0529739,0.592699
128750,0.0468827,0.580606
133949,0.0505952,0.578877
129594,0.0543863,0.583125
129217,0.0580293,0.583724
135531,0.0514298,0.591688
134238,0.048655,0.597219
123038,0.0483364,0.573648
124001,0.051634,0.582136
126928,0.0506837,0.586691
133266,0.0525856,0.599879
125055,0.0523651,0.585435
128500,0.0522425,0.579113
128228,0.0447819,0.571634
113279,0.0493252,0.579432
125481,0.0501038,0.57264
124725,0.0485111,0.581226
124055,0.0544519,0.567805
178383,0.0451687,0.587553
116082,0.0489695,0.571854
131568,0.0533411,0.578054
130385,0.0523567,0.582325
127359,0.0439097,0.572076
129101,0.0536218,0.597467
130848,0.0489864,0.581786
138218,0.0491395,0.585232
121756,0.0497496,0.583441
122511,0.0488348,0.563398
123677,0.0602562,0.578179
124272,0.0489253,0.581632
76788,0.0499089,0.575481
133777,0.0501852,0.59265
132001,0.0458102,0.585124
131487,0.055134,0.584412
128294,0.0508892,0.575471
131011,0.0499958,0.58239
130905,0.0505412,0.582701
127941,0.0537154,0.573393
129436,0.0529158,0.580608
129823,0.0541874,0.574259
134231,0.049248,0.591011
133803,0.0495914,0.599213
131877,0.054175,0.58257
134639,0.0537926,0.597995
131330,0.0504224,0.590094
126637,0.0435296,0.580269
120675,0.0531719,0.577228
124319,0.0512584,0.574904
130334,0.050469,0.585707
133800,0.0553608,0.58596
129559,0.0561552,0.596813
123913,0.0513248,0.589861
116049,0.0510948,0.583038
128314,0.0551446,0.574937
117966,0.0504512,0.588373
126737,0.0536196,0.583689
126540,0.0520015,0.576584
127038,0.0509002,0.586435
130464,0.0492997,0.581931
126110,0.0577438,0.582158
123499,0.0480453,0.580231
135823,0.0535206,0.592297
129669,0.0496771,0.579367
99212,0.0444194,0.580343
134138,0.0464839,0.59097
123534,0.0473378,0.576513
124681,0.047792,0.590832
130134,0.0574691,0.574151
134594,0.0557161,0.587827
130642,0.0464687,0.589125
127097,0.0500213,0.572669
125892,0.0529936,0.582059
127280,0.0581494,0.582923
124543,0.0528654,0.585276
119109,0.0531671,0.581253
121039,0.0516526,0.567243
122978,0.0495303,0.580392
124523,0.0548844,0.588232
134381,0.0652956,0.591739
129728,0.0473208,0.583771
124862,0.0482317,0.586844
132419,0.0541883,0.587843
128508,0.0552123,0.570676
122936,0.0517169,0.583694
121693,0.0556937,0.578444
131981,0.0514516,0.578561
131831,0.0491471,0.588666
126648,0.054927,0.581363
135463,0.0586073,0.581351
128053,0.0448454,0.575383
129367,0.0548506,0.569763
137547,0.0571802,0.588439
127751,0.0495064,0.593064
82416.3,0.0561739,0.567383
126681,0.0576796,0.593234
119638,0.0512169,0.582194
120816,0.0505925,0.585308
76731.3,0.0576407,0.594798
129332,0.0511602,0.583235
121187,0.053255,0.567437
133280,0.052638,0.576125
132097,0.047266,0.600055
127737,0.0533519,0.58148
124453,0.0544465,0.580505
117880,0.0560633,0.593634
125295,0.0516229,0.586608
127339,0.0564599,0.586218
132798,0.0511326,0.593921
129261,0.0477568,0.589838
129309,0.0556625,0.584205
80167.3,0.0576108,0.584985
128559,0.0517294,0.582351
132204,0.0554807,0.577051
128912,0.051147,0.580385
128433,0.0541485,0.573455
124229,0.0520422,0.582094
120591,0.0512859,0.598697
131176,0.0528609,0.579222
131268,0.0472544,0.580633
124785,0.0535665,0.57787
132215,0.0504009,0.587687
130573,0.0520142,0.578404
122817,0.0515562,0.570581
124740,0.0502532,0.583153
129925,0.0486566,0.589286
129455,0.0521519,0.575497
127272,0.0471992,0.572235
131992,0.0520321,0.586604
126985,0.0494264,0.578537
132913,0.0516804,0.590901
130340,0.0503812,0.579672
135792,0.0543725,0.589181
131699,0.0516761,0.583881
122310,0.0567068,0.601357
125508,0.0525051,0.579409
123893,0.0560166,0.586345
128912,0.0422232,0.569404
133869,0.051703,0.583597
125801,0.0530221,0.598401
131717,0.0501155,0.589518
133128,0.0485535,0.578793
125637,0.0539543,0.576021
127238,0.0518807,0.578141
134026,0.0474752,0.59459
123066,0.0505168,0.590577
127624,0.0494955,0.575244
130908,0.0553001,0.581687
122348,0.0522667,0.582421
131398,0.0509078,0.578118
128524,0.0524402,0.584867
124449,0.0547846,0.574408
123274,0.0468506,0.58617
124285,0.0527054,0.583212
128100,0.0462762,0.582174
126955,0.0464312,0.587484
127280,0.048191,0.58411
125767,0.0473033,0.586239
111060,0.0527157,0.578188
129353,0.0530392,0.580783
119151,0.0529167,0.570138
125185,0.0529835,0.586
129999,0.0526579,0.575128
127564,0.0515723,0.576632
130176,0.0496018,0.581759
132131,0.0560709,0.580216
131071,0.0495353,0.583359
125306,0.0486121,0.576536
125826,0.0506269,0.57425
124585,0.0509004,0.561725
128345,0.049899,0.571121
119332,0.0499605,0.587374
131443,0.0550777,0.584063
122826,0.0562584,0.577553
128362,0.0557622,0.580191
132315,0.0566941,0.589324
129755,0.0534214,0.578298
125962,0.0539381,0.598002
119374,0.0501769,0.573789
123339,0.0517517,0.580554
133681,0.0546864,0.591842
127238,0.0557408,0.580801
130059,0.0520938,0.577818
131272,0.0579498,0.573039
127601,0.0548965,0.581018
128861,0.0540928,0.57583
113752,0.0490724,0.57199
126204,0.0558237,0.590599
127391,0.0538631,0.584617
123961,0.0514288,0.579521
133777,0.0545424,0.593558
118953,0.0568654,0.587955
120253,0.0489361,0.580742
127912,0.0537714,0.591434
123655,0.0501764,0.56969
132631,0.050781,0.583747
131874,0.0578992,0.594844
128543,0.0460607,0.585053
123953,0.0584472,0.577304
132097,0.0565167,0.58454
130969,0.0475549,0.577098
126174,0.0455045,0.572135
129528,0.0454412,0.570398
131782,0.0535049,0.587914
127759,0.056616,0.582832
121644,0.0511451,0.574179
124811,0.0562786,0.568688
125641,0.0452333,0.593361
102603,0.0583051,0.574067
130512,0.0555963,0.584464
133405,0.0519072,0.600446
129956,0.0437311,0.571559
113943,0.0510282,0.589387
126365,0.0523038,0.599486
132943,0.0501809,0.587639
131446,0.0537742,0.569641
124218,0.0505235,0.584098
131107,0.0527998,0.584347
130342,0.0506173,0.580803
127355,0.0478365,0.577264
128174,0.0469614,0.588083
123415,0.0511518,0.572037
122272,0.0572153,0.575377
131260,0.052308,0.586976
96741.7,0.0571399,0.579154
124956,0.0479058,0.590488
118332,0.0525078,0.571396
127778,0.0442127,0.581513
125626,0.0499648,0.575411
131365,0.0485575,0.58774
126530,0.051681,0.578887
123671,0.0543092,0.578648
129644,0.0484857,0.57995
127112,0.0500965,0.576165
127442,0.0500283,0.565708
103141,0.0535336,0.590119
116922,0.0526773,0.585082
130725,0.0503176,0.57092
132355,0.0528321,0.580012
128221,0.0524337,0.572956
121469,0.0541131,0.601762
133818,0.0554035,0.587175
130351,0.0561221,0.593133
130550,0.0561535,0.590406
93732,0.0568058,0.579567
131132,0.0555329,0.591622
132682,0.0559158,0.596162
134875,0.0514412,0.588467
125118,0.0483455,0.584161
124039,0.0540057,0.595188
127035,0.0548913,0.564356
124607,0.0522109,0.592872
131434,0.0509501,0.583779
130754,0.0501916,0.591921
56797.3,0.0587935,0.590268
126588,0.0509394,0.576974
125109,0.0526478,0.566358
125814,0.0485857,0.578207
128700,0.0545534,0.574557
131533,0.0537173,0.582432
126284,0.054745,0.592985
130534,0.056857,0.580358
126882,0.0544403,0.575421
128760,0.0542709,0.581636
128850,0.0539058,0.591413
127157,0.049407,0.589448
126336,0.0473357,0.587509
124467,0.0520188,0.590425
127210,0.051267,0.588102
129044,0.0461932,0.585642
129121,0.0531949,0.586887
131284,0.0471503,0.579533
126215,0.0530692,0.594402
127900,0.0538568,0.584703
133222,0.0525885,0.583654
125042,0.0531539,0.570076
137524,0.0477207,0.589399
129020,0.049067,0.590703
129563,0.0529462,0.583651
144209,0.0555332,0.581923
133477,0.053068,0.575227
132326,0.0521611,0.590923
123790,0.0510338,0.580487
134252,0.0431028,0.586378
121457,0.0477123,0.568971
129903,0.0570533,0.574702
124938,0.0573711,0.58166
133784,0.0502823,0.578159
133784,0.0537705,0.588202
121811,0.0507091,0.572785
129656,0.0457802,0.57582
126636,0.0525744,0.573806
127100,0.04678,0.578989
130626,0.0465147,0.587582
122898,0.0510978,0.582691
128628,0.0549555,0.583403
123898,0.0545019,0.568238
128767,0.0539924,0.59113
131730,0.0559731,0.588928
129464,0.0473688,0.587835
128951,0.0535692,0.583869
129265,0.0525152,0.583232
126235,0.0473878,0.576096
122560,0.0497633,0.585742
90750.3,0.0495765,0.57184
126136,0.0482285,0.579525
121509,0.0520704,0.58585
130856,0.0515857,0.573585
127928,0.0478429,0.593268
128671,0.0467405,0.582816
130649,0.0518672,0.577739
129398,0.0512778,0.578444
135854,0.0530778,0.575165
121744,0.049091,0.583708
130938,0.0525941,0.589264
133621,0.0506893,0.597339
130379,0.0512442,0.595039
115491,0.0516664,0.568018
127803,0.0520089,0.591703
126897,0.0525195,0.577819
125524,0.0493131,0.583769
114419,0.0590894,0.581289
127039,0.0493089,0.578999
122543,0.0515653,0.580151
126050,0.0504125,0.585613
127649,0.0492339,0.586542
41480.7,0.0521802,0.578808
127198,0.0555938,0.58326
125744,0.0519948,0.582131
128209,0.0478855,0.581082
130222,0.0538809,0.584855
124407,0.0462167,0.582383
122195,0.0522415,0.573129
128138,0.0507569,0.587523
131531,0.0534872,0.583433
125574,0.0559329,0.580507
128604,0.0455161,0.582015
129625,0.0476165,0.586951
131446,0.0467837,0.588957
130999,0.0492728,0.583283
117003,0.0527289,0.581784
126114,0.050552,0.582913
124166,0.0514168,0.586449
131997,0.0541261,0.582013
123846,0.0589056,0.578747
126912,0.0462443,0.585055
124794,0.0468568,0.589275
128385,0.0465181,0.585352
126863,0.0490369,0.579858
130409,0.0511649,0.569777
129360,0.0497431,0.596247
120054,0.0530181,0.579089
132229,0.0492517,0.578133
126767,0.0480818,0.587945
117322,0.0514883,0.589544
128930,0.061704,0.577046
116929,0.0491343,0.583914
123982,0.0514328,0.593227
128576,0.0517865,0.57032
117290,0.0490969,0.583102
133034,0.0510342,0.588087
123298,0.0514374,0.575042
128495,0.0515197,0.587754
137909,0.0486373,0.575677
120602,0.0551371,0.58543
123750,0.0476099,0.573362
128427,0.0528259,0.570725
130359,0.0556494,0.580485
134389,0.0549683,0.58606
125415,0.0470948,0.586995
126892,0.0572333,0.567904
130252,0.0513396,0.593722
130668,0.053556,0.581623
118049,0.0486155,0.591784
128726,0.0477382,0.586163
128341,0.0561965,0.579507
72308.7,0.0528442,0.576422
123327,0.0481802,0.583275
132887,0.0485355,0.584877
128639,0.0493772,0.586937
130824,0.0479671,0.576148
124023,0.0511274,0.582319
87195.7,0.0481199,0.578083
129583,0.0531567,0.583213
128736,0.0502281,0.586048
126968,0.0533288,0.572991
129098,0.0482814,0.579072
124784,0.0531685,0.574312
134885,0.0529859,0.58749
129620,0.053274,0.576566
123350,0.0500817,0.581698
129628,0.0512052,0.590721
130373,0.0511303,0.597198
128087,0.047326,0.574609
129600,0.0499435,0.585895
126904,0.0507681,0.588819
169082,0.0558859,0.57502
131583,0.0532705,0.584091
120393,0.0518298,0.5736
125420,0.0542293,0.583196
119815,0.0528606,0.586792
121977,0.0556314,0.580187
127725,0.0512233,0.580063
126475,0.0561392,0.578458
131264,0.0540702,0.583591
128753,0.0483536,0.571447
126394,0.0519651,0.589007
134820,0.0539666,0.596496
122031,0.0545075,0.577087
132149,0.0467412,0.587712
126184,0.0574932,0.572691
85206.3,0.0656058,0.578298
133724,0.0482575,0.586185
122481,0.0499325,0.584838
130609,0.0531068,0.589963
126999,0.0541194,0.575568
125691,0.0513774,0.581756
132796,0.0499228,0.584637
123669,0.0459869,0.58587
135226,0.0489383,0.590459
130570,0.0498564,0.578498
116625,0.0538124,0.582221
126703,0.0529521,0.594607
126201,0.0514809,0.58687
128357,0.0542455,0.576747
129690,0.0539705,0.576008
130012,0.0502979,0.576308
116360,0.0557702,0.574239
131475,0.0512212,0.589314
132086,0.0514642,0.581602
130673,0.051012,0.60589
131020,0.050387,0.581838
123531,0.0540328,0.576406
129445,0.0477319,0.577678
120455,0.0584022,0.577913
124264,0.0524874,0.589004
122622,0.0481167,0.573527
131029,0.0509795,0.586168
128181,0.052292,0.584927
120778,0.05574,0.56916
117823,0.0484393,0.574824
129564,0.0460929,0.573709
123102,0.0541661,0.56902
126579,0.0479489,0.585504
127763,0.052758,0.579702
123956,0.0514564,0.575035
132726,0.0509692,0.585978
125249,0.0502285,0.582747
129259,0.0560533,0.57772
137876,0.0491008,0.590683
130790,0.0550261,0.581596
114957,0.0506087,0.580944
126517,0.0503676,0.580448
121518,0.0527221,0.586757
125902,0.0533308,0.577929
129120,0.0507541,0.589664
131440,0.051119,0.580858
131747,0.0516861,0.580411
117334,0.0519248,0.588218
129804,0.0529193,0.578434
123838,0.0542236,0.576939
127955,0.0534999,0.581935
122779,0.0554274,0.576927
129303,0.0514764,0.582596
130336,0.0514339,0.581954
127813,0.0553246,0.574311
129456,0.0507702,0.579823
127315,0.0536686,0.569324
127987,0.0496539,0.58983
131562,0.0503954,0.59277
130534,0.0490867,0.580267
130380,0.0488524,0.578827
131371,0.0460602,0.58498
123308,0.0507137,0.578932
18924,0.0742031,0.569171
132341,0.0555998,0.583005
122619,0.0540332,0.57405
132217,0.0505027,0.591607
127354,0.0469089,0.565883
126630,0.0550301,0.585995
139901,0.0494714,0.609992
129989,0.0503491,0.587346
126186,0.050514,0.576343
126684,0.0454289,0.577536
39557.3,0.0634011,0.57723
90820.3,0.0565761,0.577874
129982,0.0535695,0.588362
133485,0.0538062,0.591965
121183,0.0518612,0.562154
126950,0.0519766,0.586439
128158,0.050872,0.586983
134946,0.0556164,0.585442
129501,0.0422778,0.580022
130471,0.0472598,0.584271
124459,0.0506408,0.57541
127576,0.0535329,0.578859
131228,0.0489685,0.593075
122745,0.055372,0.56731
131122,0.0543553,0.586667
126683,0.0511009,0.579379
126721,0.0506381,0.585037
132574,0.0435821,0.583878
129869,0.0492434,0.587696
132571,0.053423,0.577257
126139,0.0526755,0.573506
122837,0.0486394,0.578197
122429,0.0499471,0.580345
133131,0.0537499,0.580057
127401,0.0479615,0.596452
113493,0.0544427,0.582119
131614,0.0490568,0.57593
121357,0.0534501,0.572398
125248,0.0477171,0.581027
125464,0.0498015,0.57958
132557,0.054586,0.590331
128768,0.0478262,0.585386
128579,0.0517801,0.582883
130771,0.0502338,0.59631
128177,0.0518088,0.591928
135510,0.0484818,0.587458
119809,0.056259,0.576906
128128,0.0469519,0.580076
126663,0.0523558,0.601647
130199,0.0518496,0.586959
133843,0.0483453,0.581072
128377,0.0490684,0.580458
133067,0.0516099,0.588797
121352,0.0494186,0.589982
126723,0.0532166,0.573325
106909,0.0506359,0.575803
130275,0.054954,0.598791
125704,0.0520105,0.589763
130653,0.0529371,0.588716
133074,0.0522413,0.581958
125498,0.0471257,0.583806
124709,0.0552014,0.578026
130215,0.0502701,0.577391
130889,0.0521773,0.574892
129952,0.0518824,0.577406
129718,0.0530112,0.59299
124399,0.0529219,0.582127
130380,0.0621798,0.577692
112330,0.055162,0.579111
130587,0.0476403,0.598417
129781,0.051375,0.58875
124375,0.0564963,0.593894
131805,0.051063,0.595512
131532,0.0519508,0.582847
124310,0.0497985,0.580359
128897,0.0530583,0.580657
117326,0.0557432,0.593581
128835,0.0484201,0.586592
131659,0.0511777,0.582114
131890,0.0539433,0.59475
128125,0.0509418,0.58002
135489,0.0554291,0.593849
135871,0.0497066,0.589923
120149,0.0524921,0.578427
115980,0.0559657,0.584269
129630,0.048526,0.581979
130511,0.050171,0.591126
132759,0.0501068,0.593248
131518,0.0554293,0.591022
122280,0.0529346,0.572068
131093,0.0477729,0.58415
125196,0.0496803,0.574902
129672,0.0531871,0.581999
130294,0.0498675,0.595564
130189,0.0504646,0.587811
131036,0.048697,0.590788
129708,0.049009,0.586622
125977,0.0518212,0.58677
130110,0.0534632,0.592068
122871,0.0496923,0.579819
125223,0.0537989,0.578432
126668,0.0499312,0.569019
130213,0.0502521,0.574463
130462,0.0539257,0.569625
127136,0.0555034,0.57335
125055,0.0527412,0.573076
128325,0.0510559,0.582162
124432,0.0462594,0.582941
129549,0.0481177,0.582
132712,0.0553797,0.57598
124706,0.0506421,0.57838
130810,0.0482055,0.589546
131700,0.0510942,0.585907
136557,0.0502446,0.59366
112725,0.0521057,0.571555
128407,0.0526167,0.586175
135628,0.0556807,0.587117
129319,0.054066,0.584125
126076,0.0526465,0.571477
126500,0.0497169,0.579648
121861,0.0529886,0.593557
124047,0.0566416,0.570066
129526,0.0527691,0.583987
128186,0.0479843,0.571989
115920,0.056111,0.5827
131955,0.0496932,0.588883
124629,0.0476892,0.579861
130907,0.0485449,0.58901
128504,0.0510426,0.581823
129542,0.0543016,0.586682
128274,0.0517817,0.592505
99087,0.0475038,0.570226
130398,0.0552857,0.574522
134305,0.0493347,0.588425
126550,0.0570578,0.579546
124114,0.0526963,0.573932
126148,0.0471196,0.579105
122682,0.0530192,0.580464
126281,0.0524601,0.568003
131782,0.0510162,0.580091
124537,0.0481794,0.578266
126222,0.0517076,0.591501
128513,0.0469928,0.567406
132234,0.0528466,0.58091
129882,0.0466579,0.579661
127843,0.0539427,0.580067
129808,0.0525394,0.584059
135204,0.0474777,0.581991
124569,0.0549824,0.574276
128990,0.0451547,0.591918
131740,0.0542161,0.576761
130816,0.0508482,0.589714
124469,0.0503808,0.570978
118232,0.055939,0.578485
129819,0.0506582,0.580882
130524,0.0509403,0.575799
123638,0.0593384,0.576784
130766,0.0523796,0.578614
130808,0.047989,0.572832
127704,0.052229,0.581388
125985,0.0498446,0.577723
130687,0.0487649,0.592006
129990,0.0486206,0.586714
127947,0.0489395,0.584926
129805,0.0560551,0.588217
129212,0.0570531,0.589446
129331,0.0517335,0.574186
131376,0.0486522,0.587116
125050,0.0501572,0.574366
125104,0.0525222,0.580989
135230,0.0588762,0.594436
129384,0.0533004,0.580184
130002,0.0493893,0.593849
134705,0.0549148,0.597342
126184,0.048994,0.577783
125128,0.0461825,0.578699
129700,0.0576136,0.594275
126779,0.0569134,0.600971
125242,0.0508017,0.567785
132381,0.0514978,0.584053
127545,0.0480739,0.583641
124012,0.0511878,0.582972
123570,0.0490591,0.579295
127698,0.0561543,0.576795
122983,0.0494826,0.582837
125719,0.0487138,0.587485
123997,0.0547248,0.56788
130289,0.0490411,0.585364
127105,0.0472765,0.58987
127414,0.0481253,0.586792
126453,0.0562755,0.573609
124467,0.0510439,0.577467
131031,0.0525857,0.591039
118743,0.0496715,0.576013
125657,0.0531215,0.574126
133195,0.0477567,0.580637
125220,0.0470728,0.59661
129162,0.0458199,0.582331
129589,0.0499785,0.584004
135533,0.0523349,0.592634
124478,0.0499746,0.580729
129921,0.05013,0.585899
125593,0.0498726,0.591522
128355,0.0573494,0.572705
134092,0.0493536,0.595655
130564,0.0481455,0.583407
131346,0.0511072,0.586211
123877,0.0461585,0.574715
126740,0.0486696,0.596394
119956,0.0462716,0.560526
120708,0.0482979,0.574187
129187,0.0540211,0.561001
114499,0.0590554,0.574865
130984,0.0505623,0.588099
124022,0.0521599,0.57549
116757,0.0474798,0.568878
131326,0.0536888,0.58335
130316,0.0482227,0.58548
124623,0.0488625,0.591484
124685,0.051742,0.575013
136335,0.0531348,0.603777
133211,0.0522354,0.583161
125862,0.0543429,0.586063
123117,0.0493911,0.576488
130152,0.0481821,0.584432
124520,0.050927,0.589207
118074,0.051009,0.59085
130882,0.0531446,0.590658
124977,0.0573791,0.581095
132889,0.0492421,0.594647
126998,0.0536011,0.584135
129549,0.0535097,0.584312
119616,0.0530228,0.588153
128765,0.047557,0.587675
123586,0.0501401,0.575741
115686,0.0515575,0.584198
99906.3,0.0602317,0.572273
131572,0.0534169,0.594933
118349,0.0504568,0.579654
124540,0.0534364,0.585045
128398,0.0534458,0.575854
129384,0.0469266,0.575771
128042,0.0493611,0.58407
123009,0.0506839,0.586225
127055,0.0498024,0.579906
120714,0.052182,0.578512
120834,0.0520287,0.594526
127604,0.0524091,0.574782
130640,0.0515562,0.584346
133636,0.0493864,0.582848
127550,0.0525746,0.586096
119815,0.046887,0.585014
123805,0.0510628,0.574977
131264,0.049467,0.57606
135665,0.0477809,0.594921
129687,0.0504365,0.574977
127038,0.0544156,0.582613
132642,0.0513293,0.582451
128786,0.0494203,0.575598
130243,0.0523457,0.583766
129189,0.0479639,0.593042
125988,0.0554051,0.581325
101827,0.0503327,0.569157
128742,0.0506787,0.57458
118724,0.0538782,0.578379
112676,0.049964,0.572256
118630,0.0534461,0.572524
122213,0.0512186,0.594388
123205,0.050698,0.578678
130945,0.0538453,0.580668
127167,0.0543704,0.581083
123572,0.0525711,0.582826
109587,0.0530523,0.578581
116190,0.0563524,0.587964
133277,0.0553986,0.575737
133606,0.0524278,0.5854
119218,0.0505792,0.577837
125842,0.0563548,0.578086
133993,0.0519732,0.578384
125865,0.0511434,0.574957
115797,0.0512755,0.571509
132578,0.0494245,0.592176
127935,0.0526541,0.571607
128743,0.0527833,0.563716
130210,0.0551255,0.588891
132622,0.0486932,0.577159
123377,0.0514326,0.582037
134568,0.0528514,0.585592
131279,0.0517032,0.586583
135236,0.0519924,0.584046
132088,0.0549832,0.578837
132603,0.0521643,0.585217
107995,0.0560718,0.591403
120998,0.0497575,0.568385
119948,0.0518241,0.579301
125789,0.0536833,0.575305
125387,0.0495844,0.595054
122240,0.0533879,0.585046
128685,0.054974,0.583211
130853,0.0486687,0.581863
125562,0.0533777,0.579065
125601,0.0523568,0.573315
127509,0.0502571,0.567219
124906,0.0554596,0.573683
126205,0.0566552,0.585219
131353,0.047327,0.593367
134561,0.0475294,0.60121
132587,0.0533882,0.599723
122781,0.0487438,0.573888
126759,0.0497279,0.597445
115644,0.0494991,0.573571
122253,0.0523862,0.579331
134661,0.0518175,0.584003
130576,0.0485613,0.586766
125446,0.051578,0.579656
130447,0.0524989,0.591455
132478,0.0443479,0.581157
127877,0.05945,0.567737
126364,0.0514872,0.585178
129572,0.0528094,0.584231
131582,0.0519568,0.579487
132606,0.050246,0.586052
125384,0.0495997,0.586742
129090,0.0569118,0.585843
129824,0.0491084,0.591451
129796,0.0503077,0.57862
131704,0.0508282,0.583782
123539,0.0516865,0.577214
132598,0.0516943,0.584896
128442,0.0505385,0.577868
127863,0.0524701,0.589271
129182,0.0533798,0.575603
130837,0.0533548,0.583073
126435,0.0525529,0.58349
125003,0.0487753,0.586174
133727,0.0526741,0.584882
123004,0.0552921,0.563847
127340,0.0467901,0.582107
126396,0.0507527,0.573574
128386,0.0520794,0.579452
127391,0.0540951,0.573918
131537,0.0542287,0.589815
127316,0.0527359,0.592404
129916,0.0532267,0.581942
130379,0.0491049,0.56804
114559,0.0553723,0.567751
127083,0.0507363,0.565544
125543,0.0504369,0.579527
132630,0.0463181,0.581689
121721,0.0575956,0.580557
123419,0.0504847,0.580871
126809,0.0527949,0.58318
127309,0.049498,0.580415
130329,0.0467247,0.57628
124557,0.0545667,0.593752
131861,0.0579011,0.576797
132221,0.0501668,0.599916
132604,0.0525694,0.57798
127992,0.0523918,0.587638
134314,0.053518,0.593665
124943,0.0529747,0.56942
125033,0.0499186,0.585681
134280,0.0465418,0.586632
130902,0.0481301,0.591247
131983,0.0526137,0.586231
119265,0.0443626,0.593372
126822,0.0520524,0.576438
132047,0.0505406,0.583175
131276,0.0463077,0.598491
129598,0.055992,0.589812
128845,0.0564837,0.595394
80298.7,0.0513089,0.584497
129821,0.0548083,0.585903
121238,0.052061,0.574614
123948,0.057924,0.573777
133194,0.0502718,0.574966
108730,0.0507613,0.593503
133235,0.0560611,0.587939
129885,0.0530676,0.580903
127036,0.0550192,0.588495
127662,0.0475765,0.591605
124590,0.0509455,0.585131
130698,0.0529134,0.572641
126688,0.0457395,0.595123
126721,0.0525598,0.579118
131232,0.0446319,0.580457
130357,0.0537781,0.587284
128351,0.054105,0.581215
51957.7,0.0681896,0.591834
127450,0.0505279,0.587819
125699,0.0503263,0.603724
117957,0.0534409,0.586231
130242,0.0525359,0.580569
122605,0.0463539,0.581926
130963,0.05562,0.582084
125020,0.051614,0.575764
131300,0.053071,0.58564
120675,0.0545642,0.578662
119687,0.0469876,0.585523
128034,0.0511644,0.576578
124601,0.048672,0.585421
28933.7,0.0677533,0.593714
127524,0.0539888,0.571598
128539,0.049345,0.577922
127199,0.0564143,0.580464
125191,0.0535931,0.585509
128484,0.0502589,0.581193
126269,0.0474159,0.581913
125262,0.0515977,0.582136
130039,0.0517372,0.582883
128222,0.0517237,0.582287
127113,0.0493827,0.569946
129142,0.0503176,0.578743
130690,0.0524935,0.585033
128054,0.050363,0.563614
122239,0.0497146,0.574947
121977,0.0543228,0.582024
124517,0.0518721,0.59875
124514,0.0570548,0.580252
131885,0.0524231,0.596448
132979,0.0477996,0.587529
109622,0.0543716,0.584582
124145,0.0490043,0.58043
125506,0.0569943,0.575757
122861,0.0508926,0.582142
128249,0.0553906,0.586359
125835,0.0533445,0.570735
117839,0.0474845,0.579965
119597,0.0531306,0.569567
135356,0.053946,0.596313
131259,0.0524612,0.577549
132777,0.0544911,0.595626
135521,0.0523011,0.58018
123490,0.0506052,0.588392
131447,0.0494291,0.576442
121387,0.058293,0.584552
131269,0.0520886,0.58718
121249,0.0549567,0.580079
124833,0.05336,0.584204
123603,0.0515114,0.573429
129972,0.0489297,0.583368
119189,0.0517082,0.578862
128745,0.0553581,0.587437
129730,0.048908,0.587632
20718.7,0.07368,0.586444
123115,0.0528036,0.588113
125353,0.0490305,0.573851
132769,0.0543919,0.595806
128318,0.0610815,0.589921
95120.7,0.0515368,0.575367
127422,0.0476614,0.584609
133078,0.051483,0.591206
39096.3,0.062796,0.585596
128212,0.053997,0.577423
129317,0.0530761,0.581234
120999,0.0465639,0.580282
132587,0.0472287,0.57819
106271,0.0522788,0.587959
127979,0.0471641,0.587327
124650,0.0532067,0.575792
123558,0.052048,0.581197
123232,0.0504636,0.575277
124718,0.0509504,0.587261
129198,0.0507552,0.576367
126794,0.0576112,0.564924
132196,0.0583714,0.59832
128880,0.052883,0.572319
130478,0.0512578,0.57402
131272,0.0436649,0.585361
127877,0.0564358,0.599971
124568,0.0486478,0.592853
129248,0.0506117,0.577731
120984,0.0530852,0.586747
129441,0.0493506,0.583463
131050,0.0464583,0.582239
119977,0.0553655,0.573172
122626,0.0515785,0.570226
113956,0.0509366,0.577003
130667,0.0532419,0.583785
129445,0.0482569,0.591158
124375,0.0511411,0.578014
131476,0.0527865,0.579087
131326,0.0497523,0.584328
130803,0.0513684,0.583756
128549,0.0475494,0.597955
130247,0.0581877,0.595711
121402,0.0523539,0.574476
130441,0.0552009,0.575345
121528,0.0516518,0.580525
126453,0.0474348,0.580283
129111,0.0481168,0.565916
133825,0.0514156,0.585238
129334,0.0524558,0.59397
127849,0.049575,0.567752
127711,0.0492575,0.577977
124293,0.0494292,0.574353
125597,0.0483835,0.583812
124612,0.0528076,0.572293
131288,0.0533288,0.588618
126235,0.054151,0.580029
123455,0.050554,0.582346
129018,0.0543092,0.573862
123399,0.05077,0.569405
127319,0.0497456,0.581877
126161,0.0519014,0.58012
133839,0.050065,0.592178
130123,0.0528766,0.57823
58213,0.0509262,0.584251
128728,0.0518481,0.584951
131704,0.0574948,0.576934
127196,0.0509389,0.578847
129422,0.0576707,0.579434
128030,0.0518664,0.599989
119847,0.0487686,0.573894
129204,0.0525904,0.56477
128385,0.0507986,0.585579
128853,0.0557167,0.586211
119558,0.0494355,0.590044
136350,0.0521242,0.593154
133117,0.0436467,0.581759
118178,0.0505387,0.576283
122758,0.0538048,0.587118
128472,0.0507262,0.58164
123937,0.0519781,0.579173
131703,0.052992,0.589467
132922,0.0497882,0.579561
132686,0.0529783,0.579869
124371,0.0527076,0.575082
127604,0.050245,0.586996
131703,0.0566316,0.592807
129521,0.0515549,0.591035
131060,0.0534767,0.584747
131807,0.0482096,0.587484
127164,0.0536363,0.578171
129027,0.0560925,0.586688
128360,0.0520722,0.579877
124901,0.0471553,0.573066
130583,0.0468421,0.589223
130252,0.0460535,0.578721
131279,0.0557352,0.575778
123901,0.0548509,0.578587
128396,0.047262,0.582296
128354,0.0520191,0.595825
131823,0.0505562,0.58791
132596,0.0508417,0.587446
121066,0.0544344,0.582356
120085,0.0492278,0.567831
123280,0.0490839,0.578736
125586,0.0514526,0.57416
129395,0.0524248,0.569021
131285,0.0489026,0.580253
126190,0.0604551,0.581302
130101,0.0566205,0.595214
76859,0.0505069,0.588805
124176,0.0549198,0.593617
98288.3,0.0541798,0.581663
129628,0.0558395,0.593448
128009,0.0530392,0.588205
124641,0.0502303,0.585153
123183,0.0492738,0.579731
106008,0.0519431,0.596177
113312,0.0508098,0.570672
20507,0.0709693,0.590237
116279,0.0489713,0.575258
124261,0.0482989,0.581787
129376,0.0510628,0.594056
127746,0.0501946,0.577814
131577,0.0578159,0.584201
127614,0.0511376,0.584744
127690,0.0521497,0.560408
130284,0.0477418,0.58308
128453,0.0515287,0.587082
127181,0.0531487,0.586813
112397,0.0517423,0.569108
128862,0.0476757,0.566109
133963,0.0518029,0.582538
127776,0.0504587,0.580355
126567,0.0548586,0.60276
127105,0.0523708,0.588628
115252,0.0477032,0.573261
123614,0.0493663,0.581564
122678,0.0607035,0.5786
117761,0.0540457,0.579186
129928,0.0448754,0.585193
124854,0.0540772,0.582156
126487,0.054634,0.574237
123878,0.0560671,0.576822
131602,0.0575729,0.594691
107310,0.0503768,0.575887
132861,0.0512976,0.582056
123775,0.0534496,0.570794
120697,0.0572624,0.567744
49863.3,0.0609203,0.58409
125243,0.056014,0.586612
123494,0.0519797,0.575109
119763,0.0477672,0.578413
108877,0.0547703,0.574777
127748,0.0559567,0.585915
123335,0.0540439,0.567134
114684,0.0578747,0.573467
124035,0.0516853,0.584718
76063,0.0641323,0.600239
126446,0.052384,0.580109
130667,0.0550003,0.588278
128920,0.0487837,0.578797
126405,0.0521775,0.578359
127177,0.0517719,0.587079
120110,0.0537445,0.572896
133187,0.0493105,0.579535
130121,0.0505849,0.585021
127512,0.0541761,0.578467
130123,0.0515435,0.594618
121484,0.0543053,0.578718
131429,0.0541419,0.562855
130792,0.052828,0.58598
131356,0.0510192,0.580004
131477,0.0526075,0.588594
128677,0.054834,0.583076
130545,0.0442598,0.59193
123039,0.0562961,0.575074
128988,0.0539791,0.593633
122800,0.0545641,0.577818
126550,0.0580254,0.581612
124924,0.0525777,0.580193
128967,0.0529336,0.581129
133589,0.0517274,0.591437
126792,0.0587476,0.577123
127321,0.0479441,0.581518
127338,0.0471179,0.58737
130781,0.0515779,0.584393
123627,0.0553994,0.586045
126118,0.0531799,0.587636
88714.3,0.0563226,0.584344
126097,0.0518302,0.589732
130686,0.0546124,0.588445
116956,0.0546217,0.577999
131539,0.0539038,0.58461
131009,0.0462615,0.574655
130794,0.0552197,0.580558
128486,0.0550347,0.593586
121135,0.0518389,0.567652
121533,0.0568205,0.576148
129632,0.0539642,0.585068
126457,0.0513372,0.585416
128119,0.0562832,0.572269
128888,0.0549758,0.573688
126193,0.0501984,0.569425
127944,0.0539137,0.574204
120033,0.0511491,0.589659
125938,0.0479011,0.577181
133771,0.0564467,0.586614
108995,0.0488728,0.59338
128551,0.0498868,0.588066
133413,0.0557718,0.575259
122623,0.0498412,0.577571
131168,0.050846,0.583946
124778,0.0508725,0.588032
129828,0.0534334,0.580757
122634,0.0542451,0.574249
125422,0.0528579,0.574018
129158,0.047387,0.588001
131360,0.0539156,0.586952
130185,0.0507488,0.579479
126866,0.052947,0.580254
123944,0.0501571,0.583138
130860,0.0506131,0.581961
135931,0.0532404,0.58764
124262,0.0539624,0.583931
130370,0.049388,0.58474
125745,0.0508217,0.576544
125596,0.0533824,0.594275
127355,0.0528614,0.58428
131741,0.0548572,0.586514
126289,0.0523069,0.574856
133406,0.0496709,0.583328
124641,0.0557528,0.562178
126172,0.0500153,0.578563
124876,0.0550345,0.575719
124185,0.0522484,0.57914
170862,0.053971,0.58307
125651,0.0507806,0.573175
130340,0.0519852,0.580563
129348,0.0544997,0.575011
93844,0.0594431,0.578492
139475,0.0491311,0.591733
124455,0.0575018,0.587229
125399,0.0522935,0.588701
131111,0.054607,0.598028
123305,0.0527325,0.583582
126352,0.0501718,0.583568
134072,0.0495142,0.585394
125267,0.0463985,0.592634
123916,0.0514299,0.576903
123126,0.0501856,0.586509
123944,0.0562866,0.579548
126681,0.0518509,0.583272
125160,0.0575792,0.573993
129940,0.0480338,0.596502
131325,0.0490265,0.583948
131707,0.0489101,0.581351
126181,0.0533941,0.586388
118438,0.0486239,0.596324
127789,0.0543265,0.586697
128158,0.053872,0.592453
110103,0.0566113,0.5727
117371,0.0462073,0.589869
130316,0.0536551,0.586609
131316,0.0523342,0.589916
129842,0.0588889,0.586263
122902,0.0537046,0.572326
131365,0.0518805,0.586724
118221,0.05873,0.571214
129178,0.0519978,0.588758
112961,0.0488378,0.590584
135837,0.0481275,0.595452
129456,0.0501766,0.581259
128464,0.0534561,0.575177
120352,0.0512181,0.586783
127326,0.0505257,0.596881
127190,0.0538629,0.585286
127575,0.0541996,0.575438
121592,0.0574926,0.572896
130173,0.0529409,0.565628
125977,0.0530987,0.57499
121925,0.0473549,0.580262
136110,0.0570483,0.591588
127539,0.0507775,0.576871
81466.3,0.0570525,0.585354
127903,0.0488086,0.577504
120627,0.0624178,0.568662
123560,0.0509518,0.578682
128111,0.0478213,0.58641
128349,0.0523236,0.584948
130386,0.0511023,0.58662
130421,0.0498335,0.583
121233,0.0489408,0.59245
125328,0.0503663,0.578083
130248,0.055984,0.577399
130876,0.0479725,0.590945
130030,0.0532117,0.579185
130333,0.0506358,0.586774
127814,0.0555121,0.564852
123004,0.0521851,0.588733
127049,0.0473521,0.579005
132758,0.0530006,0.568877
124844,0.0543999,0.573512
128461,0.0466741,0.596889
131491,0.0516196,0.590215
125174,0.0532177,0.584466
28685,0.0739949,0.565104
124289,0.051151,0.593898
128779,0.0492903,0.583065
125494,0.0507997,0.579821
132330,0.0499542,0.596739
132379,0.0520397,0.588485
130286,0.0564867,0.587968
128949,0.0479293,0.57484
126407,0.0567695,0.567481
128201,0.0523444,0.590179
127748,0.0496814,0.582718
125452,0.0548801,0.581314
116554,0.0562672,0.576698
125468,0.0522316,0.578881
121070,0.0473428,0.588618
120861,0.0497432,0.576948
130956,0.0552584,0.583574
129858,0.0524841,0.586856
127400,0.050265,0.581346
125141,0.0519534,0.57289
132547,0.0518743,0.577633
121593,0.0493769,0.581206
126078,0.0509983,0.574605
130767,0.0441004,0.583018
132160,0.0517738,0.585075
132218,0.0511507,0.592559
125136,0.0501909,0.568377
124807,0.0535073,0.581919
133849,0.0528776,0.590837
52163,0.0613376,0.559554
126183,0.0524692,0.5943
136553,0.0477203,0.595984
127470,0.0560232,0.587017
123331,0.0538442,0.589361
128963,0.0509552,0.575967
126597,0.0516338,0.593648
125185,0.0529878,0.569481
121979,0.0484813,0.568606
127890,0.05155,0.584651
126214,0.0500475,0.575479
128288,0.0527933,0.589108
134235,0.0538291,0.600413
133371,0.0463868,0.587762
118521,0.0505322,0.587132
126115,0.0558946,0.574726
58367,0.0633672,0.577998
131611,0.0458572,0.582683
122652,0.0540704,0.582534
129078,0.0516777,0.576291
124408,0.0507813,0.591063
130593,0.05155,0.57894
134827,0.0488624,0.573449
131294,0.0480293,0.584022
132592,0.0560592,0.59507
123562,0.051753,0.576144
129679,0.0565413,0.594638
126037,0.0554033,0.572883
130994,0.0489596,0.598088
124838,0.0495918,0.581305
135214,0.0493442,0.589225
132791,0.0536572,0.58397
126240,0.0464157,0.58411
129956,0.0519311,0.586941
125548,0.0496936,0.577687
126062,0.0461608,0.588603
124999,0.0494674,0.580401
129840,0.048906,0.593943
128296,0.0531611,0.576982
131475,0.0471297,0.574737
125161,0.0560274,0.592832
130836,0.0501839,0.580486
127062,0.0505317,0.578954
128214,0.052371,0.575296
135831,0.0526832,0.596359
120662,0.0517975,0.57809
132928,0.0463512,0.607039
129593,0.0521111,0.572909
133896,0.0535232,0.597333
126406,0.052212,0.572801
123568,0.0518162,0.577645
129216,0.0478601,0.570015
129690,0.0470381,0.586194
131223,0.0504136,0.583537
119559,0.0577646,0.577138
128643,0.0544518,0.584047
127118,0.0558802,0.581479
123952,0.0537183,0.60064
127040,0.0508126,0.585855
132086,0.0451046,0.599534
39268.3,0.0641267,0.57748
127668,0.0546881,0.590669
122081,0.0525717,0.575241
132070,0.0548334,0.587158
131697,0.0520414,0.594011
131341,0.0506292,0.569304
134046,0.0561969,0.582968
128279,0.0527448,0.585185
129556,0.0464987,0.578325
132699,0.0498164,0.589891
132041,0.0518969,0.581672
130807,0.053167,0.588008
127513,0.0445502,0.577161
133072,0.0498051,0.578788
129827,0.0464118,0.581354
121792,0.0472627,0.586943
123194,0.0494902,0.582541
133508,0.0487654,0.572962
123723,0.0500831,0.582644
129817,0.0503724,0.57747
126355,0.0571903,0.58856
132114,0.0557898,0.589926
136824,0.0541052,0.598521
130159,0.0527945,0.597834
108864,0.0570551,0.601149
128673,0.0485405,0.578968
126099,0.0487987,0.57663
128781,0.0432934,0.583653
132649,0.0516138,0.576329
129232,0.0519986,0.576471
130483,0.0483199,0.585138
133389,0.050728,0.596751
130236,0.0558339,0.582316
132547,0.0527107,0.586769
126665,0.0537068,0.578096
130740,0.0545294,0.584431
132702,0.0477305,0.596464
134301,0.0501028,0.588428
125921,0.0525064,0.581309
128909,0.0522913,0.584564
133308,0.0547465,0.593442
125444,0.0530302,0.579147
131051,0.0511749,0.587367
127659,0.0510651,0.585893
128742,0.0572668,0.597167
135161,0.0540053,0.598889
137739,0.0548713,0.59188
130611,0.0484221,0.575996
125849,0.0526727,0.579182
124969,0.049104,0.582136
123213,0.0525156,0.572659
130810,0.0489255,0.585296
131127,0.0503833,0.605432
133547,0.0458223,0.577186
128747,0.0494525,0.582414
127485,0.0518953,0.575895
130142,0.0499582,0.595922
134833,0.0453072,0.591921
129582,0.0521994,0.583106
129921,0.0470807,0.57809
128036,0.0502447,0.583777
126333,0.0523232,0.59281
121490,0.0518922,0.56845
125556,0.0561746,0.583257
132096,0.0508522,0.584102
125014,0.0471733,0.581891
132798,0.0475798,0.594456
115102,0.0514867,0.590528
122256,0.051474,0.585407
120140,0.0489805,0.583615
124559,0.0534921,0.570898
132526,0.0553097,0.592488
126222,0.0535855,0.577605
126600,0.0522851,0.570047
124337,0.0502121,0.580379
125801,0.0570601,0.580294
121271,0.0543584,0.577875
129409,0.0545147,0.598246
132339,0.0502122,0.600073
125299,0.0475992,0.579585
126583,0.0527334,0.572166
133596,0.0498911,0.590178
131808,0.0527434,0.595044
128232,0.048811,0.581193
132751,0.0515115,0.586335
125570,0.0618266,0.585901
130346,0.0493898,0.594364
121985,0.0533208,0.569
123236,0.0475755,0.566393
127222,0.0526369,0.581578
134398,0.0536879,0.589823
126288,0.0507322,0.571286
125058,0.0564713,0.564986
125463,0.0575463,0.56747
130751,0.0504546,0.589892
123888,0.0535253,0.588052
130121,0.0523257,0.571203
128056,0.0491587,0.57369
124542,0.0559787,0.576536
119497,0.0492946,0.579709
123296,0.0553153,0.584005
129217,0.0546745,0.59258
122896,0.05418,0.57829
122995,0.0518491,0.581816
128383,0.0531485,0.581639
129016,0.0499923,0.570689
131196,0.0512897,0.592736
124369,0.0522815,0.581841
131383,0.0475555,0.601916
132821,0.0515074,0.598975
121141,0.05183,0.567232
131158,0.0559313,0.59367
112922,0.0543414,0.589327
117063,0.0546475,0.578488
133363,0.0501681,0.578526
123779,0.0495774,0.574811
121323,0.0519837,0.579292
126619,0.0496493,0.570546
128711,0.0485148,0.588302
158358,0.0531747,0.581458
123168,0.0521992,0.573464
127864,0.0520191,0.576382
126608,0.051245,0.586472
129133,0.0558008,0.592505
127464,0.0516933,0.564101
112400,0.0515823,0.577941
127660,0.0498699,0.588093
127115,0.0541809,0.572808
132084,0.0447361,0.582701
128584,0.0553296,0.585753
120475,0.050709,0.573551
131525,0.0507476,0.593861
134499,0.0530675,0.5888
128939,0.0547668,0.57174
116439,0.0539748,0.597162
127542,0.0577476,0.564598
121842,0.0513665,0.559585
133126,0.0530822,0.585986
132235,0.0501318,0.586494
122559,0.0524796,0.576249
130703,0.0482955,0.57833
121271,0.0529566,0.570079
121596,0.055433,0.579727
136350,0.0507533,0.597459
130630,0.0492223,0.584188
133272,0.051847,0.586766
124301,0.0491257,0.580627
128229,0.0556335,0.574032
110602,0.0524559,0.574709
116622,0.0534629,0.586995
125300,0.0584931,0.569753
131368,0.0515025,0.591518
131392,0.0547218,0.586748
120277,0.057569,0.577193
118807,0.0548152,0.563742
125410,0.0531161,0.574045
126625,0.0498669,0.582776
131774,0.0492861,0.580433
132154,0.0485284,0.578908
129339,0.0559032,0.58141
129316,0.0535903,0.583296
133372,0.0488446,0.586027
51158.7,0.0698496,0.568297
134212,0.0550132,0.58773
124829,0.054764,0.562782
133721,0.048605,0.580014
123418,0.0554479,0.586442
125129,0.0552043,0.576757
132233,0.0535977,0.583557
125765,0.0575349,0.5817
131210,0.0551379,0.576972
130412,0.0520974,0.595754
129311,0.0523552,0.583964
127660,0.0545167,0.581051
133205,0.05257,0.583292
123596,0.0432042,0.583854
61014.3,0.0595918,0.587742
130289,0.0517375,0.58404
132326,0.0519742,0.586113
130165,0.049009,0.581827
120543,0.0515995,0.581788
122630,0.0554895,0.585277
123605,0.0478622,0.575689
122792,0.0517226,0.594257
130328,0.0558366,0.574201
120899,0.0587792,0.577709
133437,0.0536687,0.590162
130396,0.0522496,0.582292
123323,0.0499375,0.579531
134189,0.0553582,0.582264
131281,0.050756,0.576805
105211,0.0533043,0.578233
130392,0.0500091,0.572317
123394,0.0491843,0.581831
130769,0.0544157,0.575109
129553,0.0502763,0.579991
134604,0.0576716,0.584024
129496,0.0507322,0.586088
128802,0.0497501,0.582938
128198,0.0569278,0.577614
117030,0.0501175,0.587999
124911,0.0538026,0.583123
126225,0.0513672,0.586916
125759,0.0521864,0.587993
122999,0.0536663,0.572976
126104,0.046971,0.589652
127201,0.0476903,0.576792
127000,0.057486,0.586567
131494,0.0516355,0.584144
129184,0.0487018,0.58839
130874,0.0494621,0.585697
124607,0.0509683,0.584867
127435,0.049063,0.565284
125107,0.0484003,0.590099
124702,0.0477226,0.580155
127566,0.0543587,0.585426
132055,0.0569748,0.602299
125269,0.0537826,0.571538
129988,0.0561299,0.588905
118995,0.0483155,0.584781
122836,0.0521242,0.578584
129622,0.0503119,0.586918
130724,0.0528595,0.584709
127143,0.0528128,0.594539
122762,0.0472459,0.574058
133236,0.0505658,0.590208
130590,0.0519835,0.576185
131451,0.0459995,0.578854
130384,0.0527698,0.579277
129992,0.052965,0.595352
124569,0.0549255,0.568653
129274,0.0460713,0.58311
125065,0.0496516,0.592488
129208,0.0476208,0.595656
127268,0.054713,0.595326
129069,0.0516142,0.582708
128106,0.0516183,0.576772
126598,0.0531639,0.589958
130477,0.0508194,0.597986
126252,0.0535001,0.584034
129234,0.0510878,0.581708
133851,0.0504136,0.587343
130552,0.0518511,0.584924
127609,0.0512906,0.575073
116235,0.0571055,0.575313
130777,0.0548452,0.595919
123195,0.0538289,0.566845
133271,0.0575853,0.592661
114349,0.056295,0.5722
129534,0.053834,0.582816
127297,0.0483229,0.580348
126493,0.0500107,0.572387
119535,0.0586437,0.587397
127611,0.0538807,0.583782
126124,0.0552279,0.594031
133368,0.0508506,0.585624
125125,0.05003,0.581822
126033,0.0534025,0.581494
128778,0.0526968,0.576966
132432,0.055438,0.589518
128605,0.0490891,0.578648
123873,0.0515493,0.581099
130487,0.0553117,0.593542
130682,0.052332,0.577585
128128,0.0516216,0.572291
130634,0.0549642,0.580863
127849,0.0525683,0.586711
130338,0.0465951,0.587849
128478,0.0550879,0.593226
128625,0.057966,0.576541
118012,0.0539781,0.587266
131869,0.0507236,0.596869
125732,0.0485686,0.589289
131348,0.0520723,0.583576
124849,0.0552795,0.57753
132300,0.0536447,0.589611
133618,0.0519843,0.584772
126482,0.0503296,0.568472
131456,0.0464031,0.573694
126255,0.0543933,0.596701
128488,0.0510388,0.577743
133438,0.0563347,0.588239
126266,0.059247,0.576065
125272,0.0530819,0.58751
125760,0.0584741,0.582996
131643,0.0515429,0.576503
128537,0.0462578,0.588309
126471,0.0522816,0.594884
131173,0.052759,0.585784
117243,0.0485454,0.585545
129939,0.051186,0.580584
128820,0.04724,0.578528
127995,0.0553773,0.572292
130965,0.0531349,0.591665
131270,0.05439,0.588798
128268,0.051028,0.584737
129935,0.0570194,0.580201
126995,0.0539684,0.588365
136601,0.0528545,0.587313
127668,0.0546983,0.57682
94700,0.0545089,0.572566
126243,0.0458105,0.577101
128469,0.0523697,0.591668
124175,0.0581551,0.573211
125258,0.0593057,0.58051
133558,0.0555369,0.603914
124129,0.0542476,0.582084
135065,0.0553084,0.596917
127469,0.0545426,0.580271
125750,0.0534713,0.590716
131664,0.0540376,0.596348
126060,0.0601295,0.576337
134778,0.0481073,0.577023
129199,0.0535132,0.586471
124864,0.0473042,0.572807
133058,0.0527199,0.595692
130381,0.0525388,0.582397
132080,0.0524606,0.596862
127269,0.0529008,0.573946
125101,0.0488295,0.597817
121580,0.0485256,0.581958
128500,0.0502537,0.585926
128472,0.0526439,0.568766
132137,0.0583249,0.588416
121939,0.0506886,0.583378
126787,0.0530984,0.569814
129128,0.0490157,0.591707
128161,0.0487302,0.576372
130720,0.0493924,0.566872
123346,0.0545526,0.590599
128314,0.0497656,0.579979
127706,0.0500135,0.579385
143404,0.0555124,0.593801
132002,0.0571238,0.590782
131961,0.0492507,0.584692
127237,0.0494225,0.583427
130435,0.0506617,0.594147
131242,0.0536959,0.589644
129313,0.0549408,0.58747
132212,0.0534669,0.589821
128591,0.0495772,0.576219
131482,0.0505039,0.58025
129439,0.0522436,0.579794
127403,0.0476832,0.579755
131376,0.053233,0.581114
122939,0.0463693,0.580243
126732,0.0473828,0.582493
131164,0.0519587,0.598983
127713,0.047137,0.577341
121215,0.0580974,0.580329
124993,0.0477922,0.569396
131538,0.0540909,0.584744
134157,0.0585886,0.587424
131187,0.0578313,0.58218
132523,0.0523156,0.58757
124587,0.0539228,0.585105
127481,0.0478738,0.573835
129876,0.0474499,0.576761
114947,0.0566594,0.578623
112610,0.0589482,0.57891
128603,0.0485085,0.581717
129567,0.0544596,0.596414
104673,0.064222,0.58464
130774,0.0536487,0.584692
122325,0.0589802,0.58421
123357,0.0511424,0.587093
130998,0.0547228,0.589593
82230.3,0.0498965,0.585169
119737,0.0514265,0.583788
131085,0.0533564,0.581058
135208,0.0482811,0.596913
22565,0.0672795,0.600266
131369,0.0512939,0.582656
124355,0.0488058,0.585043
129339,0.0519561,0.579609
128441,0.047071,0.587659
131541,0.0520232,0.579367
129243,0.0492858,0.580991
129106,0.0508935,0.58586
130202,0.0489279,0.576853
127743,0.0550002,0.577084
120934,0.0551935,0.595449
124200,0.0508734,0.572299
126264,0.0498001,0.576847
111943,0.0580449,0.583708
127200,0.0510544,0.58149
113900,0.0591397,0.58529
123834,0.0484144,0.583798
125301,0.0522842,0.596476
129241,0.049539,0.573514
124282,0.0495675,0.581625
127507,0.0577721,0.575322
135107,0.0510766,0.590066
117001,0.0481718,0.563816
127044,0.0508583,0.583152
129315,0.0480718,0.579732
123772,0.049003,0.579489
130005,0.053243,0.587893
129243,0.0551945,0.588276
129390,0.0524615,0.580335
122243,0.0544871,0.579187
127293,0.0483059,0.590017
132434,0.0522818,0.578005
129275,0.0515796,0.578604
133528,0.0504921,0.580582
124572,0.0525254,0.598064
118837,0.0506999,0.580345
129336,0.051398,0.584729
123316,0.0530011,0.57349
126952,0.0561616,0.573662
129027,0.0519752,0.576329
129005,0.047848,0.581993
126987,0.0484391,0.575898
126747,0.0521679,0.585079
129462,0.0521951,0.57666
132164,0.0499171,0.580275
123072,0.0577823,0.574505
131735,0.0555713,0.582434
128686,0.0493861,0.590247
131294,0.0480835,0.573998
129845,0.0563095,0.578879
132102,0.0468863,0.593061
128052,0.051463,0.587648
125548,0.0493799,0.572215
121798,0.0522318,0.576393
131781,0.0564525,0.579002
113183,0.053803,0.576928
127136,0.0485556,0.577346
124305,0.0509148,0.58097
123252,0.0443932,0.578051
127607,0.0505678,0.582789
132234,0.0479616,0.574917
129600,0.0543879,0.585949
126125,0.0461556,0.582925
128288,0.0483711,0.580277
130450,0.0562829,0.589283
126455,0.0534301,0.570104
119541,0.0529693,0.561966
128167,0.0463642,0.578062
126881,0.0527347,0.573734
117802,0.0504639,0.564129
128789,0.0497442,0.584161
86178,0.05358,0.590232
123240,0.0462772,0.579593
122109,0.0501433,0.580952
127387,0.0529308,0.57073
134733,0.0511039,0.585009
126891,0.0565413,0.571234
126104,0.0511562,0.578856
130815,0.0530211,0.576509
121509,0.0534573,0.56481
129151,0.0503141,0.592559
116863,0.0534896,0.573839
122070,0.0500007,0.568318
125229,0.0505663,0.578264
122904,0.0477162,0.574989
97443.7,0.0584153,0.589544
127107,0.050674,0.571239
131695,0.04949,0.57809
128878,0.0507808,0.592576
126585,0.0515698,0.579346
130416,0.0485157,0.580615
130793,0.0483537,0.593289
131814,0.0546374,0.577112
126478,0.0444517,0.583766
129989,0.0500535,0.58835
128682,0.0488874,0.590537
123139,0.0468726,0.583024
121758,0.0508422,0.589099
118893,0.0502605,0.581653
129827,0.0498951,0.581362
125163,0.0523738,0.583863
134509,0.0534647,0.594841
132234,0.052353,0.593456
139356,0.0511294,0.586251
131214,0.0513651,0.580784
125057,0.0493761,0.581319
131452,0.0597793,0.596762
129879,0.0529699,0.576387
130476,0.0558822,0.578915
129662,0.0531931,0.584562
130859,0.0570493,0.579616
127476,0.0541202,0.577921
125888,0.0523753,0.573537
130268,0.0522744,0.590421
131985,0.0499008,0.585729
134526,0.0484647,0.573893
129334,0.0512239,0.590776
129826,0.0499884,0.580854
129736,0.0467533,0.591358
133240,0.0554752,0.590776
120776,0.0486689,0.595967
131490,0.0488079,0.578162
131283,0.0621849,0.602656
133213,0.0495378,0.567681
123110,0.0490259,0.565088
133990,0.0525582,0.584599
129188,0.0504374,0.58721
123513,0.0476555,0.574919
127251,0.0515363,0.57156
67517.7,0.0542846,0.556955
134046,0.0506728,0.584527
147555,0.054419,0.580143
130012,0.0522622,0.575204
128349,0.0576425,0.576393
129311,0.0526767,0.585036
129753,0.0499998,0.583647
126516,0.0504596,0.580567
128245,0.048203,0.580802
129600,0.0552217,0.576007
129279,0.0505767,0.585675
131902,0.0519634,0.601632
116961,0.0535371,0.567843
123610,0.0525023,0.573582
132430,0.0506941,0.588602
128444,0.0510971,0.577762
132943,0.0516288,0.595815
125466,0.0543525,0.577623
132037,0.058139,0.592891
174566,0.0472599,0.583582
128775,0.0545822,0.56921
119485,0.0472096,0.596095
133991,0.0491641,0.594081
129417,0.0544203,0.585371
122510,0.0523314,0.584152
122804,0.0484585,0.5804
127627,0.0510358,0.590514
123296,0.0540167,0.578749
129578,0.0500875,0.592357
110309,0.0567764,0.577909
127031,0.0506442,0.586955
130204,0.0499297,0.578227
135074,0.0512602,0.59199
114955,0.0532758,0.574856
134625,0.0536406,0.578685
126301,0.0526711,0.570011
127790,0.0543208,0.578015
152029,0.0541952,0.581511
128943,0.0512862,0.567929
130142,0.0506841,0.589848
128338,0.0525519,0.580167
135368,0.0491282,0.593833
128895,0.0514553,0.583215
127308,0.0490165,0.584904
133363,0.0542298,0.577795
125056,0.0521326,0.573363
125473,0.0539852,0.574095
123632,0.0520468,0.58656
127677,0.0563118,0.566715
130470,0.0564489,0.583694
128667,0.0510712,0.576612
128589,0.0499278,0.586617
119584,0.0531569,0.580784
131945,0.0523858,0.576411
124981,0.0485658,0.564858
125520,0.0481194,0.576343
121659,0.0536932,0.572457
127205,0.0545884,0.586365
129220,0.0530179,0.584445
134658,0.047907,0.585624
123803,0.0488882,0.589432
129897,0.0521355,0.585017
122772,0.0558066,0.59092
126301,0.0543801,0.582794
126389,0.0493369,0.571501
118470,0.0489944,0.576555
129786,0.0458887,0.574122
125375,0.0517817,0.58402
125420,0.0499095,0.573597
129608,0.0519555,0.575709
65358,0.0515809,0.605878
123679,0.0533573,0.584889
129698,0.0513309,0.573494
130957,0.0522609,0.579362
134181,0.0546111,0.591079
129199,0.049296,0.59283
123841,0.0488021,0.581193
128999,0.0572727,0.592876
121321,0.0565254,0.57896
126823,0.0485705,0.579268
129054,0.0539043,0.589192
131258,0.0515571,0.591293
125460,0.0552465,0.570011
121637,0.04739,0.576696
132123,0.0514547,0.592134
131444,0.0549579,0.584819
122795,0.0462714,0.582609
130217,0.0509589,0.578024
123180,0.0528838,0.591228
126646,0.0457485,0.576556
130775,0.0483591,0.576773
124479,0.0519382,0.579322
126323,0.0522002,0.566987
130021,0.0444892,0.58719
124847,0.0544268,0.581063
123445,0.0554968,0.560894
125481,0.0527628,0.572991
122606,0.0526868,0.584568
126675,0.0475427,0.58135
125761,0.052802,0.591395
123562,0.0495415,0.584439
131610,0.0532923,0.585567
128337,0.0549954,0.583717
130605,0.0540134,0.583787
125815,0.0500996,0.591245
126897,0.0512855,0.580073
128343,0.050366,0.570304
128874,0.0559557,0.583411
125831,0.0540151,0.579197
125607,0.0563335,0.572011
135767,0.0572259,0.584026
129750,0.0498887,0.602859
122948,0.0527009,0.566874
130963,0.0510661,0.580397
124571,0.0498688,0.577506
114763,0.0511564,0.581925
130505,0.0475904,0.590276
122364,0.0493944,0.591526
114566,0.0542698,0.58379
131182,0.052219,0.592479
131260,0.0493833,0.587235
126639,0.0506487,0.574448
133579,0.0512983,0.577505
133868,0.0498789,0.581861
129094,0.0520372,0.574965
129355,0.0541771,0.590255
128780,0.0477391,0.584761
122054,0.0496093,0.582074
130344,0.0508223,0.581139
116674,0.0508352,0.571828
126008,0.0569315,0.570123
127219,0.0497055,0.586709
132019,0.0505415,0.576735
130116,0.047938,0.584071
129884,0.0511764,0.580426
129446,0.0498702,0.583247
134440,0.0483193,0.597597
134488,0.0477338,0.586963
127972,0.0444863,0.575806
126684,0.052638,0.56373
129674,0.0492584,0.574051
124522,0.0486918,0.572024
120314,0.0524478,0.592458
127684,0.0507059,0.574312
121627,0.0541826,0.577043
131106,0.0488765,0.580565
125391,0.0481068,0.573913
126252,0.0552202,0.572288
130865,0.0537931,0.572655
131906,0.0464454,0.58464
133654,0.0522225,0.599589
127783,0.0520803,0.578117
125296,0.0488158,0.56406
123411,0.0547975,0.566116
126742,0.0498719,0.59287
131317,0.049706,0.590918
128665,0.0499816,0.581728
120563,0.0536612,0.570042
127883,0.0498475,0.58211
125226,0.0478018,0.577432
133998,0.0479453,0.595457
133023,0.0520035,0.584606
127836,0.0530583,0.59617
128133,0.0477131,0.582851
126298,0.0468015,0.588279
130394,0.0535095,0.585917
124337,0.0527692,0.574129
132116,0.0521042,0.5893
124506,0.0524859,0.568832
129530,0.0511901,0.582135
129240,0.0484906,0.565463
129097,0.0524306,0.587345
118793,0.0545974,0.575396
130249,0.0491637,0.590773
133565,0.0511954,0.601568
123323,0.0516566,0.587174
125212,0.0493204,0.582041
125751,0.0500208,0.579228
125303,0.0482932,0.586849
130440,0.0588351,0.578262
130722,0.0573902,0.5873
129937,0.0494344,0.579192
125856,0.0466062,0.594016
130321,0.0560763,0.586536
125225,0.0535002,0.573987
126587,0.0551183,0.587375
121134,0.0546007,0.572304
127276,0.0584811,0.577352
127556,0.0544233,0.591807
40781.3,0.0628386,0.579546
131848,0.0485119,0.600786
131667,0.0489942,0.572015
131827,0.053211,0.582779
129971,0.0515338,0.568954
124975,0.053367,0.582224
135334,0.0521151,0.599114
123944,0.0539672,0.595547
135849,0.0498334,0.575687
118073,0.0531717,0.57229
130148,0.0548036,0.582802
124066,0.0503767,0.578503
128704,0.0522779,0.591578
130503,0.0444807,0.581887
133029,0.0499865,0.60273
124291,0.0507986,0.585219
129699,0.0528269,0.584657
126219,0.0527524,0.577872
131863,0.0519887,0.59729
132630,0.0515262,0.593614
72738,0.054172,0.564987
131500,0.0509213,0.5837
132802,0.0537925,0.585146
130679,0.0547171,0.579385
122359,0.0502654,0.594039
127642,0.0562723,0.583515
120915,0.0521305,0.575226
129060,0.0543415,0.600972
125794,0.0507872,0.586991
130272,0.0519943,0.563767
127088,0.0495526,0.569507
115740,0.0451478,0.59234
128600,0.0517144,0.572687
130940,0.0526417,0.589304
127516,0.0509319,0.592925
122054,0.0494924,0.578416
128330,0.0530372,0.587641
126869,0.054694,0.578148
131823,0.0543524,0.574285
135173,0.0439035,0.582635
118478,0.0512862,0.573689
131295,0.0539687,0.582223
129719,0.0514655,0.575841
133116,0.0560396,0.592179
130300,0.0559022,0.597111
128486,0.0546951,0.565279
123055,0.0469563,0.57408
133856,0.0519231,0.597922
119728,0.0540131,0.577522
135895,0.0511358,0.590761
125169,0.0466149,0.568863
121047,0.0496682,0.570031
119537,0.055331,0.574743
130236,0.0482343,0.575114
133565,0.0516266,0.580249
129383,0.0545596,0.598688
114031,0.0521235,0.581728
128960,0.0552054,0.588818
123865,0.0486227,0.574634
123546,0.0473794,0.588048
122074,0.0505937,0.583437
132408,0.0464901,0.577431
129883,0.057701,0.592953
118281,0.0494273,0.576682
129089,0.0513194,0.578272
132907,0.0564896,0.576587
130243,0.0546293,0.579417
126863,0.0513644,0.581249
121796,0.0528911,0.575458
128530,0.0537015,0.574617
134046,0.0535529,0.605919
126042,0.0492103,0.580588
126836,0.0519529,0.586407
131459,0.0582824,0.588484
135889,0.0531816,0.578892
127368,0.0583608,0.57865
124207,0.0526824,0.584432
132835,0.0493977,0.586084
127856,0.05477,0.577747
135091,0.0531732,0.58948
125544,0.0528091,0.582398
130164,0.0532476,0.592395
132140,0.0491285,0.574376
137028,0.0525834,0.59505
130063,0.0558739,0.60205
129538,0.0566196,0.577356
117629,0.0548152,0.569719
126120,0.0558041,0.587504
131798,0.0540508,0.576659
134415,0.047363,0.583912
136654,0.0518007,0.591315
122175,0.0550338,0.587383
124339,0.0514618,0.588464
127951,0.055041,0.575951
127559,0.0524067,0.583691
132573,0.0556018,0.592994
127263,0.0499552,0.577941
121082,0.0516984,0.582911
126270,0.0483438,0.584403
127815,0.0488739,0.585217
128949,0.0583007,0.591455
122698,0.0556834,0.573758
128250,0.0531136,0.590904
131620,0.0598492,0.597409
134113,0.0551192,0.591371
127565,0.0512024,0.590926
131709,0.0530788,0.579657
120921,0.0504625,0.577869
126736,0.0547887,0.579299
124782,0.0522191,0.58621
125871,0.0495374,0.58125
88202.7,0.0548996,0.591086
126270,0.0502743,0.584929
124831,0.0495014,0.579131
126124,0.0540891,0.588453
128029,0.0518445,0.581419
132574,0.0521058,0.585089
129297,0.0499568,0.589789
130198,0.0463988,0.566629
125856,0.046132,0.573151
122878,0.0542662,0.572181
132194,0.0543774,0.584509
124237,0.0521976,0.585216
131422,0.0526618,0.586272
125012,0.0544978,0.571657
128368,0.0523108,0.58462
129941,0.0469661,0.575234
125508,0.0501673,0.582692
128556,0.0504897,0.583469
131072,0.0466255,0.574726
121399,0.0578288,0.571685
128144,0.0521029,0.583972
127878,0.0484319,0.579009
130021,0.0577724,0.583644
128479,0.0507278,0.575211
129940,0.0486416,0.579387
127374,0.0517622,0.577375
135212,0.0530807,0.589315
128539,0.0492709,0.587775
127114,0.0539826,0.587748
128955,0.049171,0.575492
130159,0.0474354,0.585668
130638,0.0505609,0.583697
84346.7,0.0538747,0.582125
128687,0.050922,0.583225
134968,0.0488543,0.584564
124030,0.0538893,0.590232
86479.7,0.0526676,0.583979
122175,0.0471829,0.588451
126057,0.0521706,0.590896
126777,0.0524245,0.587003
126466,0.0508701,0.585161
132651,0.0555538,0.584127
128248,0.0504805,0.588114
132288,0.0530669,0.592431
126178,0.0534275,0.583941
114905,0.0503592,0.588986
133414,0.0457316,0.588915
126899,0.0485302,0.590229
121740,0.0503135,0.593059
127364,0.0510176,0.587689
125273,0.0553628,0.584639
126434,0.0474918,0.590478
133667,0.0505748,0.584433
134402,0.0465392,0.58312
129363,0.0504382,0.564922
124341,0.0516198,0.580995
132490,0.0523313,0.584841
131090,0.0597899,0.590876
128795,0.0511063,0.587169
112963,0.0565288,0.58872
124562,0.0502648,0.574694
128820,0.0510721,0.581467
133962,0.051887,0.59063
133823,0.0548633,0.586376
66053,0.0559306,0.575235
135149,0.0475518,0.592994
111452,0.0569809,0.587782
133070,0.0523568,0.585718
129330,0.0570436,0.578501
124533,0.0553024,0.581244
123690,0.0560942,0.565393
135067,0.0501902,0.593961
127394,0.0549308,0.576892
129141,0.0532715,0.589712
129401,0.0489052,0.578044
133182,0.0556279,0.592441
123976,0.0460855,0.581919
129956,0.0528742,0.583782
128228,0.0516091,0.580532
125794,0.0567719,0.582532
127084,0.0498496,0.575395
127558,0.0453396,0.579827
121939,0.0546597,0.588384
127733,0.0523043,0.587949
131882,0.0522875,0.580917
129007,0.0505785,0.588266
121004,0.0488902,0.582047
122614,0.0570364,0.588314
128137,0.0540898,0.580656
125369,0.0562981,0.582142
131354,0.0499005,0.598672
118643,0.0473792,0.569832
130763,0.0513543,0.582221
132102,0.0553496,0.588996
129463,0.0505013,0.58166
121571,0.0520561,0.579337
124108,0.0487511,0.595743
130032,0.0535707,0.583322
133246,0.0531302,0.585796
127980,0.0518089,0.582056
131624,0.0510641,0.592308
131554,0.0532374,0.585855
129001,0.0527011,0.57829
128596,0.0561467,0.572666
128853,0.0474227,0.581512
131655,0.0507733,0.587972
132147,0.0550355,0.590339
133609,0.0508668,0.586181
133222,0.0519189,0.587805
94818,0.0560228,0.573826
131070,0.0523981,0.581518
132872,0.047595,0.586358
129540,0.0484568,0.57341
131142,0.0481143,0.583028
125956,0.0556239,0.581294
126130,0.0567236,0.58532
127166,0.0547128,0.589729
122805,0.051724,0.583783
75770.3,0.0574662,0.591612
134208,0.0468186,0.59163
121155,0.0550723,0.578808
126061,0.053835,0.570652
129869,0.0514183,0.59749
117253,0.0512374,0.587934
134075,0.054812,0.601939
129842,0.0586014,0.58654
125774,0.0544199,0.572376
126157,0.0479854,0.570658
122799,0.051957,0.575208
126143,0.0531356,0.598892
127076,0.0505449,0.601601
133394,0.0533213,0.577575
126335,0.057156,0.566949
135562,0.0548439,0.571204
121805,0.0482172,0.579738
133049,0.0541934,0.583999
127444,0.0513645,0.577018
131670,0.0530629,0.584898
127791,0.0507989,0.591869
119824,0.0511693,0.593112
132870,0.0498746,0.576161
127557,0.0498245,0.591296
135096,0.0538735,0.589584
117761,0.0528721,0.57685
129151,0.0555141,0.58154
121446,0.0529032,0.574712
123870,0.0530894,0.574517
134016,0.0508673,0.584621
128426,0.0524244,0.579365
123474,0.0483575,0.573388
133678,0.0552227,0.583705
122956,0.0522016,0.577763
126236,0.054148,0.585669
106676,0.0578899,0.600177
130770,0.0578824,0.589722
130709,0.0577894,0.597289
129408,0.0493652,0.584991
126814,0.0487353,0.579885
128328,0.0499839,0.584915
129553,0.054338,0.570457
131357,0.0521522,0.58298
128785,0.0500181,0.594312
125618,0.0540944,0.575741
131549,0.0524322,0.581536
131697,0.0509833,0.597626
128590,0.0510731,0.577055
129778,0.0481938,0.590504
128435,0.0514478,0.588142
125976,0.0594902,0.58891
132588,0.0489307,0.590992
130759,0.0531433,0.58334
123065,0.0527597,0.568691
129027,0.05379,0.573392
100563,0.0602251,0.588154
130797,0.0551955,0.589337
123388,0.0489601,0.577929
129812,0.0552356,0.586413
126431,0.048744,0.585252
125622,0.0513107,0.593558
128639,0.0578027,0.585309
128701,0.0521285,0.576876
135874,0.0568131,0.593406
134164,0.0569897,0.59576
130191,0.0524698,0.59112
126927,0.0529141,0.577738
129833,0.0523509,0.578624
122602,0.050794,0.584407
131968,0.053417,0.582588
125226,0.0546169,0.592776
136859,0.0503347,0.601638
124230,0.0526636,0.578608
133058,0.0551809,0.575204
123770,0.0492661,0.598162
130088,0.0552143,0.59414
126400,0.0570679,0.574861
126231,0.0502449,0.576597
129481,0.0507538,0.584476
126047,0.0498071,0.58243
129001,0.0530272,0.578038
120031,0.0537385,0.589827
134320,0.0527148,0.591383
132565,0.0573072,0.584917
122543,0.0554616,0.58364
169437,0.0549635,0.595086
129307,0.0489336,0.581759
131848,0.0496557,0.580376
128943,0.0519996,0.568425
128774,0.0519258,0.572697
123290,0.0549024,0.582634
174282,0.0523581,0.59013
133328,0.0537058,0.597365
126424,0.0537662,0.575377
121227,0.0520818,0.57509
129568,0.0511698,0.578507
123342,0.0508188,0.580326
129512,0.0523957,0.579587
128971,0.0567001,0.586039
129074,0.0522806,0.579539
124105,0.0570118,0.5933
132183,0.0510825,0.57675
129690,0.0539957,0.586653
135197,0.0516005,0.596345
123586,0.0492963,0.576408
116627,0.0504171,0.571836
124452,0.0503186,0.570392
128023,0.0508471,0.579962
122563,0.0503288,0.580041
133606,0.0538148,0.581392
129909,0.0510656,0.582531
128585,0.0459166,0.577186
130958,0.0522454,0.577937
121419,0.0535047,0.568819
127930,0.0465164,0.577203
125273,0.0603362,0.570685
133791,0.0511138,0.588709
131687,0.0541419,0.588915
132169,0.0548204,0.597557
123256,0.0494868,0.57396
129487,0.0515805,0.583746
122218,0.0512319,0.573029
125367,0.056621,0.574405
128491,0.0468825,0.580675
132641,0.0555782,0.598695
133573,0.0512667,0.593013
126095,0.0557402,0.589167
122581,0.0505604,0.594908
121902,0.0461436,0.579396
126869,0.0558292,0.579948
130803,0.0468293,0.582468
130846,0.0518754,0.591164
126954,0.0473088,0.586228
123181,0.0538791,0.592076
122558,0.0500911,0.579265
125955,0.0471233,0.584951
129487,0.0467331,0.580479
129217,0.0527901,0.584222
116714,0.0516297,0.580774
103067,0.0496811,0.59308
125562,0.0505566,0.586089
125906,0.0492406,0.574857
20097.3,0.0658938,0.577772
122682,0.0515264,0.587205
121297,0.0491708,0.59189
130977,0.0478054,0.609183
131051,0.0540464,0.601613
132093,0.0540458,0.587786
128816,0.048722,0.586375
128428,0.0520409,0.594976
131921,0.0457773,0.589595
123079,0.0494257,0.601577
118302,0.0482401,0.562615
130365,0.0528694,0.574406
124005,0.0513331,0.576118
122597,0.0546427,0.583677
128147,0.0449077,0.578242
132251,0.0501523,0.591281
115339,0.0496243,0.573331
121236,0.0531695,0.585614
127069,0.0510966,0.570867
124008,0.0483543,0.577858
125558,0.0506581,0.587235
128153,0.0515762,0.574497
127167,0.0512138,0.575239
130434,0.0534136,0.581002
126017,0.0472667,0.575478
126878,0.0472649,0.582296
127216,0.0521079,0.585044
136802,0.0482544,0.595613
128967,0.0487554,0.580571
112583,0.0486397,0.59108
123693,0.0491246,0.586048
127579,0.0524625,0.587546
132044,0.051762,0.585589
129594,0.0592445,0.579637
126912,0.0520393,0.585496
126344,0.0478767,0.585805
126993,0.05038,0.580044
128150,0.0519968,0.58453
131187,0.0528483,0.582447
123102,0.0542529,0.565892
118424,0.0452328,0.581504
129205,0.0533676,0.590279
117905,0.053432,0.570353
128804,0.0482302,0.592873
126609,0.0550985,0.591629
138527,0.0542527,0.590444
121854,0.051289,0.565492
129314,0.0493483,0.592445
109689,0.0563823,0.576526
130154,0.0492755,0.575318
129186,0.0482308,0.575573
128255,0.0556611,0.576075
133270,0.0514733,0.577182
112059,0.0574319,0.594343
129745,0.0466894,0.573382
128300,0.0554916,0.578562
123820,0.0596204,0.590708
124304,0.0521914,0.577041
126765,0.0526851,0.599902
149664,0.0541676,0.578292
125755,0.0494814,0.579535
130874,0.0551293,0.595046
125063,0.0507835,0.570992
124579,0.0517884,0.573929
132237,0.0518957,0.572725
128568,0.0528768,0.588125
127594,0.0520276,0.596677
122559,0.0472737,0.569546
129177,0.0510798,0.582461
128730,0.0542018,0.57339
125550,0.0519731,0.575205
129748,0.0571348,0.588406
123064,0.0502513,0.584903
130777,0.047207,0.584633
120042,0.0516695,0.572121
132343,0.051084,0.582127
107190,0.0458825,0.582708
127043,0.0550718,0.581161
121574,0.051471,0.561777
128094,0.0506485,0.591764
125046,0.0492455,0.570406
129179,0.0502306,0.585757
122742,0.0527601,0.582844
126483,0.0527912,0.590147
58656,0.064795,0.578338
130415,0.0536007,0.589737
123524,0.0503451,0.578074
123556,0.0454893,0.58626
80090.7,0.058352,0.581608
127499,0.0521485,0.593683
133054,0.0510422,0.578427
128959,0.0495456,0.589156
122637,0.0489101,0.55904
127015,0.0481672,0.565524
123974,0.0537405,0.580626
120715,0.0499485,0.583801
124777,0.0526393,0.572309
127544,0.0510349,0.583661
121068,0.0460107,0.573327
132888,0.0523945,0.584075
127201,0.0538443,0.578836
129017,0.0506198,0.593182
124270,0.054482,0.589164
125360,0.0522975,0.575303
120992,0.0513472,0.568951
125125,0.0500596,0.568108
133872,0.050661,0.569581
129724,0.0445347,0.583797
133868,0.0497789,0.589017
130618,0.0482294,0.582994
130379,0.050638,0.597524
128760,0.0538616,0.580949
126759,0.0502904,0.585402
125851,0.0507679,0.578359
122610,0.0560827,0.583031
125655,0.0485534,0.597788
129708,0.0512535,0.586934
126410,0.0459701,0.577743
123274,0.0451494,0.58591
130642,0.0484124,0.590273
121749,0.0478741,0.573093
129994,0.0542406,0.581277
113185,0.0511016,0.586385
126616,0.0503813,0.575224
125271,0.0490149,0.56733
125006,0.046757,0.57888
122194,0.0524589,0.562896
119064,0.0513766,0.566179
122546,0.0495035,0.582667
133209,0.0520126,0.591631
129320,0.0464429,0.577618
128354,0.0490093,0.581922
127042,0.0460662,0.58311
132588,0.0517445,0.590797
125186,0.0535132,0.586635
124488,0.055157,0.57769
123663,0.0473781,0.586089
129585,0.0491092,0.593946
126828,0.0491825,0.585537
130714,0.0553223,0.585075
121979,0.0527372,0.582178
131742,0.0524068,0.578756
131028,0.0512762,0.574873
126854,0.0518178,0.587203
127369,0.0511634,0.579007
130114,0.0459682,0.572879
112062,0.0474893,0.57731
125747,0.0505318,0.575473
127093,0.0543478,0.581134
127991,0.0450411,0.579514
122545,0.054395,0.567347
120175,0.0570742,0.575889
130629,0.0490199,0.584858
131829,0.0521575,0.593159
129323,0.0575916,0.576224
129674,0.0520981,0.577221
128249,0.0512823,0.582773
130440,0.0508391,0.589539
130440,0.0519798,0.590237
133859,0.0510844,0.596774
128478,0.0495247,0.589953
132987,0.0541217,0.586234
122155,0.0501244,0.601605
122115,0.0492715,0.569909
131237,0.0494725,0.587986
132314,0.0536489,0.594858
126958,0.0508699,0.586923
128766,0.0519974,0.577835
131555,0.0531579,0.587279
129669,0.0491301,0.577567
127260,0.0513881,0.573562
125074,0.0538093,0.591821
127497,0.0462075,0.581562
132180,0.0522751,0.595117
134322,0.0528662,0.583292
127328,0.0525538,0.579429
121351,0.0480198,0.571236
134837,0.0496686,0.588863
128949,0.0527622,0.584673
129033,0.0487342,0.588659
127749,0.0497779,0.590373
131738,0.0562813,0.594597
130529,0.0533109,0.59748
128294,0.0490118,0.587148
129091,0.0530141,0.594205
127191,0.0524225,0.591355
130830,0.0483255,0.590056
123971,0.0504576,0.575203
129938,0.0523709,0.591824
134798,0.0497063,0.576934
121662,0.054527,0.587032
128481,0.0516028,0.587196
133897,0.0524669,0.595984
127627,0.0550527,0.569715
127776,0.0526847,0.582148
132446,0.0478012,0.578911
130785,0.0500457,0.583863
134290,0.0491957,0.602327
124575,0.0552514,0.590953
135334,0.0519866,0.583911
132030,0.0508,0.588287
129160,0.045014,0.579994
125112,0.0476704,0.583113
127805,0.0564735,0.58957
122695,0.0503094,0.576543
128768,0.0496169,0.586547
128261,0.0520749,0.582589
124257,0.0480866,0.589725
129109,0.0560802,0.596066
123397,0.0481881,0.571542
127608,0.0525318,0.58483
122963,0.0518349,0.577064
132515,0.0528735,0.590145
130397,0.0471041,0.580857
126196,0.0527416,0.57782
126014,0.0491368,0.575928
130585,0.0537669,0.586886
123959,0.0557505,0.584335
126418,0.0526164,0.585909
127967,0.0533333,0.596736
131679,0.0580194,0.600601
130062,0.052661,0.59364
114367,0.0541935,0.582707
125932,0.0538397,0.57938
129667,0.0542255,0.591958
132741,0.0531349,0.582842
134587,0.0514717,0.585279
133209,0.0514279,0.592272
129110,0.0554247,0.585078
131099,0.0483079,0.586835
120675,0.0489848,0.590665
127608,0.0541432,0.573718
120059,0.0487467,0.560841
135003,0.049619,0.600072
129344,0.0498662,0.580931
125428,0.0499296,0.567034
132452,0.0514673,0.564178
127469,0.0579978,0.572214
122937,0.0475872,0.581184
122951,0.0480189,0.582757
121727,0.0471267,0.588234
126690,0.0523716,0.576901
128739,0.0508806,0.581724
147692,0.050849,0.589548
130264,0.0563394,0.572196
127206,0.050621,0.572473
119758,0.0624911,0.577222
114634,0.0528528,0.584892
131787,0.0495851,0.571225
126866,0.0584952,0.577964
123454,0.0522064,0.590548
125321,0.0566085,0.580094
128654,0.0553153,0.568956
135045,0.0524206,0.588437
125597,0.0570705,0.581841
130891,0.0530716,0.589605
125846,0.0526592,0.584214
130505,0.0531728,0.583246
128454,0.0585803,0.585961
124124,0.0534314,0.587582
133252,0.0564998,0.591439
119859,0.0564935,0.593418
127584,0.0539671,0.592998
121425,0.0602149,0.570961
126778,0.0508459,0.573779
123652,0.0496038,0.573137
121993,0.0507153,0.58162
130946,0.0479468,0.575741
132052,0.0504023,0.575822
131035,0.0588024,0.589808
129549,0.0530753,0.579422
119736,0.0558306,0.575312
123129,0.0524586,0.570186
131652,0.0522608,0.586083
125647,0.0509461,0.575887
123780,0.0507543,0.572185
124347,0.052082,0.56695
125080,0.0516794,0.593504
125912,0.0514505,0.58606
126348,0.0580586,0.578581
127034,0.0540577,0.571576
122100,0.0539969,0.583223
130075,0.051781,0.575657
122864,0.0516685,0.584838
133389,0.0530917,0.588774
125677,0.0505683,0.593963
126249,0.0556718,0.584895
128096,0.0521181,0.579745
128258,0.055931,0.586502
125310,0.0510192,0.582208
128747,0.0582898,0.590126
130421,0.0460695,0.581736
127543,0.0489169,0.585603
132389,0.0493402,0.579078
125002,0.0533122,0.581787
122950,0.0549753,0.596222
126669,0.0533869,0.587188
125693,0.0506196,0.576082
129289,0.0530777,0.586295
124119,0.0493092,0.574827
121584,0.0467479,0.580726
132942,0.0487135,0.587891
126319,0.0542681,0.58089
99426.7,0.0537831,0.583549
43403.7,0.0676036,0.576825
129555,0.0454671,0.584142
131107,0.055229,0.58503
121050,0.047743,0.583367
131513,0.0511574,0.594241
127341,0.0526984,0.583512
117972,0.0569611,0.583473
126118,0.047608,0.594447
127082,0.0511265,0.582482
127009,0.0509177,0.58138
128854,0.0538395,0.597304
128339,0.0529923,0.569597
127760,0.051667,0.581195
134477,0.0548046,0.596712
114595,0.0548989,0.576688
122958,0.0567898,0.581495
131529,0.0461389,0.590075
128942,0.0539217,0.579621
128936,0.0545528,0.589409
133446,0.0549573,0.595068
130855,0.0519724,0.576314
132960,0.0468662,0.600275
123363,0.0442603,0.587125
131665,0.0498323,0.578628
133279,0.0491664,0.594261
130751,0.0489801,0.582692
123978,0.046182,0.564927
127072,0.0519262,0.583771
125738,0.0487418,0.581407
133676,0.0463386,0.583976
132447,0.0536069,0.580742
131726,0.049635,0.597661
131363,0.0529705,0.574545
126260,0.0504783,0.568276
132454,0.0540523,0.593172
127016,0.0531101,0.590658
128881,0.05302,0.590355
126379,0.0562726,0.560805
128928,0.0535319,0.584768
127771,0.0582278,0.586131
130421,0.0504069,0.582656
127050,0.0553159,0.594124
126946,0.0549033,0.577864
124211,0.0547413,0.589203
123939,0.0528176,0.570341
132017,0.0539276,0.59489
131022,0.0556787,0.592694
94358,0.0573478,0.588207
123449,0.0504153,0.581629
122566,0.0503061,0.579823
133206,0.0536136,0.593258
122767,0.0525792,0.595836
123587,0.0483742,0.575485
126114,0.0492885,0.586751
127635,0.0572759,0.584377
129884,0.0501041,0.581338
126742,0.052186,0.584747
128419,0.053688,0.579552
124783,0.0538305,0.594692
132700,0.0498429,0.587931
124584,0.047223,0.587066
130543,0.0493832,0.58041
135354,0.0543058,0.589573
129240,0.0550218,0.579731
126108,0.05069,0.586224
125910,0.0498171,0.569434
129666,0.0535772,0.577441
131670,0.0519708,0.597202
117572,0.0470163,0.593581
124629,0.0545528,0.569903
132387,0.0501668,0.586829
127486,0.0505075,0.589755
133373,0.0475407,0.580204
134402,0.0549532,0.592309
129353,0.0567921,0.570969
121443,0.0485575,0.590075
128190,0.0478711,0.587035
114895,0.0488521,0.564189
37335.3,0.0642988,0.575264
129151,0.0485756,0.573437
134479,0.0487788,0.605582
131603,0.0555972,0.582392
124961,0.0514121,0.587655
134731,0.0555069,0.601246
123364,0.0547062,0.594209
130308,0.0489184,0.577659
106343,0.0518858,0.597562
133897,0.0569225,0.592914
127260,0.0519911,0.576249
127244,0.0540797,0.575037
130348,0.0513784,0.576683
129022,0.0498111,0.587787
119331,0.0522165,0.568993
125233,0.0540488,0.577032
137152,0.0547546,0.589211
125035,0.0483304,0.583509
122677,0.0550781,0.583096
133527,0.0541254,0.585447
128042,0.0570956,0.584562
128795,0.0572429,0.585686
132670,0.0500241,0.572824
130645,0.0520191,0.590673
127892,0.0553812,0.570442
128289,0.0521467,0.573529
117368,0.0531806,0.594502
72399.7,0.0656172,0.560808
118552,0.0537247,0.590117
131013,0.0506887,0.572779
122013,0.0503521,0.585774
124917,0.0515415,0.566068
123484,0.0477757,0.583525
125968,0.0517426,0.582338
130621,0.0493038,0.583819
130249,0.0513139,0.595693
130556,0.0507041,0.58329
128258,0.0469307,0.575976
125121,0.0507025,0.572434
118169,0.0571372,0.576006
125458,0.0510361,0.565516
128101,0.0545846,0.569398
134335,0.0507621,0.582142
128170,0.0509235,0.576824
138324,0.0499408,0.596903
128192,0.050855,0.578971
127909,0.0515847,0.58189
120769,0.0594554,0.579325
124561,0.0533087,0.584432
128335,0.0519313,0.585857
133227,0.0550815,0.588822
125034,0.0530964,0.575743
124437,0.0507706,0.583825
128227,0.0500073,0.582366
126414,0.0557401,0.576665
134287,0.0571382,0.581996
129214,0.0481646,0.583284
123472,0.0522159,0.578702
129181,0.0525748,0.577844
125864,0.0486751,0.587444
120155,0.0511239,0.581366
131334,0.0522956,0.599254
131558,0.0519865,0.575043
124941,0.051526,0.578513
124206,0.0562367,0.578575
124102,0.0514149,0.578254
131032,0.0579295,0.582964
123036,0.0517311,0.579062
128809,0.050899,0.581349
129761,0.0555443,0.587079
127005,0.0570198,0.577895
133845,0.0533104,0.576334
133219,0.0538523,0.57559
132909,0.0495465,0.576898
129841,0.0522501,0.581665
123274,0.049021,0.578577
130826,0.0517245,0.56564
129597,0.0605122,0.578115
122002,0.0483272,0.582896
128381,0.0622252,0.599949
125181,0.0508089,0.577807
126121,0.0507269,0.58468
132293,0.0554798,0.59522
126172,0.0515376,0.570119
23281.3,0.0690926,0.618206
134305,0.0524349,0.587956
130185,0.0515611,0.595295
127965,0.0530983,0.584101
130872,0.0509005,0.587647
127089,0.0520451,0.582934
133015,0.0525362,0.582912
127694,0.0466042,0.574788
131689,0.0539707,0.576901
130955,0.0544569,0.585438
127085,0.0532109,0.591088
120961,0.0515198,0.58783
131988,0.0519577,0.59452
132082,0.0451765,0.585666
87561.7,0.0534361,0.567124
130449,0.053403,0.593638
132548,0.0471894,0.600145
121727,0.0531571,0.564374
135749,0.0513839,0.587868
122918,0.0506419,0.568285
125176,0.0527689,0.578621
125468,0.0499165,0.580854
125596,0.0489502,0.579879
123479,0.047657,0.571498
128969,0.0474071,0.582559
128476,0.0534719,0.584545
128182,0.0532287,0.591343
128689,0.0548662,0.596927
112078,0.0525901,0.585766
127755,0.055131,0.581707
119087,0.0493954,0.580663
131422,0.052784,0.580355
123262,0.0539615,0.577384
128306,0.0509264,0.587315
129705,0.0502053,0.607513
126473,0.0538489,0.573842
128733,0.0570424,0.592851
125921,0.0522112,0.566327
123614,0.0481137,0.581476
127839,0.0493937,0.581227
128260,0.0543063,0.589751
126686,0.0499915,0.581335
129629,0.0467915,0.575014
127061,0.0550008,0.590563
126634,0.0495261,0.578139
130875,0.0566551,0.586063
131892,0.0571584,0.595123
130934,0.0497285,0.577795
123716,0.0485726,0.574611
120058,0.0525522,0.579799
120134,0.0529065,0.588018
132725,0.0520592,0.589433
125907,0.054333,0.576207
126179,0.0526182,0.568177
130205,0.05366,0.57388
129360,0.0492258,0.590488
120713,0.051881,0.583168
129078,0.0558975,0.575098
126251,0.0561984,0.586558
132559,0.0525408,0.592544
20656.3,0.068463,0.610596
129627,0.0546582,0.58894
125425,0.050725,0.576297
138579,0.052369,0.59311
125513,0.0504447,0.582055
129610,0.053186,0.593835
132616,0.055271,0.587338
127220,0.0523251,0.575825
122979,0.0557858,0.577282
128508,0.0423115,0.584769
128474,0.0541123,0.582954
121523,0.0561428,0.568135
129270,0.0561144,0.581303
126277,0.0466712,0.583756
121270,0.0467313,0.57894
124547,0.0503268,0.577473
137264,0.0504701,0.577577
131882,0.0548444,0.589417
129831,0.0485238,0.58989
139477,0.0542217,0.591657
127411,0.055464,0.584648
123721,0.0492327,0.585798
127971,0.0525631,0.589677
135158,0.0491204,0.592059
125088,0.0494844,0.587063
129888,0.0492647,0.576674
126691,0.0575239,0.580298
127893,0.0502119,0.588011
130073,0.0498941,0.583776
133985,0.0526195,0.585994
135330,0.0588189,0.597687
125854,0.0545186,0.587427
121005,0.0492374,0.575555
123473,0.0523023,0.586165
130498,0.0506058,0.579859
128884,0.0550774,0.584568
131178,0.0545478,0.575512
160706,0.0500341,0.578423
123411,0.0502015,0.590551
121633,0.0483768,0.575609
135803,0.0532981,0.591736
119991,0.0507194,0.575335
126221,0.0476202,0.574195
131938,0.0532091,0.585506
125485,0.0484079,0.578775
128674,0.0522659,0.587209
126486,0.0492437,0.581361
129536,0.0506814,0.57907
125701,0.0495022,0.575083
84453.7,0.0519097,0.574982
135031,0.0493122,0.588632
125490,0.0474879,0.580389
123292,0.0481411,0.58024
128205,0.0511227,0.578215
126596,0.0529178,0.590706
124706,0.050592,0.576255
131474,0.052969,0.583119
125875,0.0503596,0.573589
120583,0.0486764,0.574882
129903,0.0466861,0.586599
121495,0.0448984,0.582324
132189,0.0575109,0.587318
128541,0.0483802,0.583814
129351,0.0503622,0.569447
127992,0.046802,0.584478
121625,0.0488673,0.583116
130972,0.0505652,0.591451
130793,0.0549188,0.584473
126888,0.050582,0.594036
117328,0.0507746,0.583693
133508,0.0535378,0.590047
131214,0.0490401,0.578989
121735,0.0488253,0.586269
124518,0.0507341,0.574612
128759,0.0499536,0.584779
124208,0.0484096,0.585788
133938,0.0539581,0.587081
131070,0.0474399,0.593965
117877,0.0529499,0.590671
125619,0.0536851,0.580585
129148,0.0549815,0.60277
123404,0.0497733,0.580913
131934,0.0525451,0.578134
130150,0.0561662,0.571491
129528,0.0612006,0.581083
126298,0.0592879,0.5724
126297,0.0528843,0.58282
126133,0.0528778,0.580367
126148,0.0471414,0.55578
127158,0.0518405,0.571828
127603,0.0445996,0.580994
126041,0.0546535,0.576178
39800.7,0.0600843,0.57417
125728,0.057545,0.568724
128588,0.0506616,0.580322
127867,0.0533004,0.585804
124197,0.0533317,0.575895
120867,0.0513458,0.582976
125329,0.0528272,0.583708
129457,0.0533894,0.589342
124986,0.0512607,0.575248
130883,0.0514372,0.592976
126248,0.0547233,0.576342
123481,0.0529304,0.575469
131090,0.0527379,0.584045
121302,0.0505475,0.575984
133520,0.0507747,0.591821
129742,0.0551241,0.574193
135329,0.0607569,0.598209
129437,0.0498053,0.578026
130454,0.0586683,0.581059
124268,0.0550449,0.588611
125899,0.0495863,0.589977
136096,0.0497704,0.602086
130933,0.052533,0.575344
117161,0.0548987,0.57954
134380,0.0525391,0.584455
130208,0.0446138,0.581166
126818,0.0515583,0.584022
128167,0.0509654,0.568181
125834,0.0485467,0.582529
126848,0.0573347,0.579469
128948,0.0537952,0.596442
131405,0.0487134,0.58634
114108,0.0541607,0.583767
119580,0.0593143,0.583542
133392,0.0497472,0.578093
130660,0.0486448,0.573213
128826,0.051962,0.585969
134367,0.0522415,0.589765
119336,0.0511462,0.576109
128053,0.0502379,0.588565
125559,0.0494849,0.574726
124714,0.0530755,0.568978
124477,0.0548179,0.58132
134747,0.0491451,0.579646
128851,0.0505918,0.585211
121041,0.0467723,0.579097
119853,0.0551771,0.588821
122830,0.0529634,0.57094
126741,0.0516985,0.576329
125002,0.0466816,0.589895
125256,0.0465119,0.578315
139072,0.0517097,0.590025
134741,0.046658,0.593272
126060,0.0489534,0.580609
127826,0.0487378,0.573416
123989,0.0452259,0.56747
125273,0.0526549,0.593113
124034,0.0522857,0.576459
129129,0.0519536,0.593945
138255,0.0589272,0.592445
131843,0.0522687,0.589394
130516,0.0501356,0.57398
122320,0.0581363,0.574088
128653,0.0503626,0.58338
131274,0.0560697,0.594931
132136,0.050859,0.592825
128317,0.0545871,0.570119
122857,0.0530756,0.590487
134606,0.0516115,0.594911
127574,0.0564351,0.572817
126645,0.0509028,0.59
134587,0.0500704,0.585941
128639,0.0497159,0.576517
134619,0.0484685,0.599815
133917,0.0488737,0.58282
128029,0.0474696,0.585992
122639,0.0495706,0.588838
129504,0.0514081,0.581148
129768,0.0491523,0.576641
123613,0.0548224,0.571744
131220,0.0556733,0.583139
126844,0.0560821,0.576342
124659,0.0536256,0.57993
119433,0.0528002,0.579798
123581,0.0536404,0.571848
130657,0.0465358,0.591453
130464,0.0541823,0.574243
130076,0.0514796,0.589605
132826,0.0508755,0.592998
123814,0.0540886,0.58623
126284,0.055328,0.585336
129689,0.0550551,0.594572
127446,0.0546566,0.578468
95024.7,0.0568085,0.593207
134409,0.0530956,0.590146
117264,0.0566216,0.591435
132669,0.0484883,0.585363
131499,0.0536366,0.586419
134542,0.0511883,0.586646
126703,0.0512533,0.578309
130254,0.0542577,0.582082
119231,0.0509509,0.571412
54532,0.055629,0.580833
129263,0.0492321,0.579953
124968,0.0477557,0.585726
123064,0.0518482,0.593837
128509,0.0508654,0.586488
153109,0.0569735,0.573797
129156,0.0492282,0.573442
122545,0.0506507,0.582819
124686,0.0510158,0.569912
131855,0.0545653,0.596196
128787,0.0441425,0.593748
126244,0.0542174,0.583144
127622,0.0529219,0.585107
127581,0.0559749,0.567784
134225,0.0492764,0.586541
129009,0.0523759,0.574053
129789,0.0522277,0.584098
132441,0.0478321,0.584022
128546,0.053258,0.582792
131391,0.0540372,0.585116
120572,0.057763,0.568552
135126,0.0508379,0.592528
131489,0.0480879,0.576037
126270,0.0512765,0.574163
126421,0.057,0.573243
122768,0.050209,0.577113
128653,0.0524653,0.58385
136888,0.04862,0.600158
129030,0.0556095,0.580539
126503,0.0495228,0.588449
121470,0.04782,0.566481
130941,0.0579988,0.579616
131075,0.059284,0.582308
129594,0.0482476,0.581165
127338,0.0545148,0.577848
125472,0.0505964,0.572335
124732,0.0551314,0.584048
124477,0.0487759,0.580344
131841,0.0473796,0.597648
129105,0.0544328,0.58229
130273,0.0502738,0.590878
128475,0.0526074,0.593785
128985,0.0493627,0.575939
129729,0.0491585,0.584214
134372,0.056265,0.591347
120144,0.0527258,0.587482
131146,0.0571636,0.578229
126435,0.0528304,0.582873
117453,0.049129,0.57649
123386,0.0518532,0.580799
125580,0.0473944,0.587168
129385,0.05307,0.583511
126005,0.0492622,0.57562
125183,0.0542924,0.585024
126010,0.0548336,0.583934
122025,0.0447293,0.588207
132030,0.0506209,0.587454
129230,0.056549,0.588911
130344,0.0500786,0.589114
127389,0.0482899,0.587771
123508,0.0488007,0.571485
116688,0.0518612,0.5764
133408,0.0542073,0.585186
128936,0.051629,0.578884
129102,0.0521309,0.602891
131656,0.0476856,0.57948
133720,0.0512317,0.593662
130656,0.0516322,0.577535
129767,0.0542596,0.589649
128389,0.0488732,0.583932
125118,0.0499607,0.580344
131192,0.0510684,0.583111
129564,0.0523752,0.576881
118519,0.0546081,0.572419
125567,0.0460169,0.584748
130199,0.0533948,0.570953
130421,0.0450604,0.591213
129803,0.0450532,0.580992
125596,0.056208,0.581034
121614,0.0518639,0.598295
126581,0.0522302,0.576093
127096,0.0625464,0.587229
124167,0.053425,0.576824
125693,0.0528969,0.569904
99790.7,0.0564205,0.585038
129701,0.0553392,0.578395
129079,0.0536032,0.594097
128099,0.0493016,0.581324
128349,0.0507173,0.593269
126250,0.0554365,0.582515
128217,0.0514967,0.580715
128309,0.0517146,0.578771
127867,0.0554658,0.586535
125157,0.0529555,0.587758
125180,0.049051,0.576957
130143,0.0535339,0.584507
130572,0.0510107,0.584547
127152,0.0550989,0.574297
133463,0.0588357,0.587571
127527,0.0506269,0.573635
121840,0.0522814,0.578078
130406,0.0545919,0.588857
127914,0.0451245,0.576888
130416,0.0487625,0.580063
125980,0.05766,0.571976
119747,0.0532481,0.573209
121427,0.0483316,0.567555
129310,0.0500634,0.582499
132327,0.0510699,0.589135
124485,0.0540293,0.58922
127030,0.0523407,0.582878
125104,0.050869,0.581121
125825,0.046512,0.58875
125880,0.0537521,0.574396
135334,0.0559082,0.580198
133100,0.0487652,0.588869
130009,0.0528506,0.600655
128546,0.0510484,0.584581
120427,0.0526652,0.594526
125266,0.0484339,0.581463
114926,0.0496262,0.582096
132396,0.0545304,0.596517
131927,0.0524177,0.576122
128605,0.0484031,0.587726
122209,0.0486561,0.571918
127848,0.0522798,0.589063
129229,0.0470838,0.585882
124991,0.0541964,0.590274
125932,0.0534766,0.586035
126751,0.0450022,0.577652
125836,0.0531246,0.576759
130300,0.056763,0.587913
125788,0.0474597,0.582969
129508,0.0461249,0.580725
130351,0.0514714,0.581852
125963,0.0486921,0.577384
132106,0.0543197,0.57994
127338,0.0480733,0.584001
127962,0.0546961,0.584486
72271.3,0.0515852,0.575466
130401,0.052591,0.583274
130360,0.0508965,0.59257
129166,0.0457768,0.571548
126942,0.0589213,0.590951
127560,0.0483674,0.581926
126866,0.0483784,0.579293
124624,0.0504642,0.584727
129528,0.0476049,0.584079
125059,0.0483564,0.570303
123773,0.0486051,0.583483
129298,0.0474702,0.569185
124652,0.0554827,0.597515
130733,0.0496024,0.580722
128956,0.0499672,0.590783
129468,0.0536573,0.580719
134787,0.0547651,0.589712
126194,0.0507635,0.57981
126212,0.0484776,0.589584
128421,0.0496234,0.588533
130488,0.0573391,0.598802
114077,0.0539225,0.584004
129318,0.0562441,0.58474
129971,0.0569543,0.580972
127212,0.0440449,0.568496
126893,0.0573184,0.571438
125193,0.0493048,0.586003
126394,0.0446561,0.583426
128495,0.0506561,0.575318
126811,0.0536662,0.579157
131047,0.054908,0.575667
122762,0.0509356,0.574213
127441,0.0538583,0.574211
128052,0.0489777,0.579253
121896,0.055042,0.57757
135030,0.0521639,0.608724
123469,0.0483201,0.577521
128476,0.055873,0.59283
128731,0.0532991,0.58122
124585,0.0478047,0.581205
130039,0.0535556,0.576123
129385,0.0543551,0.581698
129047,0.050298,0.585085
130278,0.0486157,0.587498
126184,0.0504043,0.590555
132303,0.0521561,0.574027
129263,0.049281,0.585716
127454,0.0536616,0.590896
125091,0.0541189,0.573115
127391,0.0505916,0.577187
130538,0.0529669,0.582379
128229,0.0511602,0.587609
128709,0.0491442,0.587569
125700,0.0574796,0.572944
117345,0.0514893,0.600328
129885,0.0489828,0.579693
134427,0.0510292,0.594148
133530,0.0541118,0.583768
128360,0.0494613,0.592268
130259,0.0522292,0.587126
125622,0.0487184,0.585972
127831,0.0548525,0.586438
129864,0.0541505,0.583121
123346,0.0497715,0.580023
131047,0.0545351,0.590635
126045,0.0522494,0.593002
124566,0.0520954,0.589414
124013,0.0499829,0.575226
126713,0.0481514,0.576105
129792,0.0525464,0.589832
132337,0.0510964,0.585418
115989,0.0561541,0.581641
128307,0.0566211,0.578086
126544,0.0513767,0.583418
131647,0.0521527,0.584734
128979,0.0488087,0.583684
126291,0.0490621,0.590735
134132,0.0523036,0.600495
124063,0.0529898,0.591284
126662,0.0526038,0.574264
123978,0.0499941,0.574796
125768,0.0542401,0.569179
125982,0.0573459,0.582531
126240,0.0527103,0.589144
125181,0.0517997,0.582013
124651,0.0496457,0.574548
130264,0.0500919,0.570772
129921,0.0469025,0.576739
132514,0.0514774,0.594597
123420,0.0450966,0.604898
124854,0.0521448,0.584543
122918,0.053549,0.594123
126300,0.0537404,0.596631
127428,0.0526282,0.598926
130994,0.053471,0.588191
121746,0.0548025,0.571235
132118,0.0559279,0.595616
130583,0.0565157,0.597095
126273,0.048162,0.567489
127201,0.0499503,0.576957
128387,0.0497321,0.595788
124429,0.0479095,0.581199
122057,0.0498061,0.578267
128671,0.0516698,0.582614
121367,0.0519116,0.586815
126286,0.0452245,0.589238
129801,0.0522446,0.582006
125922,0.0551942,0.57679
128079,0.0511206,0.591561
125616,0.0509808,0.576224
133672,0.0509781,0.589783
129493,0.0504573,0.568278
113735,0.0537946,0.581162
127892,0.0510202,0.577968
124407,0.0514073,0.56951
124435,0.0532736,0.58365
18932,0.0660685,0.589056
129201,0.0550543,0.593328
122175,0.0495734,0.603651
129326,0.0516257,0.597877
131958,0.0452371,0.591374
131187,0.0493913,0.574801
125776,0.0578875,0.594028
127390,0.0522523,0.581965
128453,0.0519452,0.569613
133319,0.0553748,0.583604
125648,0.0465085,0.568783
113934,0.0524146,0.579744
130381,0.0528783,0.586754
121109,0.0526887,0.585134
112682,0.0529741,0.586851
127224,0.0470603,0.592019
126533,0.0511694,0.582046
129172,0.0512779,0.577118
129584,0.0550033,0.578297
128892,0.0478971,0.583907
128406,0.0507436,0.577878
125801,0.0521448,0.580071
126266,0.047794,0.579289
125326,0.059248,0.57812
126105,0.0531499,0.597994
126276,0.0507721,0.579385
131306,0.053283,0.592936
127582,0.0553654,0.585514
121463,0.0521229,0.577254
125169,0.0502101,0.582512
123764,0.0468779,0.575389
126082,0.0548251,0.589462
134532,0.0515786,0.587581
126583,0.0472819,0.590221
119121,0.0514948,0.586496
127146,0.0529806,0.586035
128059,0.0522381,0.588475
124405,0.0598798,0.590539
123739,0.0533274,0.559795
126172,0.050721,0.584456
122669,0.0585671,0.576719
126277,0.0509462,0.576475
123652,0.0491202,0.580504
123234,0.0500339,0.594962
127976,0.0494553,0.587798
114675,0.0544472,0.572466
126967,0.0494874,0.595797
129822,0.051829,0.57741
123707,0.0586178,0.592129
129648,0.0496075,0.578381
120197,0.0512871,0.583609
126264,0.0534477,0.570083
126101,0.0487184,0.589848
124376,0.0535767,0.583376
132472,0.0452271,0.588015
126503,0.051837,0.591381
126509,0.0535445,0.592112
115327,0.0493647,0.577519
116940,0.0445405,0.584885
120681,0.048313,0.562698
127795,0.0480136,0.578153
129494,0.059307,0.586228
126185,0.0491602,0.578124
130316,0.0535449,0.587023
129168,0.0544706,0.585772
128062,0.0500401,0.579926
124605,0.0520628,0.576714
133005,0.0493799,0.592056
129070,0.0469224,0.586313
132198,0.0496165,0.585603
122718,0.0505763,0.600531
117633,0.0557432,0.576467
132650,0.0489344,0.592518
129251,0.0506835,0.592061
123369,0.049751,0.593455
130720,0.0546866,0.577184
124790,0.0495738,0.578905
114300,0.05341,0.568421
127334,0.0535888,0.604607
131085,0.0506241,0.591468
126881,0.0497929,0.596532
128412,0.0507799,0.580534
128106,0.0500323,0.586026
122479,0.0531138,0.596801
124489,0.0558369,0.58557
120970,0.0506869,0.577164
126076,0.0548068,0.595815
124828,0.0527301,0.572119
125721,0.0557982,0.584226
123254,0.0534588,0.580472
127939,0.0481452,0.571765
128770,0.0487145,0.585964
133582,0.05269,0.596424
125149,0.0498682,0.593772
126448,0.0487876,0.575956
123249,0.0544609,0.576926
128213,0.051443,0.600622
126531,0.0558994,0.590322
127178,0.053336,0.582424
126868,0.0487575,0.585088
127461,0.0533838,0.584622
124952,0.0506946,0.576569
131973,0.0533227,0.596194
125540,0.051564,0.597415
127493,0.0454313,0.589526
127221,0.0488107,0.605014
127488,0.0532382,0.570348
121942,0.0540219,0.59213
116729,0.0550552,0.585557
123415,0.0487316,0.58302
117421,0.0488778,0.586854
130818,0.0511289,0.577195
128355,0.054299,0.598874
131915,0.0492169,0.582193
123339,0.0458432,0.585545
129757,0.0465132,0.576658
123464,0.0516714,0.585138
123742,0.0513117,0.586782
129887,0.0480832,0.581017
131392,0.0457828,0.588792
128184,0.0521124,0.575747
130202,0.0513842,0.587195
123692,0.0519867,0.582685
129133,0.0513648,0.595146
131083,0.0493587,0.5882
133746,0.0542528,0.59188
129083,0.0483872,0.57919
123428,0.0574949,0.573642
125860,0.0474461,0.588241
124203,0.0535902,0.575135
119355,0.0485081,0.579436
125073,0.0484676,0.56832
131391,0.04821,0.586083
121013,0.056768,0.573546
123473,0.0521759,0.587837
128838,0.0494849,0.587094
131499,0.0514116,0.596161
120268,0.0520611,0.596135
125805,0.0518746,0.58115
131145,0.0511332,0.581814
122110,0.051189,0.574527
122264,0.0479155,0.586002
114493,0.0484761,0.598749
126270,0.050867,0.599276
125250,0.0508216,0.57713
127361,0.0487369,0.583244
125495,0.0579231,0.584991
128756,0.044157,0.58287
120307,0.0467431,0.572622
124287,0.0519934,0.583315
127908,0.0507561,0.593689
119069,0.0530586,0.57992
115978,0.0501249,0.5797
123508,0.0492739,0.578626
118179,0.0486189,0.583902
130302,0.0514103,0.580697
127821,0.0541898,0.586296
128983,0.0549177,0.577533
128928,0.0486656,0.590558
133781,0.0514355,0.587329
128160,0.0514277,0.605653
123754,0.0499968,0.580907
114808,0.053159,0.587812
129783,0.0507859,0.588035
117541,0.0501463,0.599221
129831,0.0512508,0.580578
122639,0.0519206,0.580827
128000,0.0520012,0.595215
129157,0.052768,0.580081
122083,0.0467107,0.589709
127946,0.0550522,0.583082
129937,0.0531917,0.579446
124859,0.0530892,0.583951
122191,0.0504587,0.573672
133873,0.0492979,0.575124
124797,0.0528555,0.568491
125520,0.0573662,0.57874
127059,0.0505058,0.594094
122596,0.0502991,0.597846
128060,0.0508673,0.581817
120929,0.0518011,0.570248
93866.3,0.0560806,0.57393
121506,0.057135,0.568956
126849,0.0550688,0.592015
129013,0.0484085,0.580655
125488,0.0583107,0.571991
123629,0.0574554,0.573939
128509,0.0509875,0.589814
130542,0.0500064,0.597229
134239,0.0527636,0.589557
126577,0.0506996,0.578099
122863,0.0459889,0.589799
134555,0.049584,0.596165
102577,0.0471501,0.579604
130943,0.0560727,0.579554
99064.3,0.0496079,0.585172
128720,0.0469866,0.589163
121045,0.0485158,0.581027
119947,0.0594795,0.569564
127319,0.0575368,0.578555
126737,0.058257,0.594136
129632,0.0512725,0.579113
124367,0.0527944,0.574514
132554,0.0581891,0.58538
122790,0.0488733,0.588187
127381,0.0533611,0.571333
131539,0.0552525,0.58361
118091,0.0591848,0.582085
130122,0.0517892,0.585189
126322,0.0504194,0.586576
127675,0.0493607,0.599522
127129,0.0518442,0.579911
129758,0.0490378,0.585436
134221,0.0489632,0.58866
125403,0.0492352,0.599799
132093,0.0552679,0.586511
126597,0.0465689,0.573343
125822,0.0513924,0.599593
124558,0.0517234,0.584471
123742,0.0523649,0.58426
122471,0.0485311,0.588152
124698,0.047551,0.577046
131214,0.0470545,0.593042
126962,0.0464019,0.586746
130158,0.0512588,0.565113
126132,0.0533116,0.582886
123648,0.05387,0.575311
131041,0.0537735,0.580883
122861,0.0484487,0.585821
133616,0.0530616,0.589162
126056,0.051148,0.591114
124353,0.0500983,0.579881
132055,0.0485321,0.576536
121240,0.0494722,0.584254
126842,0.0509737,0.594681
128239,0.0526673,0.59315
126926,0.0546128,0.585814
119032,0.0565752,0.581848
127312,0.0494115,0.593283
120137,0.0530697,0.579983
127231,0.046712,0.593283
122635,0.0500963,0.565104
130598,0.0582969,0.59406
115121,0.0527043,0.582513
130112,0.0488346,0.5753
132041,0.0528918,0.590927
131939,0.0502474,0.589905
133643,0.0460982,0.582683
123587,0.0506582,0.584762
125900,0.0490794,0.59867
132711,0.0513523,0.596657
125453,0.0558016,0.575255
125809,0.0560883,0.582025
127846,0.0541641,0.577965
122609,0.055922,0.579513
129049,0.0497559,0.582651
120835,0.0533115,0.586428
131808,0.0512056,0.592813
126884,0.0524564,0.574
125837,0.0529689,0.574811
124892,0.0533304,0.598429
130441,0.0482263,0.592639
130019,0.0536659,0.582361
113187,0.0545472,0.593686
134168,0.0512642,0.584189
133065,0.05213,0.585714
132951,0.0505226,0.590462
129232,0.0561919,0.569855
134093,0.0532342,0.575899
109881,0.0530913,0.570167
124519,0.0551968,0.580453
123886,0.0529107,0.580699
130752,0.0606277,0.589142
132533,0.0469617,0.587624
127504,0.0577679,0.58793
127087,0.0544404,0.578289
132839,0.047574,0.59303
125736,0.0482307,0.576299
119689,0.0518318,0.573774
119090,0.0519009,0.572496
132966,0.0531942,0.594193
120255,0.0457072,0.565074
128556,0.0476712,0.574357
125119,0.0535246,0.581402
131967,0.0571497,0.59682
130055,0.050665,0.58258
131778,0.0504183,0.592117
128974,0.0550713,0.581129
131526,0.049365,0.584196
129411,0.0480167,0.576226
128153,0.0489719,0.584341
116060,0.0488076,0.586253
116109,0.04871,0.569891
126527,0.055566,0.574692
133950,0.0534024,0.578891
129644,0.0517794,0.590405
118982,0.0551201,0.590997
122174,0.0549324,0.583892
131453,0.0552526,0.594528
107378,0.0536163,0.579211
129404,0.0515429,0.592161
118848,0.0533417,0.584498
132911,0.0513141,0.583274
127078,0.0458772,0.585451
132302,0.0499715,0.582361
127907,0.0566317,0.576243
123365,0.0489119,0.58682
127205,0.0535438,0.581314
125520,0.0502301,0.576167
118657,0.0549089,0.568934
111496,0.0531603,0.574384
129800,0.0561468,0.595189
128666,0.0510506,0.581991
127743,0.0524547,0.58577
119994,0.0501854,0.571587
126352,0.0531951,0.583714
117604,0.0528621,0.581575
127671,0.0551965,0.573368
125140,0.0568411,0.590663
118254,0.0487093,0.576348
125987,0.0538828,0.582901
118333,0.0601444,0.579813
133466,0.0485196,0.585029
128303,0.0545113,0.578657
125971,0.0459741,0.588242
134210,0.0504598,0.579931
131049,0.0447705,0.577109
127544,0.0488776,0.578385
131437,0.0508558,0.572521
129047,0.0506106,0.575755
127565,0.0525355,0.580406
130450,0.0539495,0.583174
126941,0.0562666,0.578379
126097,0.0526682,0.577488
129082,0.0529755,0.582246
129245,0.0526019,0.583937
124812,0.0522339,0.579528
128864,0.0522489,0.591868
121347,0.0606223,0.573211
127800,0.0474558,0.584096
132066,0.0500547,0.590583
128894,0.0520879,0.593624
126253,0.0531652,0.579519
125230,0.0475491,0.580919
117216,0.0508046,0.570694
131359,0.0488433,0.595132
127896,0.0529178,0.578071
130619,0.0502053,0.578664
130119,0.0512323,0.577921
134590,0.0477479,0.588784
123062,0.0495321,0.569555
127339,0.0464287,0.580604
121462,0.0558877,0.585759
125050,0.0535125,0.589752
113685,0.0544323,0.586019
129882,0.0497581,0.591753
127996,0.0580837,0.575147
120146,0.050258,0.580864
128394,0.0492738,0.594938
127232,0.0518777,0.574274
130540,0.0536739,0.581274
127190,0.0523258,0.581551
128638,0.0534401,0.591361
127123,0.0524194,0.566585
124100,0.0524526,0.579637
130251,0.0559482,0.578291
129397,0.0492874,0.576424
128688,0.0503861,0.589095
122417,0.0524261,0.581312
114065,0.0563835,0.593337
124640,0.0533554,0.592895
129950,0.0582941,0.585683
131330,0.055368,0.587684
129016,0.0562768,0.577142
128964,0.0566267,0.582755
124616,0.0560279,0.575187
130633,0.0488104,0.583792
126644,0.0487911,0.58004
129170,0.0512471,0.580096
128113,0.0500617,0.576971
133005,0.0550951,0.587222
126595,0.0541894,0.582551
124453,0.0506827,0.587611
119965,0.0578873,0.590643
122176,0.0540087,0.580978
128231,0.0567259,0.577446
126555,0.0549449,0.577199
115825,0.0476627,0.58379
134021,0.0575387,0.599067
119120,0.0509385,0.579118
129842,0.0469934,0.588458
128531,0.0544668,0.598307
123817,0.054899,0.58099
126441,0.061075,0.593624
128219,0.0540494,0.57858
127807,0.0480021,0.577191
124609,0.0577064,0.589829
34981.7,0.0630447,0.566735
128178,0.049789,0.576671
119182,0.0508794,0.578007
119210,0.0575798,0.572313
135864,0.0501535,0.588534
127538,0.0535389,0.571104
117677,0.0519793,0.57677
128301,0.0519465,0.592357
132894,0.048538,0.582167
138802,0.0547958,0.593885
121787,0.0530201,0.585112
130278,0.0508681,0.59667
122101,0.0495045,0.571371
128655,0.0577012,0.573157
125289,0.0515299,0.586364
118997,0.0546546,0.586847
123685,0.0513827,0.595
127401,0.0548071,0.582154
129808,0.0543935,0.57684
128360,0.0482739,0.57107
93498,0.0495285,0.577178
127593,0.048484,0.577551
131170,0.0566308,0.578901
128853,0.0519439,0.589754
126581,0.0487617,0.584357
123866,0.0509839,0.589492
134178,0.0504625,0.590362
122792,0.0515237,0.580441
121364,0.0518661,0.596347
125044,0.0491461,0.584898
130838,0.0478163,0.5931
124123,0.0507821,0.584843
123710,0.045799,0.587402
121064,0.0460867,0.583923
127393,0.0534929,0.596351
131505,0.0543611,0.590818
127400,0.0525182,0.582967
124625,0.0446919,0.590367
123105,0.0539799,0.593599
130722,0.0522633,0.580946
123283,0.0469103,0.579094
108505,0.0561508,0.580217
106430,0.0473068,0.585235
128111,0.0519717,0.588798
121901,0.0522651,0.578953
133332,0.0477207,0.588625
124719,0.0499904,0.57856
127939,0.046581,0.581043
132975,0.0554962,0.5914
119942,0.0497586,0.576191
128089,0.0542953,0.577641
132198,0.0518754,0.584918
130228,0.0525828,0.593517
123192,0.0542167,0.580253
129852,0.0518683,0.590754
122660,0.048596,0.590388
128009,0.0493774,0.574561
131389,0.0527116,0.581826
125749,0.0514553,0.594772
124008,0.0518448,0.590998
123078,0.0505698,0.578239
119493,0.0471056,0.580289
122601,0.0480803,0.58181
130925,0.0461073,0.579946
101857,0.0524102,0.587102
122235,0.0495909,0.573224
130635,0.052798,0.578616
126722,0.0520607,0.59118
121840,0.0506186,0.571003
124840,0.058495,0.584224
128937,0.0449854,0.594899
130435,0.0514519,0.585134
131649,0.0529553,0.581109
114840,0.0559275,0.590208
133413,0.051889,0.588492
130071,0.0486638,0.586583
132115,0.0499161,0.582065
123204,0.0457806,0.575387
127701,0.0532921,0.574886
129069,0.0520561,0.590021
131932,0.048547,0.583918
123465,0.0549309,0.571903
127961,0.0537525,0.573745
127608,0.0528446,0.590555
121495,0.0492616,0.589448
119369,0.05552,0.582827
131988,0.0528113,0.575613
131971,0.0491526,0.5959
125786,0.045658,0.573542
130177,0.0507429,0.578217
127217,0.0543014,0.590322
128891,0.0524069,0.577829
131541,0.0522109,0.589991
134360,0.0552604,0.595453
124904,0.0554357,0.574265
126668,0.0499842,0.586151
126595,0.0490615,0.570544
122386,0.0529781,0.584266
126082,0.0529286,0.598329
132304,0.0482991,0.582601
127833,0.0542366,0.592645
122217,0.0484695,0.59371
133647,0.0518108,0.590537
125536,0.0547097,0.58758
123299,0.0477761,0.576343
129799,0.0483655,0.597678
120795,0.0530257,0.587727
125802,0.0565646,0.595758
120135,0.0576097,0.565892
127332,0.0493145,0.578448
130220,0.046059,0.577987
123688,0.0541392,0.57284
127530,0.0479555,0.580832
124356,0.04911,0.592183
132252,0.0505239,0.583518
125860,0.0470113,0.583863
122691,0.0511657,0.572218
127099,0.0535786,0.570677
132683,0.0472308,0.57793
124909,0.0552615,0.588288
121557,0.0494549,0.582439
130611,0.0510538,0.594357
115583,0.0425485,0.566883
129150,0.0535369,0.581034
125969,0.0539182,0.585172
128113,0.0496062,0.593
126583,0.0535096,0.587057
124013,0.0422306,0.582382
119998,0.0530245,0.586135
127482,0.0546809,0.590295
128963,0.0471056,0.597734
127567,0.0498995,0.585179
123202,0.0558224,0.591809
128880,0.051092,0.578231
132919,0.0491775,0.586541
123357,0.0498996,0.574718
119104,0.0525395,0.578524
133349,0.0578055,0.584403
128213,0.0528582,0.586914
127195,0.0490704,0.559428
131046,0.0511504,0.584005
124357,0.0508706,0.57932
126980,0.0572331,0.577878
130065,0.0511965,0.583904
127631,0.0478457,0.59037
123309,0.0531211,0.568827
123203,0.0496974,0.585006
128894,0.0527729,0.593526
126739,0.0618178,0.579056
120188,0.0518384,0.592118
121195,0.0546259,0.575622
107793,0.0488514,0.58443
129091,0.0492721,0.58025
132086,0.0558915,0.602475
126675,0.0488964,0.582854
124837,0.0571139,0.584109
129052,0.0514199,0.588589
127573,0.0538595,0.571653
130263,0.0487559,0.577735
132755,0.0574307,0.590735
129754,0.0532955,0.585415
123112,0.0600357,0.560035
128875,0.0501223,0.596302
118963,0.0554605,0.58928
129930,0.0503912,0.570861
131714,0.0504622,0.578625
122691,0.054396,0.573685
126284,0.0513815,0.583352
128717,0.0525882,0.581124
127038,0.052916,0.588347
126273,0.0539119,0.588609
127778,0.0487018,0.588407
124603,0.0491835,0.579805
124166,0.0552893,0.578427
123169,0.0510381,0.577357
125569,0.0482274,0.583337
128462,0.0484515,0.567121
128143,0.0504779,0.603517
129467,0.0485154,0.582994
134479,0.0495729,0.589233
126529,0.0480036,0.590169
130549,0.0495396,0.589254
120829,0.0509367,0.579517
132722,0.0510256,0.58864
123811,0.057202,0.584452
117932,0.0522343,0.574759
127755,0.0497714,0.579731
127390,0.0499208,0.579174
131134,0.0495658,0.597454
123466,0.0548881,0.570404
123808,0.0535064,0.580411
123891,0.0529814,0.589341
126097,0.0475271,0.590898
126838,0.0503113,0.586531
111151,0.0502084,0.589554
129807,0.0527462,0.567173
125364,0.0493482,0.582193
115437,0.0504231,0.5733
128547,0.0503405,0.567543
123272,0.0523411,0.584472
125604,0.046995,0.590821
129877,0.0563627,0.574717
125682,0.0529504,0.592101
126760,0.0520731,0.584853
115872,0.0541983,0.579739
128993,0.0511554,0.585198
125005,0.0545859,0.576981
116831,0.0527397,0.585209
134928,0.0558049,0.594336
127712,0.0619243,0.577154
111689,0.0527031,0.570992
128746,0.0538812,0.583299
127012,0.0505537,0.57876
124014,0.0465678,0.585127
130043,0.0522673,0.585964
127081,0.0548909,0.585453
134946,0.0540649,0.590888
128711,0.0524882,0.585203
127494,0.0522582,0.577898
127212,0.0531513,0.591489
123772,0.0494923,0.583286
122114,0.0494035,0.578856
123640,0.0485728,0.579784
129178,0.0503617,0.592008
124000,0.0547315,0.591867
122795,0.0483398,0.594206
126404,0.0501547,0.57588
130869,0.0517678,0.572905
135182,0.0486912,0.581301
117739,0.0550137,0.585604
122064,0.0549175,0.58287
121554,0.0554912,0.568077
118772,0.0507176,0.591574
126667,0.0522049,0.585563
125063,0.0495562,0.586693
127663,0.0489951,0.581363
125744,0.0489444,0.570628
117271,0.0540428,0.585874
128909,0.048587,0.59196
124299,0.0499426,0.5905
130152,0.0485932,0.583487
130838,0.0503246,0.581433
125668,0.0479644,0.581373
127444,0.0545673,0.585924
116660,0.0548799,0.571014
127399,0.0546916,0.573344
128260,0.0496281,0.592761
125981,0.0520455,0.574575
125671,0.0504762,0.594393
111766,0.0555978,0.583097
130485,0.05241,0.589505
118218,0.0507452,0.570243
134930,0.0478557,0.582298
133290,0.0524258,0.588533
128042,0.0544816,0.575335
115545,0.052015,0.576446
131614,0.0549576,0.589219
123942,0.0535608,0.577427
126988,0.0464307,0.587603
123449,0.0523409,0.589345
115405,0.0520201,0.574793
124443,0.0507947,0.590579
133821,0.0536754,0.60226
125239,0.0509718,0.583836
128881,0.0492658,0.592729
118198,0.0460416,0.571046
132679,0.0540232,0.595117
130141,0.0494328,0.576417
121702,0.0581873,0.579621
121293,0.0544097,0.56671
124864,0.0529134,0.586558
122856,0.0472022,0.569858
130278,0.0596486,0.593112
127719,0.0548205,0.578356
125608,0.0539033,0.572269
117251,0.0541851,0.580532
122341,0.0488195,0.576181
124508,0.0483309,0.573951
126449,0.0527183,0.58881
120251,0.057903,0.569492
124801,0.0477582,0.571538
128898,0.048317,0.592131
125818,0.0480823,0.581272
127493,0.0508141,0.592017
129484,0.053663,0.589165
129455,0.051791,0.592318
125171,0.0492016,0.586873
130080,0.0510329,0.584552
127982,0.0501727,0.571951
117267,0.0503885,0.595397
115452,0.0498778,0.588578
121353,0.0471224,0.578886
128208,0.0528362,0.586305
124011,0.0555487,0.596363
129432,0.0561004,0.59381
124349,0.0460616,0.601464
127392,0.0500514,0.600289
130528,0.0509364,0.584832
131758,0.0508909,0.589562
130617,0.0496535,0.585831
131569,0.048711,0.589823
129424,0.0544949,0.594233
127642,0.0584915,0.58688
105624,0.0547735,0.576682
127526,0.0550337,0.574248
132914,0.0501574,0.579224
133662,0.0516333,0.583891
127894,0.0525173,0.583949
132082,0.0469441,0.59002
130110,0.0463957,0.589593
131839,0.0516616,0.593019
126117,0.0516592,0.588901
130154,0.0467305,0.590063
123858,0.0508489,0.58364
122723,0.0563865,0.58366
126524,0.0557088,0.575883
124511,0.0545625,0.573158
123064,0.0518542,0.583319
125824,0.0492398,0.585469
111541,0.0536606,0.574636
126835,0.0515397,0.580238
128372,0.0504684,0.578997
124057,0.0467916,0.596556
133277,0.0554427,0.593606
125576,0.0536514,0.58799
120693,0.0457981,0.597222
130276,0.0491553,0.578176
126605,0.0543816,0.574701
129477,0.0524492,0.586486
127210,0.0544986,0.581444
134332,0.0489496,0.597739
108690,0.0551969,0.568318
119924,0.0470419,0.590624
130453,0.0494651,0.581907
131173,0.0514975,0.58618
122356,0.0505468,0.580474
125620,0.0558707,0.575346
134366,0.0529116,0.594912
128812,0.0472383,0.587022
129733,0.0498076,0.581444
125639,0.0560414,0.57313
126731,0.0515353,0.575487
128879,0.0513657,0.577422
128938,0.0451928,0.569281
131297,0.048461,0.590718
122309,0.0556593,0.576773
120631,0.0537177,0.579996
127988,0.0550264,0.582215
122074,0.0464893,0.58673
125075,0.0492045,0.578329
132016,0.05403,0.594272
125976,0.0488747,0.586782
125700,0.0559084,0.577725
127087,0.0538702,0.589458
133528,0.0497431,0.597811
122983,0.0550785,0.57036
118676,0.0528678,0.577097
131444,0.053564,0.577683
124592,0.0554166,0.583212
127828,0.0507706,0.583784
131547,0.0543729,0.597866
119691,0.0514208,0.577295
131246,0.0477454,0.587153
128289,0.0476091,0.58816
127258,0.0541522,0.584867
118775,0.0501408,0.579579
126712,0.054482,0.57302
122022,0.0559185,0.573618
123120,0.0587388,0.573509
129512,0.0544256,0.58322
126571,0.0523292,0.588922
132171,0.0507202,0.574892
123768,0.0570284,0.587252
127003,0.0575936,0.587057
104922,0.0597901,0.568294
126747,0.0552826,0.587185
133632,0.0446117,0.587258
126782,0.052442,0.577077
126563,0.0531874,0.587253
128148,0.0528629,0.588417
123222,0.04478,0.580031
124965,0.0493123,0.588809
126627,0.0539397,0.57498
131770,0.052763,0.596384
134366,0.0490465,0.593115
123239,0.0516956,0.57324
127541,0.0534377,0.583213
123473,0.0507579,0.568007
127990,0.0480739,0.590089
129025,0.0498194,0.572335
135303,0.0566762,0.593328
120718,0.0557243,0.571754
129845,0.0490657,0.591871
131599,0.0557211,0.587182
101182,0.0454199,0.573956
129458,0.0527473,0.586194
131456,0.050927,0.587524
131181,0.051343,0.58948
129330,0.0518158,0.592403
119994,0.0512252,0.571591
134495,0.0554245,0.59242
126569,0.0524277,0.572012
117177,0.0503823,0.587752
69400.3,0.0591809,0.585526
132222,0.054468,0.582751
127442,0.0551514,0.580738
124777,0.0544097,0.576364
131313,0.0504674,0.585281
125081,0.0502965,0.57364
123445,0.0495476,0.580287
126254,0.048067,0.588184
122986,0.0510048,0.588766
127224,0.0525104,0.595394
129445,0.0483552,0.58465
132342,0.0471841,0.582329
132848,0.0506678,0.583441
120058,0.0543081,0.5766
134029,0.0514755,0.594099
124852,0.0497169,0.582161
129664,0.0500994,0.599083
130165,0.0450171,0.579153
130262,0.050335,0.582756
128804,0.0501264,0.589295
129475,0.0544622,0.589102
127200,0.0531757,0.589442
117201,0.0581219,0.580179
131428,0.0447016,0.581729
129240,0.0546685,0.60296
118416,0.0529877,0.57632
132862,0.0523995,0.587109
123585,0.0484147,0.575612
127215,0.0516209,0.57665
131842,0.0539207,0.591799
118666,0.0494927,0.568777
126502,0.0521635,0.57869
122109,0.0507688,0.580051
130320,0.0473566,0.587968
130490,0.0559756,0.593636
123221,0.052602,0.587193
119495,0.0541631,0.58051
136562,0.0530485,0.592145
124017,0.051222,0.584005
128880,0.0515847,0.590755
129827,0.049134,0.589119
129146,0.0479074,0.575236
130446,0.0511503,0.593161
131996,0.048857,0.582279
123827,0.0543081,0.568713
133699,0.0555444,0.585872
123069,0.0550955,0.574999
119199,0.0505077,0.590714
131280,0.0535901,0.58312
130423,0.056958,0.572633
127559,0.0512323,0.575165
127149,0.052913,0.578762
128845,0.0520828,0.588796
129408,0.0555905,0.583256
129538,0.0506946,0.58054
132517,0.0503393,0.599859
122921,0.0510715,0.578547
126924,0.0575295,0.571283
124847,0.05878,0.582064
124872,0.0508382,0.581311
128647,0.0526128,0.577677
127873,0.0483488,0.58336
112518,0.0526799,0.56675
122741,0.0549243,0.582426
122933,0.0537686,0.582484
129452,0.0520012,0.577102
124442,0.0531604,0.579857
119912,0.0483631,0.586076
126160,0.0473929,0.583006
131360,0.052379,0.576652
119380,0.0515988,0.568705
123523,0.0520921,0.583572
125249,0.0519748,0.579298
127172,0.0549034,0.574038
128447,0.0476956,0.58101
59325.7,0.063372,0.582587
127886,0.0489889,0.583344
110261,0.0573943,0.578949
134093,0.0556712,0.591675
126975,0.053086,0.576007
123065,0.0480339,0.574408
128479,0.0466812,0.584749
126161,0.0558725,0.582375
126030,0.0508456,0.595747
128078,0.0491049,0.58202
131260,0.0555515,0.576989
124015,0.0487757,0.581397
127676,0.051804,0.587852
129600,0.0493485,0.588615
121094,0.0502702,0.579339
123643,0.0552104,0.572584
129731,0.0540101,0.581056
125922,0.0466307,0.581959
121260,0.0502856,0.576996
126648,0.0509226,0.59057
123765,0.0511282,0.580657
131191,0.0544628,0.580066
129481,0.0487366,0.587098
123687,0.0561307,0.589427
113358,0.0430605,0.56756
133689,0.0486152,0.584685
122798,0.0565723,0.574159
130385,0.0508115,0.583668
127795,0.0529285,0.589601
124824,0.0544906,0.580197
125901,0.0511606,0.587799
128737,0.0559686,0.585259
133451,0.0551784,0.589621
123313,0.0531431,0.582088
130155,0.0521095,0.585344
129565,0.0479106,0.584282
125637,0.0494214,0.586153
129358,0.0513216,0.586577
129748,0.0481784,0.57794
121427,0.0454026,0.579587
132009,0.0446303,0.585676
129603,0.0547864,0.587429
123780,0.0555163,0.593569
130007,0.0537589,0.584292
124971,0.0506234,0.583107
122330,0.0522043,0.575493
130901,0.0560402,0.591955
129455,0.0521513,0.580109
123085,0.0567271,0.582207
127913,0.0510228,0.578831
127506,0.0515077,0.577239
120167,0.0559427,0.58013
120829,0.0509959,0.579997
130227,0.0508273,0.57563
126143,0.0566919,0.581459
127996,0.0522627,0.584545
126976,0.0474851,0.578074
121061,0.0581707,0.580909
126565,0.0572447,0.567784
126043,0.0539648,0.57355
122227,0.0527496,0.589424
124135,0.0517485,0.591127
125476,0.0530724,0.578106
125885,0.0454558,0.573722
128505,0.0510898,0.570075
128194,0.0465217,0.581248
127400,0.0483035,0.597582
115813,0.049313,0.579939
128587,0.0465159,0.579471
129864,0.0501683,0.592701
132230,0.0572695,0.59468
113925,0.0552505,0.587149
130159,0.048763,0.577897
122967,0.0525807,0.588813
125726,0.0497592,0.574817
130183,0.0499131,0.589843
122920,0.0514455,0.600818
120782,0.0528579,0.567506
129650,0.0551482,0.594913
129204,0.0433858,0.57247
122270,0.0480701,0.581803
132720,0.0513841,0.580971
119541,0.0487139,0.572996
134613,0.0513678,0.584219
119406,0.0536246,0.582157
131496,0.0458878,0.580508
124603,0.0501138,0.582895
124084,0.0529309,0.590822
122079,0.0534943,0.57496
124959,0.0543829,0.589449
127568,0.0557798,0.584253
127859,0.0471711,0.565099
124488,0.0510057,0.590575
130443,0.0495325,0.58603
120945,0.0534674,0.587172
131572,0.0494037,0.588883
125782,0.0508304,0.573958
130363,0.0504503,0.577292
130314,0.0470616,0.596002
125598,0.0501051,0.575395
128339,0.0527325,0.580272
120596,0.050989,0.567934
123536,0.045126,0.577488
115660,0.0544598,0.571818
130997,0.052847,0.576548
110356,0.0471825,0.575855
126300,0.0488267,0.587716
126488,0.0512355,0.593049
125418,0.0548363,0.597327
123867,0.0527781,0.591792
121863,0.0553535,0.585834
126450,0.0465279,0.572269
128277,0.0496963,0.583526
124102,0.0493841,0.585083
127527,0.0534069,0.587832
130523,0.0471763,0.589628
123869,0.0570769,0.59353
124061,0.0605178,0.575342
130183,0.0559912,0.594717
135288,0.0537971,0.59465
130763,0.0459942,0.587697
126739,0.0544003,0.581092
126623,0.0492263,0.572996
129256,0.0535885,0.573838
125598,0.057526,0.583799
125327,0.0530912,0.59693
128582,0.0474336,0.58374
129138,0.0514639,0.580638
129284,0.0521418,0.586345
130613,0.0500631,0.591603
128121,0.0540646,0.58682
129577,0.0479298,0.583244
134506,0.0502837,0.589688
104439,0.0523394,0.570103
127146,0.0496796,0.579806
126555,0.0536523,0.589756
125820,0.0570407,0.571225
131164,0.0486046,0.588999
127323,0.0543356,0.576479
126262,0.0528593,0.58478
120932,0.0494422,0.571995
133551,0.050039,0.584503
126638,0.0579314,0.567867
121374,0.0540468,0.594942
127252,0.0543681,0.580349
124803,0.047129,0.577578
123568,0.0541006,0.584261
124641,0.0616285,0.576411
127373,0.0526016,0.588308
130705,0.0557809,0.586385
133116,0.0509917,0.588213
127613,0.0549955,0.579341
110606,0.0529634,0.576673
127745,0.0530755,0.584524
126208,0.0549321,0.592752
125531,0.0558112,0.576312
123457,0.0518926,0.577966
120611,0.0527795,0.593001
130423,0.0497735,0.574178
127811,0.0524346,0.590485
129723,0.0536603,0.581782
128924,0.0504714,0.593156
122996,0.0508802,0.579909
133844,0.0502658,0.593531
126512,0.0503991,0.580245
122894,0.0513155,0.578226
122024,0.0556789,0.57971
126625,0.0453385,0.571068
121831,0.0555756,0.583714
131924,0.0499548,0.585803
130965,0.0530714,0.590845
128820,0.0561085,0.577177
110095,0.0483729,0.57464
120737,0.0516382,0.565763
128030,0.0508,0.589299
114304,0.0444218,0.583151
129492,0.0565965,0.580202
124662,0.050203,0.578769
120636,0.0526846,0.587449
117734,0.0590312,0.574689
129103,0.0504147,0.590079
131122,0.0560048,0.601798
133860,0.0532742,0.602588
128258,0.0488499,0.581176
129921,0.0564312,0.580472
121787,0.0534739,0.590133
132342,0.0492875,0.578452
130995,0.0520747,0.594996
118210,0.0500677,0.583935
126864,0.057171,0.585469
130727,0.0512667,0.578354
132929,0.0555491,0.601099
132101,0.0516934,0.593818
129662,0.0524455,0.579179
121496,0.0490804,0.557471
123855,0.0486302,0.607372
123321,0.0537388,0.578989
127868,0.0519177,0.585025
125536,0.0528492,0.583498
128995,0.0513201,0.584643
122645,0.0471051,0.587639
120780,0.0501035,0.588471
125300,0.0505773,0.588567
104543,0.0461897,0.572841
128763,0.0551766,0.576117
119273,0.0548242,0.575239
129350,0.0507948,0.597565
115240,0.0537057,0.586537
126536,0.0549182,0.581206
121635,0.0513406,0.5746
118729,0.0546562,0.583299
122886,0.0512397,0.581279
130533,0.0510663,0.583255
131378,0.0486972,0.589433
127402,0.0479884,0.597978
127872,0.0574644,0.577421
125343,0.0525292,0.576415
128181,0.0504536,0.582938
128543,0.0476035,0.579654
113426,0.0540433,0.594996
129072,0.0519522,0.568373
128295,0.057099,0.592708
126375,0.049061,0.587822
119024,0.0481254,0.579534
116630,0.0475686,0.561888
123893,0.0495785,0.58153
129234,0.0516612,0.586304
108010,0.0495631,0.576734
130347,0.0535858,0.587351
125069,0.0509522,0.58397
124022,0.0523925,0.587585
131838,0.0524124,0.588817
125121,0.0469431,0.595591
133379,0.04777,0.587023
126649,0.0474002,0.600633
130166,0.0515444,0.590035
133676,0.0516648,0.581245
117273,0.0495903,0.585458
124828,0.0483864,0.584256
123736,0.0539435,0.578179
124228,0.0498002,0.592777
127838,0.049545,0.592378
123491,0.0527538,0.577771
115381,0.0523908,0.575021
127358,0.0534591,0.582417
127091,0.0564136,0.593158
123527,0.0568452,0.592425
129123,0.0508658,0.589961
131189,0.0543476,0.581562
128777,0.0523369,0.592299
125276,0.0515389,0.589379
125846,0.0532069,0.580793
122945,0.0478756,0.578848
129065,0.0483362,0.593123
130815,0.0483831,0.590739
130467,0.0459603,0.582634
126661,0.0482944,0.587462
129479,0.0512913,0.600568
123908,0.0511686,0.570181
126705,0.054367,0.566726
121894,0.0514429,0.574676
117389,0.0532806,0.568703
125488,0.0479948,0.583626
128483,0.0521291,0.574761
131015,0.0522777,0.587242
124339,0.0550747,0.59758
128837,0.0493689,0.595993
128920,0.049314,0.592685
130375,0.0527964,0.573791
127773,0.0474774,0.573634
128847,0.0531321,0.581275
129816,0.0527255,0.583507
118246,0.0504584,0.579795
119181,0.0473754,0.574701
129712,0.050159,0.587802
129754,0.0521671,0.57641
101393,0.0477325,0.600165
128294,0.0564024,0.577334
121901,0.0484189,0.585676
123233,0.0590727,0.571945
130713,0.0511755,0.578764
132432,0.0518476,0.594909
131029,0.0570556,0.592262
123611,0.0582172,0.583184
120268,0.0539184,0.574276
129660,0.0460951,0.577989
121906,0.0570346,0.57653
125120,0.0521222,0.570153
133119,0.0529728,0.588504
128971,0.0551418,0.586237
129418,0.0508645,0.585023
127911,0.0512558,0.601587
131116,0.0532151,0.58904
123355,0.051217,0.569166
120218,0.0504079,0.580645
128229,0.0487744,0.585086
126395,0.0488688,0.567843
132102,0.0499113,0.589238
123283,0.0578678,0.57076
125534,0.0481669,0.57917
129526,0.0534995,0.573572
133125,0.0506001,0.590306
125152,0.0535187,0.585996
122707,0.0461562,0.57923
130300,0.0450023,0.575741
127767,0.048378,0.59122
117660,0.0568516,0.577023
124400,0.0510448,0.597399
124586,0.051311,0.587807
132728,0.0508611,0.60228
136110,0.0552496,0.594052
129817,0.047765,0.592037
125937,0.0514022,0.575021
127989,0.0535627,0.587558
124914,0.0538284,0.584082
120286,0.0568782,0.584752
131674,0.0563158,0.579446
129402,0.050378,0.591362
127129,0.0473372,0.57011
125843,0.0515399,0.580497
122572,0.047315,0.576123
121678,0.0484384,0.594561
49048.7,0.0596142,0.585058
121214,0.0544598,0.582734
130145,0.0505084,0.581048
131319,0.0502493,0.59218
125979,0.0476697,0.585935
130727,0.0481365,0.587231
129955,0.0489504,0.591897
130103,0.0535608,0.589717
129280,0.0519485,0.585644
126405,0.0498445,0.592592
109447,0.0506781,0.571925
120956,0.0454461,0.574465
131787,0.0472555,0.587368
128252,0.0502697,0.58056
122466,0.0535736,0.582312
118407,0.0520227,0.581967
131605,0.0559478,0.582557
129981,0.0462493,0.588013
122613,0.0455779,0.570817
132065,0.0501472,0.587256
129493,0.0488081,0.592758
129753,0.0501562,0.576306
128718,0.052752,0.594948
130637,0.0459191,0.590763
126980,0.0501864,0.578323
128902,0.0520362,0.579545
125690,0.0466697,0.587584
125921,0.0521114,0.584974
123904,0.0484278,0.581224
126337,0.0525091,0.60039
124423,0.048697,0.580998
125136,0.0494528,0.579633
128592,0.0510725,0.573438
112838,0.0523651,0.581874
134570,0.0506777,0.594906
114220,0.0542036,0.566919
125267,0.053767,0.576568
122085,0.0511207,0.568186
129100,0.0544112,0.582273
129317,0.0502529,0.575481
125505,0.0507622,0.577953
124393,0.0564871,0.58314
122775,0.0551816,0.569696
125838,0.0553225,0.57495
120091,0.0547766,0.580073
122119,0.0516639,0.580872
129017,0.0518048,0.57866
125067,0.0533767,0.585154
129924,0.0521966,0.578023
120274,0.0510643,0.592925
118325,0.0534688,0.586051
118326,0.0515128,0.577637
127472,0.0564063,0.583748
127893,0.0553253,0.580254
129798,0.0529016,0.583657
19512,0.0730374,0.584666
132275,0.0590702,0.586244
130166,0.0489641,0.593246
123428,0.0495953,0.581866
128962,0.0515355,0.569583
125668,0.0503448,0.589728
130455,0.0510841,0.596309
125951,0.0602457,0.584009
128011,0.0507931,0.57288
120823,0.055141,0.587906
123943,0.054441,0.587722
134253,0.0496147,0.581794
76698.7,0.0547019,0.584995
126970,0.0538632,0.587808
127429,0.056756,0.582839
119457,0.0551088,0.573683
125286,0.0508203,0.577375
129733,0.0480957,0.58297
124404,0.0497266,0.572377
131544,0.048595,0.584641
128202,0.0544102,0.585057
125204,0.0513554,0.590596
121285,0.047708,0.584916
125116,0.0489153,0.588578
130327,0.0553535,0.59084
125930,0.0537862,0.581041
127394,0.0551876,0.572762
130292,0.0542988,0.579817
124093,0.0493994,0.580705
117940,0.0532644,0.599377
128297,0.0540122,0.595809
127432,0.0547763,0.591676
125709,0.0491207,0.593621
129650,0.049564,0.576776
126043,0.0554816,0.5877
126729,0.0491707,0.583556
124676,0.0539321,0.575592
124361,0.0485366,0.59121
129998,0.0485238,0.590063
133487,0.052568,0.576667
121436,0.0484456,0.579404
130228,0.0509066,0.59276
124590,0.050873,0.572249
127985,0.0527956,0.580166
120905,0.0473515,0.578938
118743,0.051001,0.5879
133847,0.0529823,0.593573
132112,0.0515087,0.593837
127735,0.0511441,0.579829
124376,0.0547362,0.585334
132075,0.0581836,0.592618
131729,0.0530012,0.600714
124548,0.0492421,0.580013
124983,0.0474109,0.573022
123495,0.0468908,0.575376
130108,0.0495077,0.577801
131616,0.0450351,0.579439
124879,0.049845,0.577015
128876,0.0445772,0.576108
135256,0.0521138,0.594506
106292,0.0512199,0.595214
125194,0.0475429,0.578035
124985,0.0518456,0.58241
123620,0.0448135,0.596691
128678,0.050417,0.595428
125081,0.0538648,0.578701
126571,0.0506954,0.580927
120404,0.0505068,0.580878
127525,0.0575859,0.592382
123134,0.0478374,0.581712
130439,0.0540366,0.589283
131111,0.048019,0.580405
129304,0.0505343,0.579089
129627,0.0508701,0.578595
126062,0.0459024,0.581436
131354,0.0551103,0.58487
124434,0.0478318,0.583197
126578,0.0498909,0.577739
119650,0.0518696,0.576519
130897,0.050721,0.576396
116585,0.0542404,0.581378
126500,0.057006,0.578755
125638,0.0531054,0.573986
121828,0.0494824,0.567329
54178.7,0.0545105,0.569732
122838,0.0577492,0.597499
118432,0.050337,0.571184
124533,0.057345,0.593164
109467,0.0503939,0.58963
130153,0.0487317,0.577182
115400,0.0557901,0.570533
121514,0.053733,0.578851
128285,0.0491487,0.581101
129714,0.0449057,0.57944
114576,0.0501169,0.589979
130199,0.0530538,0.594532
122285,0.0530181,0.590257
126915,0.0523297,0.599114
122314,0.055974,0.586494
112567,0.0575043,0.580437
129952,0.052255,0.592942
116504,0.0477647,0.582924
124677,0.0488607,0.595186
131733,0.0478148,0.579319
125892,0.0526799,0.59978
127937,0.0473005,0.603387
117605,0.0549852,0.58117
122955,0.045939,0.583543
117605,0.052113,0.575154
121655,0.0560742,0.592441
127192,0.0595416,0.579474
123729,0.0506554,0.577637
124302,0.047898,0.586475
130617,0.0508676,0.584277
120487,0.0532066,0.572481
120964,0.0490271,0.575712
117807,0.0510035,0.572763
125122,0.0504137,0.591127
122118,0.0558952,0.574252
128442,0.0534168,0.591469
125513,0.0512469,0.578426
122851,0.0524254,0.581534
123867,0.055398,0.5891
127690,0.0518522,0.587787
128139,0.0490602,0.573022
128967,0.0552037,0.595877
122597,0.0511103,0.574431
132210,0.0459232,0.582826
125991,0.0538806,0.573045
43057.7,0.0723539,0.567619
129429,0.0516556,0.583942
125137,0.0521013,0.581846
127974,0.0568791,0.573925
126354,0.0535429,0.593847
116943,0.0523889,0.573108
130362,0.0482958,0.583885
129268,0.0505798,0.584325
128235,0.0566532,0.580602
115624,0.0493842,0.590556
128446,0.053844,0.5801
128358,0.052846,0.585487
121320,0.0546038,0.57901
124823,0.0502678,0.589912
126977,0.0530386,0.576581
124365,0.0568924,0.573312
133722,0.0486671,0.587506
131140,0.0545002,0.58216
131925,0.0569187,0.589111
125653,0.0473013,0.586222
124098,0.0534308,0.594704
122395,0.0552113,0.570836
128142,0.0524097,0.574468
124382,0.0468363,0.583127
131830,0.0525538,0.596469
128635,0.0514085,0.597042
128317,0.0496479,0.575056
124600,0.0562352,0.574767
128967,0.0511162,0.589116
123318,0.049626,0.607413
123720,0.0522245,0.580715
125386,0.0521527,0.581632
129850,0.0528814,0.584486
129033,0.0491596,0.576717
123148,0.0613369,0.59238
132445,0.0534832,0.580131
119804,0.0518835,0.587902
132590,0.0520893,0.594928
127928,0.0489696,0.579064
123699,0.0542609,0.590365
120342,0.0539145,0.577795
124433,0.0511476,0.584539
131716,0.0517453,0.596173
125042,0.0530163,0.569133
123121,0.0538378,0.577298
126480,0.0623618,0.59396
117392,0.0471932,0.581381
104422,0.0550929,0.582124
131376,0.0499731,0.595014
118884,0.0538347,0.563377
126142,0.0529662,0.587905
127881,0.0527808,0.591093
132756,0.0526959,0.584139
129708,0.054653,0.593676
123299,0.0540851,0.577275
128589,0.0472361,0.58998
130283,0.0481678,0.595339
131398,0.0533752,0.584153
120280,0.0521234,0.566391
119232,0.0476944,0.583958
130500,0.0549729,0.578234
110133,0.0561915,0.568676
128046,0.0519306,0.584524
120550,0.0506918,0.579158
130469,0.0544092,0.581295
124683,0.0533324,0.579321
119806,0.0508632,0.580772
128151,0.0486854,0.584806
122731,0.0482316,0.585936
121949,0.0506448,0.576631
125796,0.0482163,0.587165
117059,0.0539271,0.565899
126007,0.0530823,0.569913
121241,0.0553755,0.583107
127462,0.0480622,0.576647
126437,0.0476823,0.582081
119144,0.0504039,0.589039
119836,0.0526467,0.566061
124462,0.0530122,0.587669
120172,0.0548764,0.582207
126913,0.0533856,0.581832
127270,0.0512154,0.579968
125893,0.0543854,0.589195
128364,0.0492908,0.581826
128817,0.0550731,0.574722
120998,0.051882,0.573005
129843,0.046405,0.591041
124241,0.0567985,0.581145
128330,0.0552983,0.579447
125561,0.0554446,0.588666
130574,0.0527558,0.580265
132044,0.0523801,0.596638
126292,0.0531656,0.586042
121725,0.0569671,0.581019
124970,0.0537676,0.589269
122948,0.0549344,0.588773
125094,0.0501367,0.581655
115952,0.0495613,0.587691
128131,0.0553401,0.585705
129607,0.0510834,0.590527
124326,0.0496796,0.592326
128896,0.0540214,0.570511
130466,0.0554017,0.580036
126015,0.0534424,0.597953
127373,0.0532875,0.597469
128760,0.0495904,0.58618
129070,0.0524175,0.596494
127078,0.048736,0.592573
129996,0.0491679,0.578876
127705,0.0515623,0.578536
129841,0.0518762,0.578685
120087,0.0537828,0.586879
122549,0.0503309,0.57619
128471,0.053298,0.567023
129217,0.0508208,0.585709
125685,0.0511695,0.585333
123683,0.051235,0.59967
125799,0.0523807,0.578283
121577,0.0469296,0.585189
129277,0.0475822,0.577887
121505,0.0497372,0.572273
126964,0.0538579,0.571536
133642,0.0483605,0.581603
114285,0.0534772,0.574901
119338,0.0534765,0.571364
128326,0.0502315,0.578858
121984,0.0452958,0.587327
125866,0.053355,0.594335
127596,0.0556536,0.583627
122862,0.0490045,0.586031
131383,0.0503124,0.589597
110576,0.0528587,0.56378
121898,0.053681,0.582483
123959,0.0553016,0.572948
120526,0.0575997,0.57761
130346,0.0480775,0.579339
123063,0.0537193,0.578627
125733,0.0483202,0.592577
119013,0.0543801,0.578567
134777,0.0527377,0.597209
126698,0.0507771,0.582006
119323,0.0477473,0.582096
117874,0.0546342,0.598881
121361,0.0519136,0.587771
128952,0.0539078,0.58426
128526,0.0541699,0.581497
120567,0.0498245,0.583974
120856,0.0508975,0.568234
131968,0.0519267,0.594053
117487,0.0519345,0.57145
130983,0.0544026,0.59373
128074,0.0488838,0.585458
120809,0.0501237,0.589472
121648,0.04869,0.585176
125046,0.0511461,0.571374
130107,0.0601519,0.599072
123335,0.0501327,0.587972
118988,0.0479707,0.572839
130657,0.0564193,0.59347
130717,0.0554812,0.590757
130996,0.0476612,0.584205
120995,0.05182,0.585115
132133,0.0495912,0.578262
130769,0.0519376,0.590637
122383,0.0532787,0.586985
127085,0.0489712,0.582244
129495,0.0516349,0.596344
130513,0.0550807,0.587317
133141,0.0499638,0.582514
114243,0.0489548,0.571768
130352,0.0501708,0.585012
128178,0.0530436,0.591907
130425,0.0489912,0.581867
115436,0.0516059,0.577714
119461,0.051081,0.571099
123184,0.0506397,0.57712
121696,0.0514662,0.569961
129000,0.0506976,0.58019
124389,0.0497092,0.583134
132652,0.0509769,0.586184
134429,0.0463963,0.587861
128366,0.0501226,0.592069
126416,0.0539474,0.600735
126469,0.0521712,0.587006
122667,0.0506883,0.588614
130389,0.0464632,0.583082
125873,0.056689,0.581253
129205,0.0514624,0.574026
131908,0.0468898,0.59698
125340,0.0569248,0.577844
29093.3,0.0740069,0.580431
129668,0.0531799,0.582924
120478,0.0537212,0.581148
126782,0.0495067,0.589978
131435,0.0504223,0.595062
129447,0.0508668,0.590199
120982,0.0551017,0.57759
131122,0.0519644,0.597829
119940,0.0522767,0.568768
125459,0.0499836,0.587925
124132,0.0467746,0.586968
131363,0.0485925,0.575737
121995,0.0570787,0.589602
128406,0.0471589,0.582547
107502,0.0495862,0.568218
122538,0.0517646,0.586912
123030,0.0505834,0.572393
126803,0.0520934,0.570503
131110,0.0523995,0.592872
131965,0.0519503,0.594995
124498,0.0498809,0.585435
129966,0.0534675,0.594821
127371,0.053928,0.590417
121336,0.0536683,0.580639
122113,0.0523771,0.592873
128699,0.0557076,0.588524
124357,0.0510019,0.590618
117213,0.0516728,0.580801
128925,0.0556319,0.595579
124475,0.0578827,0.572091
131056,0.0544673,0.596619
118941,0.0503524,0.58529
128719,0.0486041,0.581631
129399,0.0478122,0.578803
128042,0.0536049,0.578814
112044,0.0525602,0.575163
134555,0.0525721,0.587756
130491,0.0517672,0.588765
127176,0.0489839,0.58307
118165,0.0468441,0.57239
131262,0.0520077,0.584652
130406,0.0549511,0.581787
125240,0.0525024,0.592985
114496,0.0496236,0.575649
124994,0.0496982,0.58664
123807,0.0523344,0.583961
130576,0.0514832,0.59614
119705,0.0477052,0.582716
134780,0.0558147,0.59143
132146,0.0461936,0.58774
131555,0.0497289,0.593162
128299,0.0555382,0.57679
127558,0.0571042,0.584981
125630,0.0535951,0.582636
125898,0.0540192,0.574306
124544,0.0505338,0.585897
128154,0.0505073,0.571824
122636,0.0536696,0.585583
120150,0.0516181,0.574661
124907,0.0541396,0.575184
124719,0.05749,0.585825
106592,0.0582655,0.581601
123678,0.055633,0.589398
130132,0.0488384,0.588925
120680,0.0495175,0.582504
129604,0.0514137,0.583505
128355,0.0543339,0.575147
117659,0.048831,0.578812
119358,0.0508027,0.58325
124400,0.0517578,0.583324
133106,0.0547165,0.589782
124749,0.0488217,0.577107
129522,0.052891,0.586572
121491,0.0565568,0.583446
128869,0.0553657,0.594903
129077,0.0540848,0.575373
126824,0.0515269,0.589601
124268,0.0537537,0.570062
128146,0.0526336,0.577349
127973,0.0515027,0.585315
125590,0.054687,0.591197
123785,0.052979,0.585132
123880,0.0513309,0.579944
128983,0.049958,0.580387
125240,0.0537736,0.564257
130848,0.0509709,0.590895
128418,0.0524383,0.578357
120487,0.0492701,0.581797
131186,0.0504276,0.596515
132851,0.0493985,0.593466
125567,0.0506319,0.576517
118391,0.0537261,0.594927
120336,0.0529572,0.582722
126862,0.0480769,0.579941
128198,0.0480562,0.584506
127067,0.0563913,0.587226
124112,0.0514288,0.580033
128162,0.0493817,0.58094
127346,0.0542768,0.602328
123761,0.0577273,0.583491
129812,0.0484011,0.582284
127522,0.0483687,0.588898
130321,0.0445906,0.574389
121291,0.0524224,0.574194
126129,0.0572181,0.581785
119164,0.0489345,0.567054
129577,0.0529939,0.587546
129451,0.0487879,0.58054
126099,0.0576615,0.576956
129695,0.0514908,0.590513
127562,0.0536578,0.57574
133999,0.0492833,0.592598
112426,0.051295,0.57339
118133,0.0466057,0.579516
111138,0.051279,0.579276
133933,0.049215,0.577322
132288,0.0542449,0.582823
126020,0.0519885,0.585991
127857,0.0515068,0.584763
128061,0.050715,0.581649
130583,0.0493178,0.581611
128563,0.0553856,0.589132
129766,0.0523372,0.58745
130615,0.0477313,0.587693
127203,0.0522395,0.582844
127582,0.0481774,0.576954
123208,0.052545,0.585867
128056,0.0481008,0.573319
127794,0.050751,0.574373
123464,0.0493916,0.591589
124900,0.0518645,0.568491
133460,0.0492234,0.591143
119055,0.0483574,0.570715
129245,0.0472637,0.587338
129659,0.0548279,0.590792
132921,0.0537733,0.583952
129803,0.0551466,0.591847
130245,0.0470498,0.581381
119215,0.0564767,0.57364
126936,0.0560777,0.574408
112094,0.0554448,0.575058
124332,0.0539145,0.58199
127915,0.0528839,0.572962
124129,0.0548455,0.565911
122010,0.0548062,0.590571
133147,0.0552154,0.582116
122071,0.0507761,0.584164
135173,0.0511371,0.583308
124596,0.0541459,0.599814
121388,0.0532247,0.585046
123579,0.0553943,0.58391
130133,0.0530122,0.592844
122950,0.049039,0.587828
119901,0.0528791,0.583352
123672,0.0533592,0.583903
132719,0.0517792,0.600731
125294,0.0539482,0.578886
117727,0.0567648,0.590608
124075,0.0527292,0.594914
118815,0.0523478,0.587241
125605,0.0516959,0.57528
129412,0.0521654,0.581102
127130,0.0546355,0.578954
130817,0.0486299,0.594996
127198,0.0502628,0.578614
119467,0.0544981,0.582571
118635,0.0582273,0.576167
125195,0.0516567,0.593802
118002,0.0535226,0.568986
128949,0.0577316,0.5937
125408,0.0541707,0.575055
129192,0.0536947,0.601357
131150,0.0480804,0.576325
129867,0.0468992,0.586057
123329,0.0531685,0.593027
123281,0.050206,0.576155
126018,0.0542628,0.602902
115996,0.0553794,0.570563
122424,0.0553139,0.58125
98605,0.0538304,0.590051
130585,0.0484125,0.583516
125446,0.0573114,0.568436
127979,0.0533109,0.574817
116602,0.0499662,0.583407
128749,0.0541883,0.588048
124805,0.0507887,0.567806
126695,0.0512656,0.576672
127754,0.0477975,0.578631
125704,0.0534696,0.573514
119275,0.0480652,0.581433
129819,0.0496324,0.591331
124572,0.0526737,0.581339
108473,0.0481999,0.567395
119279,0.0477395,0.576317
127975,0.0544143,0.589087
132248,0.0524355,0.58368
124279,0.0522813,0.57859
122806,0.0539358,0.568608
129928,0.0543671,0.595803
118697,0.0537195,0.595365
131848,0.0488579,0.595242
127048,0.0504646,0.587364
121701,0.0480897,0.572596
128433,0.0479237,0.577425
123994,0.0518375,0.583367
127061,0.0503647,0.577073
127616,0.0509291,0.582592
127479,0.0560737,0.588454
118599,0.0563669,0.587741
116690,0.050628,0.582025
129942,0.0485651,0.596297
129951,0.0466787,0.592277
124511,0.0524209,0.567536
121408,0.0494472,0.571984
122596,0.0560499,0.574941
129900,0.0512608,0.590089
124060,0.0536934,0.578039
115734,0.0530817,0.583532
127662,0.0524713,0.575363
130316,0.0525824,0.582603
122869,0.0481936,0.592399
131860,0.0522224,0.575705
128578,0.0465091,0.580084
124506,0.052556,0.587469
125752,0.0558152,0.572786
124052,0.0491766,0.580095
122610,0.0511368,0.565986
123178,0.050311,0.574214
127138,0.0538858,0.600812
129835,0.0555205,0.589136
128418,0.0485899,0.577991
125671,0.050236,0.576943
124503,0.0552143,0.574392
127586,0.050409,0.589693
128861,0.053601,0.595451
127800,0.0528555,0.583916
125316,0.0574809,0.577337
118290,0.0521746,0.581765
128054,0.053425,0.574067
127901,0.0494047,0.576801
130096,0.0541643,0.586855
125103,0.0552421,0.586201
127420,0.0488651,0.571009
124798,0.0491299,0.582273
129637,0.0530666,0.580756
129895,0.0506337,0.593025
129704,0.0461485,0.572157
137104,0.0538598,0.605697
126728,0.0540573,0.58115
128349,0.0482168,0.584457
129456,0.0481845,0.590181
125913,0.0509614,0.594295
125068,0.0477008,0.570406
130066,0.048466,0.583277
126504,0.0491309,0.585503
116947,0.0547634,0.572789
130074,0.0483676,0.591948
129054,0.0507911,0.580676
128863,0.0508055,0.589529
127892,0.0558974,0.59499
123462,0.051635,0.589153
127563,0.0572054,0.577201
125430,0.0544535,0.572594
120249,0.0520692,0.588961
129683,0.0466409,0.599886
119713,0.0487267,0.577231
121775,0.0483028,0.572979
132542,0.0538696,0.578402
130898,0.0564624,0.592695
128200,0.0475969,0.582718
116236,0.0490738,0.591547
128541,0.0501145,0.57715
121332,0.0503237,0.58321
125297,0.0524916,0.569575
125050,0.0521594,0.581284
113992,0.0520701,0.572242
133800,0.0527557,0.593539
123884,0.0477812,0.582924
128962,0.0510109,0.579097
126452,0.0570102,0.573945
116710,0.0465466,0.565521
121648,0.0501813,0.577913
122501,0.048093,0.589158
132586,0.0525968,0.582528
124238,0.0506344,0.585779
128303,0.0521242,0.579792
131552,0.0585105,0.589539
118758,0.0453685,0.590882
121465,0.0549886,0.57
122493,0.0492304,0.576339
129861,0.0512208,0.574402
129744,0.0466435,0.590066
125694,0.0487527,0.569065
123139,0.0513138,0.5868
123435,0.0509061,0.578778
129189,0.0548562,0.58462
123078,0.0527698,0.588793
126636,0.046998,0.573628
121212,0.0480119,0.584167
127917,0.0474425,0.57123
123309,0.0589884,0.588825
130345,0.0507386,0.593356
126336,0.0546711,0.588201
132735,0.0466203,0.586353
119859,0.0528688,0.582001
129615,0.0529344,0.593878
124028,0.0544337,0.584388
131022,0.0624256,0.574007
126054,0.0509964,0.57356
132004,0.0504311,0.585611
132862,0.0549837,0.595351
130424,0.0508039,0.595167
131976,0.0529637,0.585512
120063,0.0504016,0.572903
124820,0.0544462,0.574387
124506,0.0563224,0.583345
126939,0.0537406,0.58035
132626,0.0515954,0.590107
124089,0.053194,0.597023
126143,0.0519028,0.587346
131081,0.055119,0.590211
125717,0.0522443,0.591428
131283,0.0484894,0.58778
130102,0.0500574,0.579195
126870,0.0515535,0.563139
132353,0.0511577,0.581064
129478,0.0498774,0.587822
46390.7,0.0618662,0.589738
128503,0.0532742,0.584504
126405,0.0536396,0.577924
123203,0.0485555,0.577612
121958,0.0533316,0.569766
126366,0.0571813,0.580959
124026,0.0487254,0.584627
131161,0.0491018,0.576688
119809,0.054601,0.581104
132748,0.0492886,0.578058
130287,0.0508529,0.579098
130583,0.0519682,0.581492
126815,0.0520281,0.588641
128961,0.0491108,0.577612
129618,0.0513594,0.584838
118082,0.0506935,0.578535
126488,0.0503412,0.586036
128367,0.0524386,0.581988
117943,0.0507942,0.579399
124616,0.0551469,0.572065
122588,0.0492645,0.572271
126176,0.0496848,0.581454
131122,0.049576,0.579662
127709,0.0569806,0.56938
123825,0.0513915,0.573366
125568,0.0496713,0.57089
120021,0.050271,0.574987
128682,0.0499792,0.590141
128070,0.0496369,0.589345
128080,0.0516934,0.579646
130294,0.0522723,0.584374
129701,0.0547476,0.583029
126940,0.0522441,0.600575
128075,0.0535986,0.592614
125640,0.0515508,0.571844
131666,0.0456346,0.589511
121103,0.0518731,0.579523
113813,0.0484957,0.573274
130020,0.0564398,0.590375
123729,0.0494455,0.590601
127668,0.0494843,0.589407
126238,0.0530453,0.568581
124296,0.0483347,0.579782
121482,0.0491288,0.578654
128189,0.0485262,0.5892
130842,0.0489438,0.580353
129168,0.0533098,0.58206
116299,0.0504877,0.578002
132605,0.0449099,0.582859
132394,0.0508994,0.581265
130638,0.054928,0.57313
129813,0.0470477,0.582719
127889,0.0517842,0.57311
134378,0.0511568,0.582953
120264,0.0490766,0.569663
127025,0.0561054,0.565605
131385,0.0506142,0.595056
126025,0.0487408,0.581769
120565,0.0539557,0.586128
129403,0.0490107,0.572842
119631,0.0480374,0.580368
127065,0.0550869,0.5867
121152,0.0482458,0.590902
125997,0.0508413,0.576248
124995,0.0516444,0.5837
122258,0.0529312,0.580253
128748,0.0527597,0.588405
125609,0.0524833,0.572997
130769,0.0483703,0.581101
131288,0.0494494,0.589197
132034,0.0527145,0.584088
124197,0.0515341,0.585066
129480,0.0496166,0.588164
131983,0.0533481,0.600191
133503,0.052475,0.593272
123262,0.0531061,0.592953
122870,0.0506135,0.573773
124389,0.0558892,0.590752
130805,0.0497583,0.584676
117962,0.0502285,0.576186
128436,0.0529755,0.587137
125674,0.0497531,0.569617
49455.3,0.0623919,0.586442
129925,0.0516393,0.595559
120873,0.0584871,0.570322
129554,0.054127,0.586446
132616,0.0510737,0.589631
123426,0.050987,0.592634
125514,0.0505598,0.575027
132386,0.0490479,0.589957
110088,0.0496568,0.567705
130150,0.0499862,0.578701
128846,0.0516561,0.578512
128420,0.052506,0.583196
118947,0.0518233,0.58125
100636,0.0578305,0.570631
129449,0.0606709,0.595906
126944,0.0524229,0.582028
126930,0.0555901,0.570877
133825,0.0461394,0.58946
131068,0.0534007,0.586921
130822,0.0584753,0.590035
125874,0.0552705,0.570725
133780,0.0561192,0.592745
131249,0.0559886,0.588629
119599,0.0470001,0.586376
123590,0.0485217,0.575236
122301,0.0481124,0.57789
129148,0.0508146,0.582928
131287,0.0565234,0.583329
125367,0.0555977,0.590885
127854,0.0517714,0.593876
123205,0.0502926,0.584554
123996,0.0570319,0.571922
135149,0.0536516,0.583633
132337,0.0472475,0.580711
52935.7,0.0624873,0.552961
129976,0.0514281,0.582869
133409,0.0547097,0.593007
122258,0.0519789,0.567452
128890,0.0545502,0.581674
121497,0.0492101,0.578233
128842,0.0512559,0.578798
128197,0.0499056,0.5882
128445,0.0501396,0.589435
134911,0.05244,0.585182
123755,0.0485547,0.601935
124535,0.0580038,0.581471
128163,0.05049,0.58568
129248,0.0559037,0.583285
122352,0.0505412,0.574682
117177,0.0564006,0.573095
125373,0.0561794,0.570091
127520,0.0505831,0.590221
124150,0.0509333,0.581542
128027,0.0511409,0.588641
129838,0.0497782,0.573989
124968,0.0574993,0.584562
129485,0.0480588,0.582079
126612,0.0465993,0.569373
131758,0.0507893,0.6021
126071,0.051109,0.582799
116327,0.0514623,0.578245
130735,0.0534366,0.591245
125146,0.0517883,0.58894
119518,0.0536165,0.573441
125646,0.0510328,0.582132
123856,0.0448217,0.58587
127371,0.0490209,0.592631
127560,0.0506216,0.58839
131631,0.0533753,0.580319
124785,0.0533661,0.600272
130897,0.0481528,0.591026
123185,0.0517871,0.586155
123067,0.0482281,0.585864
129034,0.0467002,0.585222
126577,0.0521324,0.598691
127617,0.0500194,0.572968
126308,0.0509896,0.57726
120629,0.0523677,0.561751
124901,0.0533767,0.575536
130411,0.0511262,0.591004
111428,0.0554578,0.575156
130900,0.052425,0.589362
131047,0.0508568,0.594187
132602,0.0504494,0.576997
127256,0.0507368,0.584377
132288,0.0518584,0.593584
125230,0.0515584,0.570414
128823,0.0496733,0.575732
128151,0.0485347,0.592317
116657,0.0524803,0.582927
123058,0.0499266,0.568837
125769,0.0515919,0.585896
129027,0.051046,0.583529
121921,0.0522453,0.570012
125856,0.0540734,0.590063
123074,0.0517075,0.587338
128013,0.050618,0.60402
130420,0.0517607,0.584838
128186,0.0513558,0.57289
118519,0.0472118,0.584721
132767,0.0587572,0.596082
124230,0.052183,0.581031
129656,0.0492576,0.594465
113854,0.0552811,0.57734
130861,0.0547632,0.582805
131899,0.0535713,0.592154
127197,0.0501644,0.5867
131357,0.0514098,0.569159
124060,0.0505247,0.581343
125463,0.0478919,0.590716
123307,0.0564336,0.577643
123782,0.0533009,0.596932
127243,0.0542085,0.580091
131002,0.0530347,0.587743
126774,0.0495259,0.583826
128812,0.0512748,0.585997
126496,0.0488951,0.580208
130941,0.0484291,0.593623
131368,0.0536075,0.582992
128296,0.0538026,0.57448
116952,0.0535895,0.572786
125204,0.050025,0.588575
122723,0.0510894,0.586496
127063,0.0493325,0.581601
124839,0.0533271,0.585714
109969,0.0462693,0.575412
124891,0.049839,0.591003
129468,0.0505563,0.600059
122828,0.0536592,0.588742
132483,0.0564701,0.593744
126378,0.0541536,0.585905
121797,0.0499126,0.573376
126256,0.0482448,0.580099
128391,0.0487676,0.588604
130092,0.049745,0.587134
119102,0.0554513,0.584923
121379,0.0499389,0.593015
119871,0.0504887,0.567289
120717,0.0508304,0.57332
126183,0.0506028,0.585507
122209,0.0534694,0.568358
122623,0.0568371,0.573889
130094,0.0485149,0.574485
124333,0.0528973,0.586582
124624,0.0481045,0.570729
127259,0.052998,0.600653
125683,0.0595209,0.585676
128237,0.0564573,0.579025
132750,0.0491891,0.577985
123711,0.053421,0.593492
131047,0.053243,0.571844
129663,0.0490587,0.580189
127684,0.0515077,0.590031
123925,0.0577276,0.578543
107656,0.0509109,0.569216
120066,0.0522836,0.590022
123884,0.0527164,0.585774
117879,0.0504889,0.586669
125591,0.0553967,0.581244
128332,0.0525823,0.576809
119234,0.0564843,0.576337
126088,0.0507524,0.578386
100544,0.0500508,0.593342
120070,0.0499305,0.581886
125890,0.0485351,0.593618
125065,0.0485663,0.564438
129850,0.0539042,0.590089
130773,0.0474534,0.576186
136584,0.0548079,0.591782
122031,0.0499225,0.579333
123486,0.054926,0.580924
125128,0.0502259,0.594144
118977,0.0578656,0.57335
127547,0.0478867,0.580413
130626,0.0526241,0.589569
126928,0.048432,0.583776
128440,0.0528735,0.580232
123489,0.050247,0.58653
126016,0.0484524,0.57163
133325,0.0491731,0.57565
128183,0.0438725,0.583256
127057,0.0530515,0.587063
119635,0.0504895,0.582585
132408,0.0495383,0.588752
130592,0.0530738,0.583064
131098,0.0531274,0.588331
124014,0.0530236,0.578648
127644,0.0484291,0.579843
120076,0.0597401,0.573607
128650,0.0506375,0.567427
124851,0.0507508,0.584517
126574,0.055232,0.582548
128478,0.0507338,0.570234
127429,0.0565368,0.576054
125472,0.052565,0.578747
116863,0.0519516,0.582173
131831,0.0473343,0.570825
128421,0.0529296,0.59199
126839,0.0514716,0.580961
125613,0.0526059,0.57377
129874,0.0490872,0.579816
112415,0.0528973,0.580221
130769,0.0506916,0.590404
128125,0.0518053,0.593292
122384,0.0497826,0.576117
123568,0.0500628,0.571762
133199,0.0560386,0.594565
122108,0.0536059,0.587566
128503,0.0482752,0.595967
127713,0.053902,0.576171
131258,0.0543138,0.593324
111022,0.0558103,0.573053
130522,0.0457378,0.595539
123477,0.0496605,0.584607
125121,0.0452261,0.597989
124334,0.0523628,0.586151
128044,0.0530485,0.589016
127012,0.0550702,0.567659
126147,0.0506069,0.58259
129390,0.0491664,0.582093
123841,0.0524981,0.588016
127890,0.0500361,0.588369
129469,0.0488519,0.578876
123049,0.0484836,0.577237
128958,0.0468975,0.589269
125614,0.0515734,0.576663
121694,0.0497138,0.573007
129080,0.051074,0.588953
130410,0.0469279,0.581117
129502,0.0527078,0.576513
130514,0.0539836,0.588201
125566,0.0453234,0.590598
105277,0.0569236,0.595705
58777,0.0542552,0.58465
129667,0.0516551,0.578894
126616,0.0550423,0.581186
127142,0.0486839,0.579486
128778,0.0478231,0.584312
117904,0.0530898,0.57691
133000,0.0463008,0.595752
122692,0.0517369,0.568216
128169,0.0545074,0.581713
122920,0.0492871,0.578401
126434,0.0478095,0.593393
127015,0.0565535,0.581483
126982,0.0481371,0.568352
130458,0.05283,0.5763
125556,0.0463291,0.578495
126487,0.0530692,0.587654
125342,0.0513854,0.581892
119262,0.051088,0.578458
130204,0.0547182,0.588208
114938,0.0463377,0.565779
130230,0.0535596,0.594095
128326,0.0522009,0.585606
129125,0.0525197,0.587566
113703,0.0490659,0.581123
118524,0.0516263,0.57266
121170,0.0498125,0.580585
121153,0.0479679,0.574431
127410,0.0522766,0.572581
129783,0.0512762,0.587288
133549,0.048604,0.584426
126419,0.0513653,0.591588
123143,0.0513875,0.587358
119766,0.0490259,0.576908
125467,0.0508615,0.57873
129857,0.056133,0.590215
129131,0.0505471,0.586408
121603,0.0527942,0.571927
128357,0.0490875,0.589376
127182,0.0475993,0.574173
128897,0.0535473,0.570971
123923,0.0536489,0.585908
125118,0.0526578,0.594295
130680,0.052018,0.584871
137223,0.0491803,0.597626
129050,0.0522851,0.578675
132075,0.0500345,0.578395
130093,0.0540339,0.588921
120006,0.0542002,0.577146
128750,0.0533283,0.587604
124426,0.0435597,0.570045
124773,0.0518632,0.585952
111720,0.0561869,0.593453
125224,0.0505449,0.583003
126469,0.0542183,0.588473
120937,0.0529736,0.579202
123246,0.0545815,0.589812
129238,0.0509997,0.584967
128343,0.0536579,0.577683
126727,0.0507593,0.571682
131723,0.0555035,0.598787
125068,0.0513746,0.578002
120873,0.0476505,0.585312
126811,0.051695,0.571003
132871,0.0555686,0.597628
123698,0.0485824,0.585684
121604,0.0481226,0.600424
128672,0.0542388,0.598949
130925,0.0506068,0.585515
130512,0.0500902,0.578847
128686,0.0545562,0.583681
130206,0.0519931,0.599873
124184,0.0555813,0.585945
114049,0.0453174,0.574722
127046,0.0531221,0.584973
129214,0.0494366,0.588315
125986,0.0541893,0.580096
129044,0.0511471,0.571669
128054,0.0555296,0.571778
124182,0.0550256,0.582017
121282,0.0525539,0.582498
126968,0.052443,0.580631
115948,0.04786,0.584094
125789,0.0508037,0.587082
129095,0.0536511,0.59414
116631,0.0471035,0.584566
130689,0.0517713,0.591217
129376,0.0555806,0.580424
129885,0.0506773,0.589991
123446,0.0527719,0.579877
133449,0.0555084,0.591294
119755,0.052278,0.592681
122818,0.0577123,0.578763
125351,0.0473655,0.592532
121608,0.0527046,0.571788
129110,0.0498586,0.591089
135839,0.0515534,0.587637
130275,0.0518464,0.588167
126951,0.0497827,0.590105
124179,0.0595282,0.565824
119704,0.0488853,0.57833
128098,0.0529258,0.582909
126360,0.0531745,0.576911
122671,0.0511252,0.582583
128315,0.0523495,0.583786
119258,0.0484042,0.574314
123741,0.0459874,0.585372
123334,0.0485375,0.585633
126305,0.0527187,0.580939
128246,0.0527062,0.591636
125893,0.0560888,0.572494
124049,0.0519649,0.575268
123684,0.0535545,0.563181
131571,0.0512255,0.573056
119691,0.0569642,0.576021
130283,0.0516201,0.572861
128230,0.0441254,0.579989
124998,0.0588192,0.588133
121214,0.0545746,0.576654
132352,0.0552938,0.575292
108281,0.0502999,0.572704
130788,0.0536342,0.596159
120599,0.0465276,0.580312
125092,0.0519768,0.583262
127542,0.0508354,0.587116
128210,0.0539765,0.584022
118817,0.0469504,0.559945
134348,0.0492349,0.588066
121990,0.0487267,0.588597
118832,0.0527567,0.579554
129289,0.051757,0.595933
114048,0.049969,0.566963
128926,0.0437726,0.575873
127111,0.0527517,0.591035
110746,0.043653,0.585637
121976,0.0529205,0.577888
125967,0.0540915,0.570197
123720,0.049416,0.577158
126746,0.047128,0.583762
129573,0.0493824,0.568139
121361,0.0556875,0.581818
123464,0.0515775,0.572965
121868,0.0473257,0.582921
133002,0.0483865,0.584627
124951,0.0531898,0.594877
124271,0.051591,0.559036
125617,0.0489062,0.58746
130686,0.0512173,0.582943
126988,0.0560056,0.570707
126243,0.0516828,0.582025
129995,0.0532405,0.581788
125758,0.0474555,0.576612
127699,0.0472742,0.58076
130629,0.048804,0.574352
124092,0.0497712,0.570778
125848,0.0551512,0.566084
130312,0.0530179,0.573881
124540,0.0498084,0.573563
125189,0.0499784,0.578605
127110,0.0531816,0.579565
123416,0.0552455,0.584629
129320,0.0493915,0.590671
132759,0.0477371,0.579132
132155,0.0481844,0.592831
132030,0.048948,0.597913
134274,0.0532598,0.59125
130217,0.0504162,0.589278
127125,0.0542938,0.569467
127181,0.0548204,0.587285
127868,0.0556467,0.578718
123961,0.0536078,0.58689
130577,0.0531372,0.574645
130930,0.0477902,0.592874
131686,0.0529622,0.595872
117211,0.0520709,0.571862
124763,0.0499426,0.576289
130518,0.0480385,0.579526
121858,0.0554203,0.596354
124931,0.059749,0.574213
121668,0.0528451,0.585668
121452,0.0476127,0.584465
131508,0.0527509,0.584504
126058,0.0501614,0.581367
123140,0.0490802,0.591615
125897,0.0477625,0.575073
128295,0.053939,0.575062
128345,0.0520278,0.59044
130049,0.0567827,0.579608
124899,0.0522855,0.568203
128005,0.0545524,0.583582
121052,0.0520925,0.594261
130222,0.0517355,0.584697
117214,0.055234,0.569621
124333,0.0489841,0.57434
128513,0.0468173,0.584011
126948,0.0532218,0.576157
119962,0.0539825,0.580676
122761,0.0536942,0.57137
133398,0.0524257,0.588015
129507,0.0486839,0.573174
111474,0.0534588,0.58253
130182,0.0489149,0.593158
110338,0.0523105,0.572555
130183,0.0522703,0.571722
119255,0.051189,0.570655
127508,0.0478011,0.577936
126241,0.0480642,0.59428
128904,0.0520987,0.598825
126190,0.0548354,0.57862
125899,0.0605065,0.580676
122856,0.0541693,0.571869
126754,0.0480356,0.586313
129052,0.0487223,0.57934
124635,0.0549278,0.581823
135587,0.0510078,0.588357
125243,0.0500797,0.574663
127394,0.0531074,0.578171
127740,0.0493485,0.594595
124731,0.0555397,0.577222
116608,0.048425,0.588262
128263,0.0535012,0.600727
129532,0.0505349,0.584686
127849,0.0497358,0.586954
118074,0.0499136,0.589279
132592,0.0520384,0.595639
128352,0.0515817,0.588316
123488,0.057855,0.567229
125277,0.0509939,0.582905
129838,0.05672,0.58082
131350,0.0512967,0.584385
120912,0.051065,0.584433
129466,0.050625,0.580635
129149,0.0487484,0.583233
121520,0.0511692,0.57679
123187,0.0598861,0.58936
122159,0.0496995,0.572807
118161,0.0500174,0.579062
127211,0.050186,0.600573
128091,0.0492973,0.583593
128789,0.0536041,0.595264
116674,0.0502603,0.592317
114215,0.054073,0.57921
125916,0.0485446,0.587919
123332,0.0524497,0.583243
133988,0.0507711,0.589295
128299,0.0530418,0.597066
129565,0.0500913,0.594088
132436,0.0495815,0.583791
124780,0.046431,0.576398
114749,0.0558319,0.584358
126571,0.0497597,0.579181
127039,0.0479134,0.574811
125179,0.0508297,0.589332
124722,0.0510633,0.59714
130980,0.0526813,0.591224
120947,0.0505773,0.574376
126296,0.051142,0.582302
124870,0.0552257,0.580852
130816,0.0433252,0.591858
120009,0.0508262,0.561025
125884,0.0485647,0.574954
122154,0.0585592,0.57351
127365,0.0510457,0.579386
125177,0.0509917,0.579867
122837,0.052681,0.582259
121729,0.0495018,0.587062
123259,0.0504003,0.574838
123592,0.0524029,0.564689
123205,0.0523155,0.569072
128875,0.0501531,0.583345
129329,0.0559339,0.57907
128211,0.0546872,0.581373
125166,0.0458143,0.58762
129775,0.048027,0.579931
124314,0.0503783,0.582842
121771,0.0567877,0.584339
122832,0.0517524,0.576116
129501,0.0535165,0.592139
133258,0.0503905,0.60363
128420,0.0500574,0.584406
127379,0.0488414,0.573964
120546,0.0531226,0.578601
125205,0.0523486,0.590628
127130,0.0517049,0.585066
130056,0.0487487,0.59988
126470,0.0558665,0.583162
129452,0.0492263,0.590763
127370,0.0490164,0.570754
119603,0.0470373,0.575408
120644,0.0582551,0.579109
124490,0.0516945,0.560334
124956,0.0500571,0.597062
130508,0.0518733,0.58101
117958,0.0477701,0.583678
121705,0.0534176,0.592116
127236,0.0527433,0.582414
125307,0.0522599,0.581176
127115,0.06111,0.569771
127897,0.0554235,0.579392
125208,0.04799,0.584488
126619,0.0476975,0.57872
130429,0.0524379,0.597456
126977,0.0475873,0.585441
124707,0.053052,0.581664
122085,0.0522183,0.590093
125628,0.0542788,0.585494
114930,0.0517839,0.574954
117682,0.0519262,0.576158
128808,0.0520721,0.585115
129382,0.0527157,0.576093
126211,0.0549485,0.574177
128980,0.0521877,0.58506
125879,0.0566508,0.589066
111092,0.0476188,0.575019
121789,0.0537885,0.588194
120104,0.0567798,0.573112
124147,0.0519918,0.591158
128876,0.0534238,0.591371
119909,0.0486898,0.589093
124197,0.0556962,0.579507
113895,0.0518791,0.579801
121436,0.0482818,0.579206
119934,0.0541506,0.596099
126751,0.051233,0.579972
125718,0.0505093,0.577177
74246,0.0584803,0.5895
123747,0.0458522,0.581044
132340,0.0504698,0.581449
127938,0.052506,0.577057
121132,0.0509818,0.56831
127641,0.0548928,0.585219
130203,0.055126,0.581089
125679,0.0543854,0.578668
126518,0.057849,0.588434
123884,0.0517131,0.584341
121806,0.0535524,0.590065
128441,0.0485068,0.588538
127943,0.054241,0.587097
129976,0.0497087,0.586112
129243,0.0503351,0.583231
124775,0.0531203,0.588848
128147,0.0492774,0.573693
132001,0.0509481,0.594673
130054,0.05162,0.587076
107699,0.0554772,0.585553
131388,0.0541135,0.58422
131103,0.0496088,0.576295
129801,0.0509005,0.581594
125267,0.0486355,0.5843
129110,0.0517824,0.587828
133747,0.0494736,0.601363
127825,0.0504627,0.572701
128908,0.0498602,0.577028
134878,0.044125,0.589937
126241,0.048013,0.567977
126682,0.0489234,0.590471
129238,0.0512289,0.558825
123406,0.0511926,0.583777
119958,0.0493643,0.576352
131335,0.0487195,0.602353
121222,0.0544787,0.588718
123636,0.0519026,0.582512
131682,0.0508188,0.593111
127891,0.0508732,0.587008
128227,0.0492866,0.578954
128323,0.0545819,0.582822
129212,0.0534574,0.580399
130690,0.0508596,0.587226
131424,0.0531303,0.599742
127511,0.0528175,0.586643
119771,0.0546014,0.583067
126679,0.054728,0.591815
132359,0.0526728,0.576708
121366,0.0498177,0.575911
131568,0.0475486,0.5794
129896,0.0510274,0.588737
117945,0.052806,0.577604
123607,0.053758,0.580351
123758,0.0489746,0.588508
125707,0.049482,0.59169
126647,0.0451155,0.578024
128119,0.0495953,0.58034
127402,0.0535727,0.59038
121810,0.0503292,0.599737
121472,0.0503997,0.582389
128347,0.052021,0.585167
130391,0.0526881,0.589074
125214,0.0500557,0.592418
118102,0.0552419,0.576684
107195,0.0596018,0.573086
123226,0.0492187,0.571921
124735,0.0545107,0.591169
132755,0.0491004,0.574686
123008,0.0512856,0.577962
133986,0.0515825,0.593152
128170,0.0527922,0.584142
124347,0.0515395,0.577565
127941,0.0533613,0.578443
125687,0.0517345,0.588267
125782,0.0523992,0.580127
126422,0.0508881,0.585907
133724,0.0485833,0.594864
125824,0.0532311,0.596333
127541,0.0548493,0.588313
124751,0.0494008,0.594953
116399,0.057898,0.564287
129112,0.048578,0.589686
124013,0.0533435,0.586507
130631,0.0541554,0.573428
133218,0.0548871,0.5915
128467,0.052898,0.580826
125106,0.0507663,0.598376
125790,0.0489748,0.582379
123038,0.0513368,0.590521
117860,0.0587674,0.565595
125835,0.0567345,0.593094
125856,0.0487919,0.573643
120267,0.0566357,0.571358
129481,0.0509484,0.577826
123094,0.0531312,0.568472
127144,0.052203,0.596694
131302,0.0539171,0.592283
127667,0.0474514,0.58604
125199,0.0472928,0.582565
123890,0.0534412,0.576952
125498,0.0521051,0.589507
131784,0.0471604,0.579645
134462,0.0509955,0.584258
126746,0.0545753,0.573572
119637,0.0490698,0.578947
116872,0.0579676,0.563997
130938,0.0566105,0.587175
122827,0.051425,0.585242
112656,0.0507192,0.592902
130608,0.0483741,0.590657
124661,0.0561835,0.58335
122081,0.0514022,0.580455
130497,0.0558727,0.58227
129276,0.0486036,0.572403
121510,0.0520439,0.561254
123915,0.0562322,0.572061
130235,0.0522762,0.589243
128610,0.0518103,0.589422
117502,0.0559683,0.574343
120126,0.0547917,0.580636
130219,0.0485798,0.598185
127228,0.0593629,0.580615
130390,0.0557429,0.580754
127697,0.0518894,0.587148
126302,0.0514247,0.583277
133017,0.047541,0.607715
128979,0.0453844,0.580955
118033,0.0513174,0.593644
127308,0.0522908,0.577564
129035,0.0513269,0.589053
118292,0.0566602,0.580771
129228,0.0518297,0.572573
128584,0.0464062,0.582464
124045,0.0505285,0.584921
129704,0.0532849,0.594053
124238,0.0466897,0.574478
128087,0.04802,0.59816
129605,0.0523711,0.596061
120492,0.0522777,0.585503
126824,0.0474826,0.588166
123737,0.0551977,0.581641
114949,0.0521162,0.572941
130372,0.0553554,0.577912
129346,0.0527526,0.588912
124048,0.0532031,0.566269
125307,0.0616777,0.576756
128443,0.0500888,0.588031
129853,0.0584417,0.587383
99775,0.0579742,0.575254
119002,0.0529684,0.578915
130567,0.0541236,0.588414
125874,0.0530048,0.576386
114019,0.0525686,0.573115
124030,0.0491565,0.585814
129357,0.0506664,0.581403
130752,0.0533151,0.592132
123968,0.0545645,0.59208
126609,0.0524837,0.579963
126707,0.053529,0.58522
123728,0.0518498,0.582948
129944,0.0481112,0.58367
128354,0.0510478,0.579682
119431,0.0546442,0.583023
129355,0.0514459,0.59264
129709,0.0540017,0.578472
120211,0.047013,0.574669
113468,0.0514743,0.584561
130541,0.0534433,0.601995
126199,0.0520583,0.58386
126026,0.0524604,0.579622
126684,0.0523891,0.569824
36930,0.0660605,0.570187
133831,0.0501572,0.593828
128313,0.0492594,0.586772
125666,0.0561526,0.57666
129625,0.0504183,0.590318
128824,0.0582032,0.572048
125360,0.0533878,0.59371
122746,0.0492655,0.575774
121871,0.0559027,0.600229
117586,0.0528877,0.581468
127708,0.0530881,0.577352
129717,0.0472946,0.58818
124424,0.0551364,0.593884
127243,0.0485997,0.573863
125265,0.053965,0.571165
122946,0.0503041,0.586127
132735,0.0534999,0.590278
132435,0.0502279,0.576249
118993,0.0442063,0.579921
131681,0.0535148,0.575527
120930,0.0561208,0.572823
126386,0.0544933,0.573291
119334,0.0523066,0.572452
125381,0.048086,0.596705
132329,0.0474791,0.581743
123603,0.0575386,0.568979
128947,0.0534878,0.596822
132175,0.0530804,0.580053
114688,0.04509,0.575187
130164,0.0464322,0.573757
128686,0.0495163,0.582686
126226,0.0560883,0.589253
123676,0.0564869,0.592592
132112,0.0539423,0.593156
119211,0.0528187,0.564574
128660,0.0483625,0.583383
129485,0.0528123,0.596204
126957,0.0543741,0.588211
124354,0.0509583,0.596314
120106,0.0472631,0.594741
128213,0.0494112,0.584878
127416,0.0484976,0.591162
127050,0.0552741,0.575345
125416,0.0535705,0.597364
129559,0.0523353,0.577825
125439,0.0546567,0.574168
127149,0.0531489,0.5735
122978,0.0487955,0.580035
117688,0.0502025,0.568635
120325,0.0539923,0.565315
126364,0.0516756,0.598101
129024,0.0463451,0.581082
125542,0.052897,0.575831
129906,0.0494111,0.586952
123939,0.053633,0.591815
118306,0.0505283,0.569705
127172,0.0539498,0.597372
128996,0.0520143,0.570289
131994,0.0529775,0.588682
126582,0.0544636,0.592746
125935,0.0499407,0.573109
122127,0.0593455,0.570529
128594,0.0547528,0.578371
114275,0.0459041,0.598692
131477,0.0509078,0.582087
130659,0.0499999,0.590855
119912,0.0516918,0.578211
126286,0.0486575,0.578849
131721,0.0556464,0.610419
134915,0.0532809,0.58515
131242,0.0543193,0.585014
126991,0.0533857,0.57947
124726,0.0523075,0.583459
125728,0.051989,0.586953
128850,0.0497068,0.576391
126466,0.0549907,0.579512
124722,0.0564125,0.579721
128521,0.0514392,0.592977
123971,0.0473845,0.593441
127440,0.0519339,0.574027
126141,0.0445127,0.576926
129008,0.0554223,0.583782
124883,0.0528448,0.576404
133413,0.0500749,0.606016
132253,0.052389,0.595809
126784,0.0504705,0.579896
132217,0.0487955,0.596474
130768,0.0510302,0.583575
129283,0.0513749,0.582896
125448,0.0526745,0.582512
131258,0.053623,0.593465
128313,0.0534354,0.592446
117211,0.0552702,0.576682
122868,0.0498213,0.591679
125154,0.044465,0.581584
130459,0.0552322,0.576902
124186,0.0530869,0.585569
126781,0.0581248,0.578844
129907,0.0519142,0.57784
129719,0.0517792,0.589628
128575,0.0550477,0.586646
119802,0.0498622,0.577907
129721,0.0556068,0.586548
128307,0.0551264,0.59153
128268,0.0497616,0.591632
125706,0.0513608,0.576858
127330,0.0504786,0.578595
130314,0.0477071,0.580348
121708,0.0498292,0.579604
131600,0.0489869,0.593158
127238,0.0491712,0.601003
123044,0.0559208,0.582328
126681,0.0504471,0.593104
121281,0.0598267,0.586069
126655,0.0528251,0.599313
132396,0.0544643,0.594184
128657,0.0543518,0.577275
122866,0.0510409,0.58447
129189,0.0502722,0.581067
127681,0.0552002,0.570598
129566,0.050868,0.587006
123107,0.052879,0.574472
129683,0.0524199,0.5758
117303,0.0473687,0.584401
124715,0.0530379,0.560931
123527,0.0524128,0.579606
122553,0.0532005,0.577999
121018,0.0509247,0.585954
128362,0.0496587,0.569935
120291,0.0525761,0.584375
129510,0.0501668,0.587846
136059,0.05485,0.599879
129542,0.0521603,0.588578
121955,0.054541,0.586159
132561,0.0572108,0.575656
128211,0.0530774,0.568457
129258,0.0489259,0.57796
130935,0.0490318,0.583931
118198,0.0491214,0.580758
131607,0.0503395,0.59014
129440,0.0476619,0.582861
116693,0.0487294,0.564837
126485,0.0524572,0.585829
121973,0.047492,0.588216
124872,0.0513323,0.594629
126861,0.0524876,0.585676
125614,0.0512495,0.575577
122505,0.0477264,0.578221
128621,0.053385,0.59105
132761,0.0510976,0.584098
131886,0.0523037,0.59123
130546,0.0523767,0.58867
126677,0.0511253,0.586148
124064,0.0514959,0.58419
126823,0.0492175,0.570949
129067,0.0485277,0.574105
125271,0.0562674,0.581803
125974,0.0480303,0.577178
131200,0.0531492,0.595621
115292,0.0523159,0.586758
128414,0.0493671,0.573131
120417,0.0521208,0.581961
125036,0.047857,0.566669
126632,0.0519788,0.58206
126164,0.0493678,0.575057
117887,0.0525638,0.578024
114678,0.0490837,0.573131
124973,0.0513951,0.588903
125808,0.0562328,0.583345
104341,0.051141,0.568223
127731,0.0534232,0.576607
130262,0.0461837,0.598927
134850,0.0569814,0.587946
121216,0.0541081,0.586032
128678,0.0542201,0.590727
119386,0.0565742,0.582032
131936,0.0509245,0.569409
119720,0.0510616,0.572845
129118,0.0471941,0.583683
126392,0.0514969,0.582565
133523,0.0470375,0.597021
105653,0.0527524,0.570703
120687,0.0489488,0.56741
134774,0.0566773,0.590674
121284,0.0471957,0.585011
127583,0.049549,0.594926
123979,0.0595122,0.570713
132067,0.0510685,0.588266
127555,0.0527177,0.576124
127941,0.0551392,0.586216
128654,0.0552219,0.580981
130665,0.0495937,0.593285
130314,0.0558301,0.595282
125995,0.0505698,0.591135
117707,0.0513435,0.557354
131575,0.0491216,0.588033
124073,0.0492834,0.589842
127967,0.0479729,0.582365
130910,0.0561137,0.594443
93725.3,0.0520982,0.578943
122732,0.0503268,0.570189
115829,0.0516587,0.584806
122654,0.0528223,0.591131
128632,0.0491782,0.591742
125806,0.0578482,0.578073
127456,0.0491468,0.588407
121987,0.0602014,0.567983
128040,0.0547041,0.592659
124442,0.0549355,0.58281
130055,0.0485984,0.5895
126940,0.0513118,0.576536
126208,0.0532366,0.599542
123427,0.055608,0.575867
124728,0.0503805,0.589872
124699,0.0539062,0.588766
124921,0.0484033,0.593503
124512,0.0533345,0.595244
118182,0.0488705,0.589028
108167,0.0543672,0.566943
113043,0.0554614,0.577643
131764,0.051689,0.588727
126836,0.0564294,0.583336
118773,0.0505027,0.57548
118462,0.051546,0.573652
125314,0.0530173,0.585422
127507,0.0506173,0.58696
132352,0.0478713,0.582526
127763,0.0540664,0.58286
124210,0.0534227,0.590118
131202,0.0518342,0.575045
120818,0.0503807,0.581772
129599,0.0579658,0.593982
124991,0.0554055,0.577558
126090,0.0490859,0.599663
127525,0.0544467,0.598094
127456,0.0561137,0.586602
115410,0.0535263,0.596244
129720,0.0561867,0.579275
127887,0.054622,0.592019
130940,0.051551,0.593577
124506,0.0513941,0.577803
132389,0.0498967,0.598596
125664,0.0537611,0.579748
121224,0.0510967,0.587874
122805,0.054784,0.586222
126011,0.0498887,0.577605
115582,0.0517434,0.587276
126126,0.0490254,0.578544
123180,0.0501571,0.572183
127096,0.0516076,0.585935
131622,0.0548011,0.586007
125955,0.0471372,0.580172
123613,0.0536365,0.576473
128389,0.0506006,0.583667
126705,0.0536518,0.588655
120192,0.0485461,0.579348
126791,0.0545958,0.579398
133404,0.0530159,0.594255
128498,0.0506344,0.585383
132789,0.0522004,0.577115
131488,0.0525451,0.580019
129186,0.0573475,0.576967
127650,0.0491279,0.580987
117173,0.0517494,0.580343
133754,0.0542983,0.57962
124486,0.0533216,0.584957
125537,0.0524691,0.58096
127761,0.0477837,0.58975
120954,0.0521105,0.571416
133133,0.0515964,0.594064
126556,0.0487726,0.582489
127055,0.0456182,0.579705
125345,0.0522325,0.570565
126850,0.0488718,0.577189
127048,0.0506129,0.594873
132039,0.0512025,0.592064
129052,0.0526399,0.585252
127405,0.0470265,0.594765
125003,0.0499567,0.588066
128115,0.0494918,0.578929
131760,0.0516041,0.590472
116434,0.0528988,0.568279
130842,0.0537519,0.593032
119382,0.0510072,0.590353
128001,0.0501599,0.602034
126105,0.0500886,0.580901
122018,0.0559964,0.570006
123072,0.0561864,0.587807
125532,0.0526882,0.578271
125215,0.0502828,0.582462
128944,0.0528649,0.572442
122998,0.0571278,0.588741
132166,0.0541972,0.592615
130335,0.0540084,0.588595
125822,0.0492493,0.591403
118963,0.049343,0.580495
124366,0.0543021,0.595223
131382,0.0480681,0.580624
129160,0.0516485,0.587303
125953,0.0482633,0.583721
128316,0.0475252,0.586404
124595,0.0575188,0.574963
130516,0.0534865,0.599333
126212,0.0525461,0.578138
130720,0.0552819,0.578263
128426,0.0515501,0.577515
123727,0.0547464,0.584808
133435,0.0560942,0.589381
134650,0.0514832,0.593019
121536,0.0535144,0.581462
125564,0.0491729,0.581871
120642,0.0530359,0.575583
123695,0.0521739,0.580586
126119,0.050661,0.573193
122020,0.0536759,0.581179
120833,0.0481094,0.585693
125458,0.0477513,0.590265
127078,0.0512292,0.582756
128250,0.0570223,0.581119
125850,0.0498802,0.579035
126912,0.0488064,0.604643
123693,0.044955,0.579208
125402,0.0526796,0.573759
127479,0.0471203,0.580429
126154,0.0563684,0.572348
126566,0.0557603,0.58206
127337,0.051869,0.583848
127594,0.0516478,0.585502
122655,0.0494001,0.570507
126532,0.0485062,0.581422
127697,0.0552553,0.581509
126823,0.0523474,0.576398
124828,0.0576316,0.572027
131300,0.0445383,0.587715
127518,0.0520858,0.567304
127114,0.0513654,0.583641
128248,0.0462968,0.58438
114052,0.0496818,0.582914
134164,0.0515521,0.591146
127412,0.0456371,0.576904
128917,0.0569878,0.576627
124934,0.0553881,0.589803
126984,0.0530718,0.575675
125592,0.0581729,0.592486
123131,0.0503638,0.584593
124749,0.0518734,0.586582
123455,0.0513001,0.593985
126145,0.05127,0.581054
126055,0.0584567,0.575772
118282,0.0541694,0.590487
129096,0.055699,0.579015
126893,0.0529807,0.571229
118905,0.0529442,0.585858
121487,0.0462769,0.580165
124617,0.05241,0.569565
133139,0.0517958,0.586444
125797,0.0529262,0.582728
131586,0.0495623,0.599999
103850,0.0498306,0.568647
126530,0.0525868,0.584241
126937,0.051497,0.579701
127623,0.055807,0.568538
130589,0.057107,0.580168
123627,0.0503834,0.584803
125586,0.0490468,0.597148
129367,0.0509434,0.573674
129374,0.0571346,0.595653
122991,0.0483733,0.581924
130818,0.0484559,0.604206
127871,0.0494386,0.584476
125601,0.054343,0.58023
120319,0.0467059,0.577045
124096,0.049432,0.582057
112842,0.0476795,0.565485
123012,0.0470237,0.571558
115599,0.0505524,0.571649
123920,0.0496051,0.571425
128334,0.0463189,0.584389
124293,0.0537213,0.59196
119872,0.0462816,0.572339
130481,0.0497744,0.585097
132471,0.0548146,0.574386
133627,0.0547146,0.585009
124663,0.0473397,0.588799
131228,0.0519826,0.576161
130077,0.0566492,0.589016
130168,0.0508898,0.576893
133897,0.050812,0.579441
128201,0.0499039,0.579032
122684,0.0531652,0.583389
116314,0.0502359,0.573052
122443,0.0560772,0.587494
129370,0.0485545,0.587172
126400,0.0522576,0.573185
126391,0.0487433,0.583384
131980,0.0542305,0.595957
128717,0.0516148,0.583043
47228,0.0550163,0.574087
126472,0.0539547,0.586015
130651,0.0499465,0.57181
127735,0.0503576,0.58922
128949,0.0558011,0.591944
128751,0.0506954,0.593708
130045,0.0494098,0.58424
124657,0.0476629,0.587833
123407,0.0463355,0.586511
126516,0.054626,0.580982
124932,0.0522297,0.596452
122351,0.0607973,0.571818
118592,0.0544986,0.569735
121936,0.0518038,0.577553
127980,0.0476162,0.573938
115505,0.0538398,0.581157
132756,0.0481714,0.582892
131736,0.0502033,0.581128
130343,0.0532969,0.582732
122107,0.0481648,0.582104
115569,0.0538053,0.581414
128387,0.0476726,0.584269
127627,0.0498236,0.568873
119934,0.0530413,0.576109
120150,0.054516,0.587549
130985,0.0602529,0.576245
122713,0.0558085,0.583658
132191,0.0547052,0.574305
128511,0.0541244,0.575293
124036,0.0582709,0.60603
129544,0.0504577,0.573936
120522,0.0518537,0.573787
119211,0.0546458,0.572292
128840,0.0517319,0.577154
123503,0.0495486,0.574695
129391,0.0465892,0.575929
123958,0.0471579,0.592334
121931,0.0567811,0.565045
126251,0.0487639,0.585971
132291,0.0531614,0.588592
124825,0.055096,0.574272
126258,0.0503924,0.574114
126205,0.0439689,0.576233
126177,0.0524635,0.588788
128451,0.0522824,0.582008
119312,0.052332,0.584183
127293,0.0480431,0.586525
128934,0.0477411,0.585745
132328,0.0517592,0.585964
114488,0.0449547,0.585454
123172,0.0546498,0.58396
123662,0.0536758,0.563334
125659,0.0576221,0.568634
118537,0.0535491,0.571674
122780,0.0485678,0.585918
125920,0.0508433,0.580507
124399,0.0529951,0.586681
126857,0.0605172,0.590078
132188,0.0526087,0.586827
126504,0.0539264,0.592949
126643,0.0519673,0.563178
127410,0.0498415,0.587775
127283,0.0503269,0.586084
131257,0.0485261,0.581687
126033,0.0496832,0.598062
125244,0.0606352,0.587924
127184,0.0551145,0.570209
122633,0.0539917,0.573643
128036,0.048844,0.592697
123279,0.0525224,0.569687
129932,0.0497622,0.588096
114777,0.0549996,0.586607
129421,0.0511265,0.582313
121189,0.0478627,0.589009
121500,0.0496082,0.578827
124629,0.0491186,0.572459
127159,0.0536675,0.585495
131135,0.0491699,0.581359
123669,0.0470604,0.591102
128142,0.0528734,0.585097
116028,0.049512,0.584126
118199,0.0579241,0.576172
130504,0.0513045,0.578615
121357,0.0490275,0.57747
124598,0.0493146,0.574941
123764,0.0503535,0.578799
121450,0.0499555,0.581848
128452,0.0531212,0.58047
120758,0.0530337,0.581929
124779,0.0503529,0.576174
117636,0.0555807,0.580337
131639,0.0554111,0.580273
126367,0.0541955,0.599658
126081,0.044963,0.580916
122201,0.055876,0.570617
127157,0.0480683,0.588831
116787,0.0525314,0.579654
127462,0.0506622,0.589666
129876,0.0544109,0.593135
118527,0.0474943,0.584854
129146,0.052722,0.58092
126033,0.0540419,0.58088
131798,0.0515277,0.5918
120069,0.0516964,0.571938
131186,0.0543166,0.582421
127619,0.0520114,0.568916
121692,0.0530172,0.588548
125646,0.0508239,0.584185
126043,0.0557652,0.578473
131242,0.0495756,0.577803
124699,0.0504637,0.56822
120652,0.0487238,0.571246
127561,0.0538168,0.59365
119214,0.0519648,0.584717
117100,0.0510953,0.578988
114551,0.0501141,0.595001
122641,0.0535679,0.574119
124856,0.0487557,0.588138
114700,0.0557393,0.591512
132490,0.0550779,0.578429
131929,0.0518825,0.586437
127837,0.0493866,0.576284
119048,0.0528049,0.589645
126326,0.0507578,0.578404
121547,0.0491497,0.582124
122891,0.0565699,0.58086
120104,0.053415,0.573424
130379,0.0570185,0.583564
128729,0.0553408,0.593592
119281,0.0501263,0.578118
122666,0.0576329,0.591887
120181,0.0457866,0.5692
134540,0.0474696,0.585465
133066,0.0587689,0.593435
130854,0.0507413,0.591908
126737,0.0493796,0.601679
122930,0.0523268,0.569214
124187,0.0476368,0.58697
127690,0.0547159,0.599048
123228,0.0483522,0.583191
128197,0.0498253,0.583352
118760,0.0527607,0.585849
127961,0.0528624,0.583889
128357,0.0494156,0.588526
126669,0.0483988,0.591767
130349,0.0542923,0.590656
131802,0.0469993,0.592028
125698,0.0528451,0.568891
58426,0.0577163,0.60153
130047,0.0514381,0.594235
122764,0.0476262,0.580467
130378,0.0482582,0.584592
125777,0.0575861,0.575316
125112,0.0519705,0.579705
127294,0.0539656,0.59506
125487,0.0515958,0.58177
125993,0.050057,0.58837
120796,0.0546399,0.590189
133661,0.0471858,0.602966
127839,0.0495939,0.572693
122715,0.0538277,0.58153
132116,0.0495154,0.596075
124032,0.047197,0.580503
128114,0.0527282,0.579031
126557,0.0506159,0.597
124755,0.0554231,0.578113
125899,0.0484244,0.583201
121024,0.0477856,0.588776
129273,0.0485947,0.58414
124851,0.0517685,0.586147
123872,0.0519553,0.585496
124511,0.0485919,0.56742
123088,0.0509611,0.567956
123547,0.0497552,0.584531
125914,0.0521457,0.599341
128248,0.0460019,0.589611
129422,0.0501732,0.57476
126502,0.0518243,0.582157
130729,0.054735,0.590332
116111,0.0489925,0.590762
109801,0.0561202,0.580532
129525,0.049036,0.580216
130133,0.0506942,0.576606
126057,0.0547937,0.597412
125449,0.0569331,0.596732
126845,0.0517724,0.595179
130855,0.0545474,0.595297
122496,0.0504169,0.595265
120817,0.0515345,0.574791
120543,0.0546207,0.572762
126266,0.0474906,0.588888
114849,0.055269,0.578342
123058,0.050585,0.581754
125092,0.0525277,0.572543
135108,0.0524763,0.589806
122292,0.0506194,0.578947
128347,0.0480661,0.583866
127903,0.0495658,0.579146
127747,0.0503103,0.579939
126658,0.05322,0.574133
126209,0.0531402,0.568292
126754,0.0496553,0.586384
125396,0.0475228,0.581609
126959,0.0522459,0.587974
109413,0.0538096,0.573848
131431,0.0497163,0.584634
127344,0.0474497,0.595018
132982,0.0524939,0.593189
125476,0.0561865,0.581916
123598,0.0516056,0.578856
127589,0.0522546,0.57786
123755,0.052712,0.5835
125145,0.0521219,0.587918
123263,0.0543923,0.582247
127404,0.0520534,0.596861
127323,0.0516896,0.588915
113337,0.0509566,0.577243
128994,0.0465196,0.599272
102472,0.0466229,0.581983
129634,0.0499486,0.567995
130716,0.0548316,0.580881
127681,0.0493768,0.580607
125217,0.0505049,0.593135
124906,0.0486454,0.586997
124744,0.0530612,0.582264
126419,0.0479727,0.569483
131826,0.046239,0.590335
120894,0.0533337,0.576468
134268,0.0499035,0.591247
130341,0.0505091,0.588813
126571,0.0511567,0.594413
127368,0.0516101,0.572043
122983,0.0490551,0.590252
124796,0.0551056,0.593452
123613,0.0551506,0.565082
126553,0.0500841,0.582187
127525,0.0535835,0.580494
123424,0.0474311,0.578874
128366,0.0542571,0.585626
129602,0.0525105,0.587333
131291,0.0505679,0.572069
135211,0.0494093,0.589479
119022,0.0511057,0.575671
130160,0.0462025,0.594146
125407,0.048386,0.590457
109685,0.0529326,0.581429
96491.3,0.0549254,0.578121
130272,0.0515026,0.582888
125438,0.0581102,0.581965
131189,0.0548821,0.573798
131099,0.0493723,0.588715
120980,0.0533149,0.581935
121179,0.0509672,0.565841
133797,0.0491265,0.587289
119556,0.0529213,0.580234
122970,0.0546604,0.578356
129302,0.0508549,0.59472
130533,0.0528803,0.57847
133896,0.0542194,0.590081
126873,0.0569907,0.561412
127742,0.0473471,0.577895
122913,0.0542316,0.57714
127902,0.0486207,0.58684
121401,0.0540226,0.580922
115837,0.0539123,0.585188
128333,0.0544435,0.576395
121560,0.0494114,0.594135
116836,0.0525528,0.581948
127001,0.0451818,0.571314
125260,0.0484673,0.58274
128661,0.0546789,0.583903
126850,0.0510698,0.576472
125022,0.0473111,0.582085
124554,0.0517371,0.582486
124844,0.0505671,0.572575
127962,0.0478208,0.585647
128576,0.0568169,0.590888
119568,0.0604069,0.585579
124620,0.049697,0.582009
119903,0.0543321,0.58124
125048,0.0522975,0.59508
129503,0.0495915,0.593855
121814,0.0540174,0.571987
104529,0.0505048,0.584867
119263,0.0520697,0.583965
122056,0.0498821,0.584416
125967,0.0546258,0.583633
125572,0.0485984,0.58701
128838,0.0535904,0.585499
117712,0.0517365,0.57241
125156,0.0473614,0.580831
129037,0.05575,0.584472
121894,0.0474967,0.593294
124580,0.0547117,0.570569
105057,0.0525178,0.583302
129494,0.0550019,0.594012
130433,0.0537467,0.59695
119449,0.0510509,0.581959
127979,0.0516501,0.581338
120715,0.0498088,0.574696
132943,0.0472671,0.585146
118503,0.0544215,0.569648
120642,0.0499662,0.58422
128591,0.0495465,0.591476
129671,0.0545012,0.583866
123051,0.0508327,0.582311
130467,0.05137,0.588574
118877,0.0537172,0.584697
125265,0.0505727,0.578234
127731,0.0533839,0.576751
125447,0.0488332,0.595084
135451,0.0537299,0.582487
55431.3,0.0605323,0.587983
133365,0.0512787,0.584257
126503,0.0486177,0.5975
123782,0.0518598,0.577402
121832,0.0464044,0.582725
121351,0.0553055,0.5766
111956,0.0546448,0.572261
132278,0.0503339,0.58419
121086,0.0515873,0.589346
130959,0.0519957,0.586287
125659,0.0477168,0.595743
130927,0.0516124,0.577158
129035,0.0579564,0.584004
129836,0.0534824,0.582454
125319,0.053009,0.591642
126072,0.0507239,0.568385
125224,0.0517942,0.583925
122962,0.0490181,0.585356
132421,0.0553273,0.584265
124881,0.0506541,0.571676
126998,0.0526255,0.583801
131359,0.0500308,0.584246
117557,0.0505334,0.575483
128345,0.0495476,0.571756
122603,0.0534468,0.581817
126562,0.0504203,0.578519
131070,0.0486989,0.591615
109851,0.0518482,0.570905
127528,0.0487574,0.573521
127819,0.0514872,0.568785
123225,0.0496679,0.57905
129247,0.0517444,0.585634
107941,0.0555448,0.580887
133805,0.0511522,0.594499
125107,0.0578214,0.581159
123393,0.0513585,0.577484
120868,0.058433,0.563673
125545,0.052057,0.589418
123377,0.0515538,0.589409
131113,0.0536876,0.603361
121017,0.0501546,0.577679
128010,0.0534947,0.573119
127762,0.0498101,0.582243
126051,0.0538816,0.592708
129110,0.0520042,0.579692
125788,0.0500787,0.567216
125780,0.0511418,0.585065
123898,0.0542115,0.589545
131477,0.0517411,0.566609
123210,0.0544201,0.574953
126924,0.0492524,0.570479
130881,0.053032,0.586231
121644,0.057036,0.578939
122195,0.0499357,0.591575
128128,0.0535309,0.578406
129815,0.058227,0.59938
126551,0.0491384,0.576364
133709,0.0505977,0.588498
129362,0.0514018,0.576765
125118,0.0548568,0.595138
128629,0.0511281,0.577176
133268,0.052789,0.581107
119911,0.0515775,0.579079
128571,0.0490515,0.587586
129023,0.0466498,0.577331
120993,0.0515324,0.581873
128472,0.0594718,0.580916
128540,0.048583,0.595865
125956,0.0536268,0.576467
127687,0.0519263,0.578896
117323,0.0483695,0.572616
125421,0.0522225,0.590714
125011,0.0534385,0.595151
121734,0.04619,0.585625
128139,0.0509469,0.587534
127382,0.0444452,0.58248
128829,0.052505,0.581065
125608,0.0554395,0.577571
134305,0.0502276,0.590637
119256,0.0507507,0.579774
113133,0.0509924,0.586155
131383,0.0553106,0.592478
129301,0.0469989,0.597091
119586,0.0519934,0.575477
128284,0.0480154,0.582333
124631,0.0504339,0.579708
122594,0.0513644,0.581782
130454,0.0444019,0.585287
130913,0.0513482,0.588887
122898,0.0539328,0.572926
132897,0.0536515,0.579934
121309,0.0532448,0.575023
124622,0.0547332,0.587998
122671,0.0481907,0.580679
127827,0.0553122,0.57942
126151,0.0480638,0.569029
119252,0.0596356,0.592724
112831,0.0572693,0.59625
121434,0.0489613,0.568494
125006,0.0523242,0.589055
131557,0.0540082,0.594761
122179,0.0516528,0.592929
129252,0.049678,0.578626
109681,0.0507021,0.590212
127796,0.0522007,0.574908
127343,0.0516104,0.586295
122040,0.0525269,0.58507
126848,0.0493807,0.58023
122305,0.048888,0.590871
123563,0.0546971,0.580591
133397,0.051196,0.583881
125056,0.0528985,0.582567
125584,0.0499425,0.57847
125683,0.0515177,0.592534
127483,0.0537507,0.577681
126654,0.0503286,0.580143
130751,0.0518702,0.57668
130886,0.050611,0.602903
123148,0.0498048,0.587639
121917,0.0520894,0.580744
94410.3,0.0546524,0.578312
120434,0.0553562,0.572193
132738,0.0505585,0.583209
120435,0.0536869,0.570075
125993,0.0602192,0.575671
122038,0.049319,0.579307
130936,0.0481786,0.589085
126738,0.0579495,0.575423
128143,0.0528128,0.586419
126144,0.0526225,0.58061
131886,0.0484594,0.583925
125486,0.0514933,0.590038
122363,0.0519766,0.59368
126292,0.0533493,0.587389
126844,0.0541773,0.598581
125510,0.0499403,0.576329
124026,0.0541947,0.56899
126880,0.0483085,0.590345
128482,0.0531938,0.598803
118376,0.052999,0.579522
129592,0.0525214,0.588589
127039,0.0539046,0.599741
130832,0.0470628,0.571221
132638,0.0561519,0.589446
120687,0.0500398,0.582221
116135,0.0488221,0.585594
129944,0.0485046,0.59147
123523,0.0493509,0.589048
121469,0.0486014,0.569553
122235,0.0469583,0.583372
126707,0.0517618,0.591222
132556,0.05419,0.578122
132659,0.0469007,0.576802
125372,0.0502609,0.580644
130694,0.0519951,0.570937
122962,0.0528367,0.577463
125111,0.0526676,0.595187
128375,0.05194,0.580024
130370,0.0459808,0.583907
130499,0.0516261,0.599518
116601,0.0548466,0.580278
127181,0.054135,0.582623
127108,0.0569953,0.581478
131247,0.0450264,0.576063
125452,0.049309,0.58202
129552,0.0519832,0.58996
126050,0.0518621,0.571924
124463,0.0550646,0.580269
122678,0.0529836,0.588276
131832,0.0453018,0.595975
124862,0.0549637,0.574262
127293,0.0526412,0.576815
125039,0.0539039,0.570038
119310,0.0507082,0.581963
117219,0.0482625,0.58682
130932,0.0540784,0.597742
121535,0.0561558,0.578903
125457,0.0507288,0.580721
129807,0.0504933,0.577469
115933,0.051356,0.591174
127875,0.0483477,0.575871
121535,0.0521119,0.581446
125923,0.052308,0.581542
126961,0.0468042,0.59291
130103,0.0511946,0.57624
124820,0.0513546,0.592762
127499,0.0413193,0.583346
131977,0.0515961,0.575077
128344,0.0454469,0.591122
132141,0.0493402,0.589041
127005,0.0504237,0.592445
131720,0.0515462,0.589493
121110,0.0541738,0.580774
125100,0.0521337,0.593201
128595,0.0501009,0.583541
122001,0.0553947,0.586339
127488,0.0490734,0.599068
120928,0.0502419,0.593068
130443,0.054873,0.607196
125651,0.05132,0.586824
129330,0.0497011,0.593525
131907,0.0524719,0.59073
128883,0.0537927,0.581822
115569,0.0514912,0.585685
129931,0.0508434,0.581278
125937,0.0548768,0.575939
109042,0.0534213,0.585857
130745,0.0481572,0.593659
132072,0.0463556,0.581456
127794,0.0493697,0.578403
127730,0.0503069,0.576352
130214,0.0530013,0.58251
129183,0.0537933,0.58046
125126,0.048444,0.580027
126976,0.0521877,0.580031
133824,0.0511255,0.591781
127858,0.0500882,0.579455
132271,0.0504515,0.58255
128420,0.0485421,0.58879
121454,0.0572262,0.577845
115912,0.0462754,0.581376
129968,0.0465005,0.579093
125080,0.0545922,0.586213
118359,0.0473824,0.584738
127526,0.0524674,0.598478
130559,0.0509889,0.578784
129230,0.0458419,0.589426
128565,0.0555531,0.587193
131626,0.0553077,0.595555
127118,0.0495842,0.583674
121081,0.0512337,0.583593
129713,0.055638,0.578982
127662,0.0533773,0.583584
128086,0.0526769,0.580879
130040,0.0510537,0.578526
122650,0.0513794,0.590244
117053,0.0460805,0.582138
117722,0.0499994,0.580592
123905,0.0494334,0.588358
128592,0.0517517,0.581008
131775,0.0500424,0.580983
113812,0.0520406,0.582193
122753,0.0540876,0.57845
131807,0.0525317,0.576616
123597,0.0500687,0.577566
127754,0.0552677,0.58977
121822,0.0543948,0.569942
125924,0.0548999,0.586354
124288,0.0523504,0.584232
124155,0.0505668,0.579989
124944,0.0527436,0.59267
123329,0.0481046,0.57467
126721,0.0484056,0.583345
126067,0.0515969,0.576495
118991,0.0498026,0.568366
125087,0.0524208,0.580552
124399,0.0576482,0.587983
125321,0.0524509,0.59737
131807,0.0523654,0.584146
127450,0.0546773,0.573899
120329,0.050307,0.589156
125406,0.0531722,0.586834
126791,0.0536861,0.587995
120254,0.0512562,0.580417
124473,0.0520392,0.57592
122761,0.0497441,0.581284
127250,0.0529468,0.589607
126744,0.0509365,0.572994
127377,0.0497128,0.58184
127029,0.0472589,0.579194
127992,0.0496792,0.581408
122417,0.0535519,0.583746
128464,0.0512524,0.586452
135350,0.0516148,0.598633
127631,0.05284,0.581007
115644,0.0553723,0.566363
112869,0.0491272,0.575862
128954,0.0508887,0.590889
129195,0.0534069,0.598386
132905,0.0525999,0.587491
116329,0.0486048,0.590184
130264,0.0548751,0.588393
124527,0.0548637,0.575976
123885,0.0502008,0.568983
124544,0.0576736,0.58279
131177,0.0487794,0.580208
122453,0.0560539,0.572125
123338,0.0474532,0.58184
117374,0.0563914,0.589377
128474,0.0484878,0.585679
129973,0.0532409,0.589169
124452,0.0484035,0.580774
119402,0.0528372,0.570958
130269,0.0595815,0.582871
131493,0.0511142,0.599717
122118,0.0483377,0.590588
123097,0.0493747,0.578113
128966,0.0500036,0.582297
130318,0.057215,0.582816
129147,0.0509782,0.582402
124276,0.0477634,0.58706
126494,0.0494457,0.58155
131489,0.0494802,0.593346
121206,0.0479341,0.586328
128121,0.0486702,0.585708
127824,0.0483995,0.58897
128824,0.0534762,0.59057
127253,0.0511305,0.579141
133562,0.0535228,0.596285
128212,0.0541801,0.588186
123232,0.053009,0.572591
121213,0.0527036,0.572773
120137,0.0539012,0.586601
130382,0.05141,0.587569
127800,0.0530254,0.583713
107905,0.0554449,0.584366
126734,0.0495008,0.575075
123836,0.0480456,0.586715
125050,0.053523,0.600168
126144,0.0532561,0.584205
127783,0.056777,0.582327
126450,0.0476965,0.579703
129727,0.0516673,0.581964
127594,0.0512464,0.579255
120084,0.0513012,0.576942
128678,0.0554768,0.58531
111587,0.0499283,0.578477
128447,0.0496792,0.583996
128152,0.0515822,0.586058
124625,0.0525306,0.586191
117406,0.0466105,0.577948
134617,0.0521014,0.589851
124815,0.0510877,0.597677
119552,0.0490406,0.583378
127264,0.0492977,0.587562
122573,0.053937,0.593316
126783,0.0527965,0.572605
125025,0.047919,0.577056
114725,0.0578082,0.576383
122769,0.0463628,0.584346
132386,0.0519618,0.589322
130522,0.057735,0.582894
130626,0.0510223,0.598881
125524,0.0516695,0.580602
129257,0.0458306,0.584499
130876,0.0493372,0.587793
128536,0.0486036,0.583055
130341,0.045027,0.582656
124308,0.0494702,0.585706
119205,0.0507829,0.581423
124198,0.045819,0.577586
124474,0.0490358,0.585098
122872,0.0490344,0.579843
128805,0.0547745,0.588817
128082,0.0504435,0.585082
129679,0.0527207,0.58641
122004,0.0476329,0.565592
137216,0.0525397,0.595087
123871,0.0542963,0.576741
128154,0.05366,0.571801
129059,0.0474364,0.572866
123414,0.0471548,0.572468
127105,0.0546707,0.574572
130085,0.0458459,0.582308
122884,0.0567052,0.580808
130013,0.0475851,0.587184
124522,0.0595044,0.571822
130511,0.050445,0.596536
133778,0.0518884,0.590004
129331,0.0521856,0.580623
125767,0.0491859,0.580363
131562,0.0521088,0.592842
130037,0.0455013,0.577151
120227,0.0523109,0.573582
125879,0.0521511,0.588411
124556,0.0566298,0.57617
125417,0.052195,0.582856
132555,0.0491282,0.597409
125686,0.051795,0.577475
125735,0.0499585,0.576061
133352,0.0530981,0.598098
129139,0.0509693,0.582729
125719,0.0517937,0.587974
130459,0.054867,0.579178
129144,0.0567693,0.585157
124567,0.0498043,0.590694
123237,0.0506842,0.586439
124458,0.0581574,0.580646
125058,0.0480049,0.592225
127551,0.0530527,0.574942
110814,0.0494018,0.592745
130011,0.0517173,0.586693
120403,0.050865,0.564409
125948,0.0512284,0.593837
129170,0.056408,0.572869
114581,0.0526728,0.590229
133095,0.0509974,0.603602
121519,0.0472691,0.574416
122876,0.0587667,0.577651
125338,0.0551161,0.591716
128141,0.0507823,0.574305
21900,0.0678926,0.594155
123284,0.0510042,0.581482
119800,0.0542797,0.581732
127315,0.0500702,0.584868
127111,0.0510108,0.594181
132159,0.0461106,0.583414
125937,0.0558805,0.585455
122002,0.0490642,0.584027
126047,0.0487351,0.57475
127071,0.052269,0.576603
127318,0.0516874,0.58857
126479,0.0512708,0.586062
126769,0.0489961,0.591994
128161,0.0516674,0.577848
119062,0.0542271,0.590743
124083,0.051614,0.58728
119502,0.0545903,0.575652
128664,0.0527673,0.581223
135486,0.0489327,0.598486
123805,0.0559292,0.588563
115563,0.050567,0.58585
129972,0.0503333,0.581948
117639,0.0520791,0.573368
132815,0.0547429,0.596187
127308,0.0535305,0.584959
117163,0.0550678,0.586456
128100,0.0522192,0.586757
125902,0.0482891,0.581551
124920,0.0506179,0.573567
126783,0.0571673,0.593763
125562,0.0496367,0.57701
129205,0.0492072,0.578302
131147,0.0539265,0.597882
120444,0.0503538,0.578497
134451,0.0482189,0.587667
122558,0.043874,0.577792
97910.3,0.0555711,0.575687
126805,0.0477799,0.584823
121237,0.0494947,0.578479
126543,0.052197,0.589337
123844,0.0483818,0.581493
128932,0.0466656,0.580938
120718,0.0598831,0.582635
123941,0.0512249,0.575359
124257,0.0509137,0.584156
123426,0.0487372,0.576989
126443,0.0586813,0.571249
130466,0.0526015,0.575127
128928,0.0496542,0.586951
128819,0.0519875,0.575703
121861,0.0488576,0.578582
128774,0.0518401,0.595174
129960,0.0560076,0.592979
131246,0.0511868,0.591176
126333,0.0541474,0.579504
127313,0.0575519,0.584069
130152,0.0466509,0.581839
129137,0.0468358,0.579822
126269,0.0567791,0.579616
121204,0.0469945,0.583834
128274,0.0579418,0.584939
115733,0.054128,0.584392
129547,0.0508709,0.583591
121813,0.0571864,0.572267
130230,0.0482044,0.592893
128957,0.0492676,0.578968
126210,0.0551184,0.579791
127917,0.0503052,0.581424
128661,0.0509005,0.577071
125501,0.0531194,0.588199
125840,0.0574394,0.582609
123519,0.056828,0.581878
128299,0.0461976,0.581178
125815,0.0510371,0.592088
125507,0.0450211,0.583971
127513,0.0566007,0.581654
121767,0.0480869,0.590303
123516,0.0507265,0.591992
128779,0.0497439,0.586955
129379,0.0546879,0.590378
113019,0.056442,0.592772
130307,0.052105,0.586373
127014,0.0496361,0.592482
124863,0.0527928,0.570105
126003,0.0468407,0.574665
126101,0.0503799,0.57561
126309,0.0497131,0.592294
125959,0.0531337,0.5814
96289,0.0557889,0.587481
132535,0.0545025,0.592331
125727,0.0485558,0.590259
134637,0.0469103,0.583758
117194,0.0518743,0.579125
132507,0.0519846,0.59304
123071,0.0462081,0.575712
116391,0.0546601,0.567059
120535,0.053096,0.581234
96894.7,0.0520382,0.583049
129339,0.0516005,0.577884
132170,0.0518776,0.590296
109467,0.0498254,0.600099
127569,0.0502014,0.583253
123423,0.0523003,0.590579
131490,0.0588766,0.598939
130237,0.0521084,0.581306
129642,0.0559787,0.590754
123439,0.0487185,0.58563
125348,0.0512224,0.593432
129471,0.0513187,0.576511
128487,0.0463204,0.578747
111975,0.0530432,0.576579
128869,0.0502227,0.595989
120271,0.0481596,0.579246
119030,0.047479,0.588923
120913,0.0559239,0.578759
129679,0.0491858,0.589428
127218,0.05107,0.573857
127713,0.0489497,0.583288
128269,0.0538944,0.586186
123589,0.0472169,0.571236
130612,0.0529729,0.572964
125924,0.0546471,0.578845
128835,0.0519323,0.590907
119707,0.0530126,0.594881
123337,0.0474463,0.584638
129172,0.0554089,0.579557
125445,0.0503497,0.594372
128995,0.0493668,0.584468
124800,0.049602,0.580457
123945,0.0509274,0.570672
124323,0.0494358,0.575766
125243,0.0468962,0.590181
122000,0.0516202,0.580742
126007,0.0518774,0.582527
126739,0.0489983,0.584284
131195,0.0475277,0.587096
127180,0.0512785,0.587891
116636,0.0525652,0.589063
130039,0.0532056,0.570152
127580,0.0560215,0.577512
115273,0.0527265,0.577208
119139,0.0451057,0.586278
129668,0.051,0.583972
128223,0.0526203,0.567827
124225,0.0499104,0.587623
125897,0.046643,0.579839
127647,0.0483155,0.583339
120990,0.0536917,0.584139
127887,0.0510879,0.583222
124845,0.053692,0.58243
127021,0.0501823,0.577727
126903,0.0519923,0.587997
126798,0.0507432,0.589674
128561,0.0501481,0.590533
118600,0.0521734,0.584262
132154,0.0595216,0.584803
118408,0.0476369,0.58412
113302,0.0513435,0.572673
127783,0.0478423,0.567521
121074,0.0558467,0.589693
127442,0.0539472,0.575152
126202,0.0560763,0.572103
122380,0.0505735,0.567523
125237,0.0569242,0.593047
127251,0.0536577,0.578506
122032,0.0530598,0.568257
122621,0.0477694,0.585589
129833,0.0528288,0.572578
124592,0.0541667,0.576558
133521,0.054628,0.592289
131168,0.0490911,0.593315
119477,0.0475113,0.571688
117702,0.0460082,0.581388
122605,0.0495657,0.586628
127365,0.0583397,0.593852
136675,0.050604,0.589475
123911,0.0512708,0.580227
135347,0.0546102,0.592644
124183,0.0528108,0.564155
125125,0.0493608,0.574477
129552,0.0492625,0.581573
127749,0.0520417,0.580999
128600,0.0539272,0.582555
123843,0.0525973,0.574724
132467,0.0534012,0.581371
129387,0.0456782,0.579734
129159,0.0577374,0.591356
123193,0.0539638,0.59822
124448,0.0511252,0.581693
128066,0.0548717,0.576051
133642,0.0484659,0.586691
122369,0.0480725,0.597852
131972,0.0462278,0.5839
121869,0.0524361,0.598737
134996,0.0521988,0.587762
130964,0.0504088,0.582366
130271,0.0510297,0.577738
121697,0.0499481,0.580158
132566,0.0458637,0.584905
126546,0.0537115,0.596324
125281,0.055594,0.581289
126237,0.0522554,0.583228
122540,0.0536019,0.577934
125532,0.0514504,0.578709
122464,0.0507713,0.583114
126594,0.0494667,0.580525
124138,0.0497582,0.581679
129073,0.0509166,0.594977
125147,0.0492287,0.594269
131350,0.0516445,0.581485
127155,0.0514613,0.587283
123634,0.043876,0.588956
130680,0.0499041,0.583658
125476,0.0573988,0.571364
122653,0.0539902,0.587792
119261,0.0516829,0.595882
129165,0.051933,0.583397
124900,0.0568579,0.573695
127887,0.0518299,0.586178
125824,0.0545334,0.580032
128639,0.0503051,0.580388
128621,0.0541015,0.577079
128739,0.0541016,0.583021
131488,0.0493845,0.591354
128548,0.0492479,0.59358
129116,0.0527545,0.574317
131999,0.0486462,0.583341
124817,0.0491149,0.599706
127876,0.0554588,0.592351
124132,0.0498458,0.581397
119882,0.0518823,0.578948
131755,0.0543335,0.584725
120702,0.0500562,0.584501
132919,0.0508441,0.580094
120529,0.0487018,0.579591
131785,0.0487047,0.57247
124689,0.0503698,0.581715
133425,0.0531632,0.596039
130638,0.0492146,0.576949
126256,0.0512146,0.573589
112836,0.0492005,0.587786
127793,0.0505444,0.582892
130390,0.0527664,0.588622
124126,0.0535067,0.578022
124842,0.0530523,0.58705
127092,0.0476416,0.583715
129394,0.0491807,0.587805
123344,0.052294,0.579375
117475,0.050074,0.591173
133459,0.0554102,0.580474
121741,0.0508303,0.57831
128890,0.0517088,0.579436
116427,0.0493229,0.571706
128566,0.0438449,0.586978
124732,0.0481061,0.563889
125577,0.0525099,0.58064
131665,0.0491926,0.588167
129459,0.0519072,0.582424
121861,0.0518171,0.565283
131125,0.0554135,0.587447
132705,0.0507773,0.593191
116188,0.0489311,0.577775
127886,0.0529261,0.588704
119146,0.0514995,0.575919
131568,0.0504374,0.587704
127774,0.0479321,0.573168
126385,0.0473689,0.585793
130624,0.0539106,0.593356
124731,0.0515326,0.578297
127317,0.0548136,0.573462
135494,0.0515858,0.594897
131953,0.0541909,0.580699
125733,0.0489622,0.572399
127178,0.0524688,0.57607
125996,0.0487086,0.574491
131742,0.0563629,0.585698
116200,0.0533385,0.5738
117422,0.0490202,0.581599
127061,0.0523133,0.59157
125637,0.0547189,0.598669
120908,0.0489839,0.577191
122674,0.047993,0.582976
117053,0.0513449,0.582321
114340,0.0562442,0.596095
127457,0.0487478,0.563837
125015,0.050855,0.581118
132460,0.0518475,0.583655
124395,0.0566381,0.57727
125628,0.0479531,0.583552
129262,0.0518244,0.579215
127615,0.0490395,0.592277
130989,0.0522407,0.589229
125689,0.050155,0.582084
94938.3,0.0524492,0.593171
126732,0.0490052,0.571217
124617,0.0571424,0.579331
127524,0.0505198,0.606854
128208,0.0517331,0.582978
114959,0.0531993,0.574766
127435,0.0464155,0.589595
131555,0.0575919,0.598042
124619,0.0454254,0.590131
119877,0.0497475,0.582097
119032,0.0517688,0.589955
132162,0.0585089,0.596298
120620,0.0512115,0.578644
134637,0.052731,0.588795
123435,0.0513588,0.573359
128692,0.050243,0.574492
127396,0.0532847,0.576745
120287,0.051997,0.577365
115317,0.050483,0.582286
113812,0.0548355,0.574716
127711,0.0512217,0.604071
119347,0.0494413,0.573056
120203,0.0559053,0.602244
122382,0.0494545,0.579097
127507,0.0514853,0.582976
121121,0.0541356,0.577596
122099,0.0535537,0.588088
124870,0.0501866,0.570069
131338,0.0533462,0.582025
132308,0.0486469,0.588796
122969,0.0535918,0.577113
129428,0.0528776,0.582486
126829,0.05171,0.587432
126531,0.0563312,0.578155
123399,0.0493433,0.576573
128862,0.0538493,0.582379
120363,0.0502632,0.584756
123536,0.049562,0.593054
127809,0.0524037,0.572428
43498.3,0.0677448,0.593716
127553,0.0492911,0.593452
127919,0.0512253,0.583424
129263,0.0467564,0.585678
125144,0.0488706,0.571698
128219,0.0525134,0.590478
126779,0.0559301,0.588484
131506,0.0520542,0.58173
128784,0.0482678,0.59257
126448,0.0536559,0.584054
132625,0.0441913,0.591265
134895,0.0517982,0.596416
126355,0.0531738,0.585157
130077,0.0487733,0.587579
126638,0.0548991,0.591801
131726,0.0480971,0.586243
124562,0.0504664,0.585644
128218,0.0529754,0.583986
127213,0.0549379,0.577484
121089,0.0487857,0.578158
126560,0.0514552,0.586563
122634,0.0516709,0.577638
123179,0.0436099,0.575695
128550,0.0592971,0.577359
123907,0.0508688,0.581392
122354,0.0542414,0.576675
130315,0.0508305,0.571699
126324,0.0533665,0.582237
131262,0.0509919,0.592498
128704,0.0487049,0.578937
127354,0.0473685,0.599282
133473,0.0529772,0.582608
124962,0.0574988,0.586558
122703,0.0448883,0.584065
129797,0.0550996,0.582937
124387,0.0456288,0.589021
120349,0.0521197,0.586864
127674,0.0560207,0.582762
126423,0.0542923,0.580049
129582,0.0571476,0.575246
124757,0.0463145,0.605317
121599,0.053718,0.585223
125726,0.055824,0.570809
135678,0.051667,0.580426
122161,0.048174,0.579625
127780,0.0497818,0.57151
119829,0.0515684,0.577031
121103,0.0504903,0.584816
129378,0.0504759,0.584918
124278,0.0535021,0.571489
128361,0.0528531,0.581247
125768,0.0464633,0.57919
132243,0.0576522,0.592356
122947,0.0521521,0.572389
125071,0.0541856,0.590129
126800,0.0555294,0.586557
127795,0.0549814,0.594581
126625,0.0572099,0.57478
120405,0.0570479,0.595735
123733,0.0562521,0.582621
124436,0.0551525,0.588307
130101,0.0465583,0.573466
127412,0.0522193,0.59255
128720,0.0537335,0.58071
125043,0.0482179,0.576178
123533,0.0471541,0.577153
122502,0.0545925,0.576794
131972,0.0482443,0.589788
128594,0.0491492,0.58993
128754,0.0537416,0.590382
126469,0.0556915,0.580648
118582,0.0530092,0.577031
116594,0.0530656,0.582761
128736,0.0500691,0.577503
121245,0.0535794,0.598644
132560,0.0509565,0.58753
126207,0.0515713,0.592832
123129,0.0512109,0.57828
130331,0.0512807,0.576187
123574,0.0557818,0.571103
129192,0.0453391,0.585806
120538,0.0485779,0.56634
130190,0.0511116,0.582744
127378,0.0477329,0.581376
127111,0.0528308,0.588442
126770,0.0581366,0.578895
131722,0.0542563,0.59692
119275,0.0513858,0.582365
123092,0.0584181,0.579944
127330,0.0534846,0.585765
129647,0.0557409,0.576639
126239,0.0464354,0.598599
119744,0.0511175,0.596017
129130,0.054694,0.585972
122086,0.0534133,0.564987
126218,0.045141,0.586953
126822,0.0523157,0.580112
132198,0.0472351,0.578515
128397,0.0482826,0.591673
128911,0.054973,0.598401
127489,0.0481774,0.570578
125253,0.0584726,0.581827
122182,0.0562109,0.590189
119124,0.0512194,0.582515
120581,0.0584528,0.601036
129347,0.0544083,0.574416
132495,0.0495021,0.589648
126725,0.0502114,0.582667
122091,0.0505386,0.585698
131065,0.0457337,0.582677
127068,0.0537043,0.58211
127652,0.0532932,0.582267
133068,0.0498479,0.583138
128622,0.0526821,0.578178
131685,0.0524525,0.573266
130485,0.0542491,0.57843
123705,0.0493151,0.581387
124258,0.0508416,0.582787
132020,0.0507749,0.593316
127316,0.0524028,0.576416
122854,0.050329,0.581849
125165,0.052541,0.579255
128991,0.0512173,0.580924
126920,0.0506142,0.571194
125503,0.0483649,0.576213
130269,0.0528405,0.578215
135229,0.0517121,0.583725
131179,0.0514303,0.597199
122712,0.0492602,0.577885
131940,0.0514304,0.584163
130224,0.0543567,0.589304
124993,0.0566501,0.567428
121875,0.0536046,0.595582
127371,0.0510212,0.583277
128028,0.049179,0.584849
124095,0.0559113,0.587216
132023,0.0525786,0.578634
128956,0.0439262,0.599263
132780,0.0536148,0.58635
124424,0.0510975,0.576054
128934,0.0432354,0.582802
129861,0.0486805,0.59318
127335,0.055691,0.58202
121008,0.0507929,0.574057
119988,0.0529916,0.574295
125058,0.0518972,0.576049
115992,0.0504738,0.595782
119702,0.054143,0.59519
122011,0.0557426,0.590967
121747,0.0483968,0.580458
132867,0.0583333,0.5844
118855,0.0544726,0.573447
128987,0.0540001,0.586481
116957,0.0540788,0.584253
120652,0.054716,0.587392
126398,0.049614,0.586983
123510,0.0544295,0.56929
130974,0.0515415,0.584394
126846,0.0462255,0.581059
134895,0.0504615,0.598347
126986,0.0520063,0.589605
129395,0.0509527,0.589865
131682,0.0545899,0.58434
130369,0.0512177,0.585127
129700,0.0500951,0.582479
116615,0.0532116,0.582177
125375,0.053767,0.586676
129347,0.0537109,0.593817
73665.3,0.0558441,0.589703
128207,0.050089,0.577913
132326,0.0518112,0.594264
106235,0.0527404,0.565195
126524,0.0530211,0.581727
130399,0.0517474,0.582397
116362,0.0478044,0.580215
114626,0.0519642,0.579873
121804,0.0499839,0.581295
122489,0.0482371,0.581395
121626,0.0502059,0.580094
128141,0.0561651,0.573895
123378,0.0518169,0.590068
114679,0.0492477,0.593182
132446,0.0502438,0.589772
130596,0.0526041,0.594038
125007,0.0471737,0.591499
129066,0.0526431,0.569828
130887,0.0497984,0.59839
128736,0.056194,0.57005
124115,0.0499337,0.578178
123279,0.0482613,0.584804
120580,0.0480872,0.570377
123317,0.0549104,0.576713
130490,0.0487009,0.588739
121801,0.0450274,0.58394
129402,0.0516627,0.591633
129991,0.0556497,0.577559
126244,0.0461856,0.582693
128834,0.0462387,0.582773
131162,0.0451044,0.595222
126406,0.0490007,0.582532
121147,0.054623,0.569577
134285,0.0538245,0.593849
121342,0.0520601,0.573268
130477,0.0444192,0.584141
116362,0.0517874,0.585015
127352,0.0564397,0.57252
116812,0.0548222,0.575322
120234,0.0537117,0.578464
120488,0.0519313,0.563239
116315,0.0521002,0.591467
133180,0.0475802,0.587284
120566,0.0510175,0.588512
133389,0.0514097,0.581937
131039,0.0484446,0.584097
120800,0.0557029,0.577583
127491,0.0549867,0.575994
125258,0.0520688,0.582346
124865,0.0502822,0.580795
101532,0.0592118,0.588736
127235,0.0484583,0.585063
120494,0.0554938,0.577277
123517,0.0487902,0.603047
129096,0.0521858,0.586966
123320,0.0459534,0.588644
125627,0.0520913,0.572007
126504,0.0566012,0.571508
108562,0.0533674,0.599027
128722,0.0483372,0.595671
124480,0.0529389,0.569501
127619,0.0514851,0.584744
128705,0.0481397,0.58244
131220,0.0532916,0.588485
129677,0.0544475,0.579208
126742,0.0529642,0.579137
127986,0.0518879,0.593854
133811,0.0491704,0.595897
125285,0.0560428,0.575013
129174,0.0542577,0.589611
126774,0.0583747,0.572318
128730,0.0508517,0.583209
127577,0.0526479,0.579916
125854,0.0532041,0.581825
122253,0.0495529,0.580689
123949,0.0504204,0.575741
129354,0.0500481,0.589332
130392,0.0519965,0.582137
129600,0.0507945,0.586578
132261,0.0577962,0.583683
117221,0.0541574,0.586094
123432,0.0545421,0.572716
135161,0.0523727,0.588735
125478,0.0594117,0.574376
125660,0.0534495,0.580487
125104,0.0554634,0.597946
124640,0.0500956,0.56027
127801,0.0516484,0.592511
129435,0.0553603,0.582474
132664,0.0503943,0.584292
129038,0.0446402,0.58663
125182,0.0449328,0.573865
125844,0.0626338,0.58433
115802,0.0518519,0.576747
128458,0.0571941,0.598293
134998,0.0497635,0.595413
127183,0.0531253,0.588188
121116,0.0564419,0.578454
129968,0.0488286,0.583698
121989,0.0529508,0.583573
126308,0.0496885,0.584559
128374,0.0587699,0.572351
124197,0.053457,0.59154
127928,0.0518435,0.596437
131561,0.0543898,0.585527
119660,0.0542902,0.581427
127792,0.0522242,0.564523
114559,0.0515888,0.574258
133986,0.0549343,0.575485
123177,0.0565326,0.562057
124059,0.0538229,0.579486
123247,0.0499655,0.585272
126407,0.054267,0.582195
124436,0.0564058,0.592759
128610,0.0479681,0.598492
126754,0.0498089,0.581161
128148,0.048446,0.577141
118615,0.0496804,0.57873
122820,0.0484138,0.590168
116205,0.0519989,0.574472
132818,0.0540804,0.582515
119606,0.051657,0.601228
132369,0.0533052,0.588835
125066,0.0551542,0.588301
102697,0.0545837,0.588771
126032,0.0542066,0.573517
123302,0.0551019,0.582022
133700,0.0503579,0.58749
124809,0.0488571,0.568336
126736,0.0559022,0.589584
128683,0.0498456,0.587673
131244,0.0531646,0.583147
124963,0.0551996,0.595332
126625,0.0510866,0.587949
119600,0.0541155,0.583123
121794,0.0528185,0.574618
123029,0.0548379,0.594762
128912,0.053065,0.592556
121771,0.0510414,0.576837
130897,0.0493759,0.583657
125883,0.0549032,0.596224
122624,0.0582367,0.582239
128932,0.0531868,0.577196
135073,0.0559121,0.58277
127979,0.0522345,0.58878
128639,0.044973,0.588453
126994,0.0463702,0.586059
133408,0.0468302,0.59628
126719,0.0543833,0.574448
123096,0.0480166,0.565148
128050,0.0514179,0.584881
123823,0.0508974,0.578766
122956,0.0461265,0.585291
132846,0.0525228,0.591109
129306,0.0583859,0.573052
120513,0.052159,0.597674
136376,0.0562589,0.605748
129569,0.0486265,0.587382
130783,0.0539549,0.589446
118027,0.056228,0.593233
125507,0.0506622,0.593122
125951,0.0518763,0.578284
120363,0.0530332,0.572277
127030,0.0545902,0.588046
126283,0.0528549,0.586278
122704,0.0531233,0.576941
127707,0.0494715,0.582893
124453,0.0538577,0.594417
130515,0.0522856,0.593893
131234,0.051239,0.58321
128372,0.051297,0.583024
120336,0.0464719,0.576349
124078,0.05083,0.578995
131977,0.0502551,0.589909
119913,0.0536902,0.581384
129266,0.0486708,0.578137
131975,0.0489313,0.592161
128756,0.054121,0.583923
124825,0.0525321,0.587358
130489,0.0534417,0.588613
119995,0.0532817,0.573132
130303,0.0502967,0.582051
126280,0.0497874,0.583422
132203,0.0521017,0.585543
118437,0.0507594,0.576218
131913,0.0506562,0.582065
132848,0.0471787,0.583385
124089,0.0512117,0.583033
118851,0.0495157,0.58631
124964,0.0508656,0.585836
130373,0.0511964,0.588381
130599,0.0548096,0.591203
122242,0.0508401,0.58531
124995,0.0520554,0.586543
122971,0.0519075,0.581092
119736,0.0563939,0.566634
126355,0.0564822,0.590966
127059,0.0508779,0.580246
132280,0.0488484,0.588937
129213,0.052242,0.578777
121865,0.0529191,0.578595
121632,0.0535738,0.577402
119738,0.0446369,0.570663
119069,0.050678,0.581251
128346,0.05844,0.595784
129785,0.0474195,0.574527
124333,0.0529373,0.580075
126848,0.0523911,0.586627
123717,0.054543,0.571708
130699,0.052925,0.59326
126402,0.0514359,0.591889
129255,0.0535392,0.579444
118416,0.0496584,0.572612
122404,0.0517228,0.569348
125235,0.0519712,0.586573
128582,0.0521843,0.582103
128499,0.0537409,0.582911
126591,0.0537072,0.583086
124437,0.0574177,0.577702
130139,0.0558101,0.579949
128228,0.049338,0.580743
136786,0.0448894,0.578027
127589,0.0486663,0.579964
131851,0.0490026,0.582836
121636,0.0523536,0.580926
119394,0.0574584,0.581688
120877,0.0474894,0.581967
123259,0.047993,0.585458
129428,0.0575277,0.57457
124512,0.0499714,0.583639
118593,0.0401168,0.578453
130573,0.0524538,0.599852
131482,0.0511349,0.583186
124291,0.0503079,0.568509
125858,0.0528443,0.581576
122990,0.0530598,0.58867
130597,0.0495409,0.581721
128838,0.0490388,0.586469
127030,0.050979,0.588904
117017,0.0504477,0.568307
105454,0.0529234,0.596156
127020,0.0505308,0.573465
127974,0.0496022,0.582544
121985,0.050499,0.582547
134213,0.0496442,0.591027
128204,0.0465675,0.582513
125518,0.0497579,0.586621
122920,0.050065,0.575492
117945,0.0511888,0.581729
131911,0.0506961,0.590182
126129,0.0553986,0.570904
118618,0.0521609,0.581139
129724,0.0476762,0.577283
133297,0.0540578,0.595812
127998,0.050688,0.573912
119469,0.0534862,0.578866
126647,0.0515834,0.57988
128665,0.0528266,0.575739
108976,0.0475952,0.576861
127692,0.0477526,0.586133
127936,0.052401,0.586609
125464,0.0477008,0.580398
128896,0.0496283,0.576143
124795,0.0544823,0.582708
119617,0.0455744,0.585766
134742,0.052763,0.597568
123426,0.0556323,0.577476
132427,0.0502029,0.580557
124290,0.0516236,0.581861
125871,0.0517222,0.570326
125098,0.0528302,0.585225
128444,0.0596608,0.584706
125870,0.0476292,0.583288
96817.3,0.0520809,0.581607
124335,0.0536544,0.567005
128417,0.0477086,0.578015
127973,0.0474435,0.59243
124843,0.0500179,0.587714
122604,0.050198,0.585927
123589,0.0516993,0.584829
132246,0.0478769,0.576649
127620,0.0476771,0.573159
133056,0.0515975,0.592705
128474,0.0499431,0.58903
128684,0.057667,0.585493
127598,0.0528591,0.600609
121927,0.0486078,0.588344
131827,0.0503684,0.584474
119459,0.0536948,0.56778
130012,0.0533868,0.575981
122329,0.046945,0.591483
36154.7,0.0643565,0.599268
127524,0.0525784,0.583451
116003,0.0539293,0.588726
123302,0.0529702,0.571811
131081,0.0548493,0.593263
127899,0.0491834,0.589551
128824,0.0563223,0.593713
128034,0.0502568,0.604808
124890,0.0471863,0.593158
126398,0.0509319,0.581635
124886,0.0530353,0.589414
123651,0.0497203,0.579085
113815,0.0537842,0.590462
128765,0.0502686,0.580523
123103,0.0488946,0.579819
126270,0.0550862,0.600887
127239,0.0514819,0.59248
133376,0.0520904,0.597364
126370,0.0571157,0.598227
121788,0.0557773,0.591581
125699,0.0527086,0.591309
123893,0.0512182,0.581034
119506,0.0573324,0.585602
116857,0.0524952,0.597555
122107,0.0539845,0.59237
124885,0.0508974,0.579469
126066,0.0531776,0.595525
122244,0.0474659,0.5831
124222,0.0574731,0.588853
122466,0.0530357,0.58306
126304,0.0497691,0.57491
130289,0.0481941,0.580444
128748,0.0526832,0.583066
127435,0.0511935,0.589543
130580,0.0524331,0.589677
117049,0.0491684,0.581351
125717,0.0539075,0.587832
124086,0.0528466,0.588632
134182,0.0513228,0.580611
127586,0.0463818,0.570776
123196,0.0497969,0.577636
129043,0.0476115,0.585848
126052,0.0573698,0.59005
126203,0.0449882,0.590758
131187,0.0487475,0.579394
119534,0.0487574,0.568822
130206,0.0553775,0.593168
125279,0.0523243,0.585825
118567,0.0498135,0.580747
123867,0.0494634,0.57837
129893,0.0551171,0.586586
118008,0.053799,0.571381
126816,0.0472803,0.60186
126568,0.050749,0.584876
134936,0.0508219,0.585481
127137,0.0480034,0.579025
129498,0.0508646,0.576662
134805,0.0503954,0.589273
121115,0.0480145,0.590497
123477,0.0593088,0.590219
128736,0.056847,0.580661
102731,0.0565699,0.597945
114338,0.0510238,0.581465
124312,0.051164,0.589734
130537,0.0458958,0.588132
125314,0.0528486,0.573699
122229,0.0545375,0.587925
124139,0.0544977,0.574227
129230,0.0474747,0.581247
122787,0.0563592,0.575162
124588,0.0533794,0.584619
127693,0.0505547,0.585416
112753,0.0508162,0.579346
125115,0.0490532,0.591208
123399,0.0514676,0.605739
123457,0.0469361,0.577306
108823,0.0585674,0.596322
132139,0.0516336,0.603455
129405,0.0528501,0.583865
129770,0.0492365,0.587821
122940,0.0500497,0.567761
121456,0.0501927,0.579309
125633,0.0561119,0.573946
133520,0.0517873,0.573581
119091,0.0539341,0.581635
127037,0.052186,0.58823
132656,0.0539022,0.582088
125369,0.0466126,0.581336
120421,0.0486311,0.578819
120762,0.0571249,0.582029
116640,0.0495663,0.577405
129340,0.0520946,0.586551
123101,0.0464075,0.579813
124764,0.0512134,0.579907
133510,0.0475997,0.591843
124835,0.0523756,0.560079
125393,0.0463163,0.586018
129141,0.0493113,0.584102
127947,0.0481393,0.584539
129487,0.043377,0.590832
129141,0.0488131,0.578898
116606,0.0470328,0.570052
132424,0.0552412,0.584376
130459,0.0533167,0.579021
134770,0.0490525,0.598038
127007,0.0521556,0.581649
127539,0.0540993,0.58909
131635,0.0529997,0.594716
124356,0.0524379,0.584431
123898,0.0528342,0.584392
121443,0.058527,0.568579
125631,0.0540244,0.573481
128789,0.0510396,0.581571
128872,0.0485826,0.588328
114714,0.0543295,0.581015
120186,0.0516494,0.587107
129685,0.0523104,0.588364
123638,0.0520697,0.567601
126783,0.0525991,0.586116
124398,0.0468615,0.582521
125796,0.0507131,0.563023
124548,0.0545653,0.590652
119557,0.0469745,0.577591
126291,0.0588294,0.578866
134459,0.0440789,0.587781
130512,0.0516883,0.571603
130342,0.0516429,0.599607
130332,0.0458209,0.580314
131083,0.0556078,0.575265
127083,0.0554218,0.579137
128017,0.0491486,0.584524
120371,0.0537059,0.584456
124554,0.0542797,0.588299
123128,0.0495557,0.589866
122836,0.0572394,0.581723
127410,0.0520107,0.567997
111086,0.0541131,0.578331
127518,0.0571881,0.588411
124887,0.0546064,0.572393
126453,0.0529748,0.591975
118561,0.0575283,0.576442
122148,0.051121,0.578778
123403,0.0543279,0.581744
120099,0.0501656,0.589389
125681,0.0485883,0.574359
124996,0.0528666,0.572727
126553,0.0540668,0.591211
125458,0.0527362,0.580242
128793,0.0495184,0.583758
129911,0.0515127,0.580751
130648,0.0508749,0.591256
126066,0.0541451,0.585784
128730,0.0488005,0.582183
122418,0.052765,0.587843
133301,0.0533948,0.591188
129911,0.0523965,0.584485
132849,0.0472865,0.582311
112837,0.0468243,0.58062
126374,0.0528662,0.583929
121161,0.0502056,0.59106
126225,0.0569109,0.576363
129049,0.0509805,0.57467
121582,0.0483487,0.604037
121583,0.0509387,0.589832
118549,0.0484382,0.586251
123412,0.0528228,0.579449
122777,0.0503681,0.57971
128627,0.0578784,0.593698
131185,0.0499764,0.586008
132854,0.0541034,0.604367
130534,0.0567238,0.600024
124194,0.0462246,0.579267
122794,0.055,0.571078
130932,0.0497449,0.589531
106115,0.0561958,0.578184
120800,0.0547878,0.584955
129615,0.052079,0.588932
117773,0.0529239,0.581237
124484,0.0491712,0.581508
133140,0.056426,0.566611
127258,0.0484849,0.573555
129646,0.0470141,0.59541
133487,0.0480815,0.595863
132054,0.0493796,0.584015
128968,0.0533329,0.578678
131001,0.0557004,0.600774
131162,0.0526669,0.589195
113860,0.0516405,0.583801
130508,0.0493268,0.599247
124090,0.054073,0.578116
125818,0.0515405,0.582488
127338,0.0527518,0.576917
124977,0.055035,0.57503
126626,0.0496615,0.570653
125811,0.0548011,0.589571
130338,0.0533497,0.588305
126652,0.0548058,0.580504
127151,0.0570728,0.59565
128304,0.0582697,0.600184
125823,0.0515717,0.589983
130813,0.0472858,0.594532
113398,0.0500574,0.591624
124841,0.0548227,0.588793
126931,0.0466123,0.593992
126371,0.050413,0.585676
124734,0.0514259,0.599023
131088,0.0517735,0.58212
128401,0.0479391,0.573204
116161,0.0525961,0.582747
128536,0.0508472,0.591395
122572,0.0507039,0.572692
117988,0.0508619,0.579496
130250,0.0472936,0.587555
121394,0.049523,0.58584
123849,0.0516769,0.580098
123581,0.0491546,0.583726
128304,0.0474797,0.583766
124077,0.0538257,0.588542
126345,0.0509791,0.568887
126356,0.0462497,0.588745
122239,0.0565622,0.57424
125486,0.0570659,0.578567
127270,0.0528091,0.596967
129383,0.0518634,0.575543
127244,0.0518913,0.581131
128186,0.0469325,0.576366
125804,0.0460752,0.581603
128584,0.0525671,0.58356
133816,0.0468808,0.581668
128617,0.0559319,0.587244
113808,0.0517694,0.571168
125955,0.0520821,0.586356
127923,0.0489601,0.585575
132588,0.054998,0.59447
125215,0.0468287,0.582586
118293,0.0536716,0.586032
105986,0.0547512,0.591781
124356,0.0509927,0.57766
128517,0.0511631,0.580409
125149,0.055761,0.575926
133552,0.0478513,0.588209
120871,0.0549192,0.57748
131528,0.048467,0.584568
126943,0.0517814,0.592632
128025,0.0527408,0.574407
122700,0.0519295,0.591153
131905,0.054167,0.585273
120129,0.0501149,0.581483
130155,0.0503973,0.578176
127983,0.0508514,0.577889
118887,0.0517793,0.577498
122871,0.0511241,0.590554
133745,0.0495781,0.579098
128163,0.0547994,0.588095
124941,0.0516456,0.583852
129050,0.0548722,0.5848
125108,0.049764,0.557462
129896,0.0539303,0.564879
124157,0.0511042,0.582501
131206,0.0492451,0.580713
124968,0.0525293,0.582681
127394,0.0487465,0.57436
124791,0.0499373,0.579557
126719,0.0546784,0.577423
127336,0.0544488,0.576157
129492,0.0510323,0.600979
128503,0.0486412,0.581457
133523,0.0523221,0.585356
118039,0.0516871,0.569342
117374,0.0487332,0.57238
125922,0.0557079,0.580403
126616,0.0475414,0.587868
126049,0.0576709,0.585443
133250,0.0540169,0.594154
120079,0.0516044,0.573668
129552,0.0506223,0.595398
115926,0.0510564,0.568264
123615,0.0533375,0.591114
121462,0.0491096,0.57993
129444,0.0508908,0.57684
125078,0.0515671,0.575277
120900,0.0501854,0.598722
120871,0.0541032,0.582795
128059,0.0540258,0.589295
130357,0.0528165,0.575477
127685,0.0485658,0.576156
129747,0.0523173,0.594392
118406,0.0482031,0.586875
126370,0.0513854,0.578539
129935,0.0571176,0.5927
126936,0.0483344,0.582388
131060,0.0522839,0.578632
127182,0.0505393,0.594617
123205,0.053707,0.568021
122119,0.0574596,0.578993
117754,0.0515771,0.571339
132303,0.0505464,0.59634
127593,0.0517159,0.574064
123571,0.0513272,0.592077
122823,0.049606,0.582118
130990,0.0469314,0.588308
126680,0.0495212,0.57783
138744,0.0507722,0.603976
124948,0.0521472,0.581021
122061,0.0489204,0.579952
130830,0.0453214,0.57887
129255,0.0536802,0.571235
131411,0.0502425,0.583319
124075,0.0528847,0.595604
132519,0.0512711,0.589519
132655,0.047891,0.581546
127081,0.0564282,0.589833
124100,0.054301,0.586487
129402,0.0485193,0.586842
128422,0.047433,0.588237
126058,0.0535246,0.59066
127898,0.0466979,0.581991
124203,0.0473367,0.577913
133421,0.0548734,0.592984
122610,0.0506298,0.585381
120973,0.0532506,0.586825
134483,0.0510728,0.593231
106998,0.052808,0.597628
124500,0.0503135,0.579233
118868,0.0538367,0.580438
131762,0.052924,0.585036
129138,0.0517521,0.591031
127473,0.0489668,0.584677
127351,0.0522745,0.573333
122519,0.0430711,0.576449
132229,0.0513459,0.597963
130337,0.0504427,0.588943
119915,0.0485417,0.565434
127585,0.0497767,0.59177
126656,0.0493719,0.569799
119658,0.0523352,0.584165
125560,0.0484719,0.58179
126461,0.0468475,0.586995
132227,0.0492713,0.590243
129755,0.0502685,0.580887
124914,0.0477403,0.590731
121598,0.0495644,0.579085
95581,0.046905,0.579979
122806,0.0503581,0.578066
119520,0.0525419,0.583191
120250,0.0600517,0.570337
126486,0.0513551,0.599706
119112,0.0503055,0.57846
126771,0.0528866,0.579111
122365,0.0469996,0.588718
131409,0.0538885,0.591927
121375,0.050737,0.579597
119878,0.0497011,0.577429
125681,0.0554959,0.573535
128479,0.0545871,0.581216
120466,0.0516434,0.582093
131659,0.0527104,0.588919
131443,0.048015,0.581883
123432,0.0594127,0.581174
126009,0.0500234,0.572043
120908,0.0516127,0.577823
127248,0.0473103,0.582693
127854,0.0503088,0.580396
132031,0.0512038,0.582753
131015,0.0531212,0.584456
127375,0.0498027,0.581174
128711,0.0486209,0.586092
133980,0.0427242,0.597533
99008.3,0.0467393,0.577261
125076,0.0533357,0.592224
124989,0.0501195,0.580555
121174,0.0568821,0.581808
127507,0.0512415,0.593658
122562,0.045344,0.595262
110327,0.0450729,0.591927
128912,0.0509896,0.576025
130067,0.0531223,0.583288
122919,0.0473118,0.579605
123009,0.0474056,0.56971
123973,0.0524705,0.574992
131096,0.0504664,0.595602
124991,0.048073,0.580822
129268,0.0551986,0.586765
124526,0.0556557,0.582477
129014,0.0504631,0.572143
129961,0.0510697,0.58616
123320,0.0485331,0.587338
122125,0.0526252,0.590313
121831,0.0527416,0.574985
127678,0.0527146,0.583675
124266,0.0492781,0.582464
128404,0.0475754,0.575204
130989,0.0562221,0.589816
129349,0.0519816,0.578292
122397,0.0436121,0.589528
129665,0.0535581,0.581988
129234,0.052523,0.599328
122010,0.0478273,0.583694
127397,0.0493866,0.587114
128664,0.0530554,0.578946
127968,0.0532674,0.5797
131723,0.051965,0.592964
120494,0.050958,0.580311
123487,0.0501698,0.574583
129772,0.0519921,0.58073
128559,0.0616459,0.585618
131468,0.0556419,0.59408
124911,0.0525395,0.5788
58568.3,0.0604874,0.575698
124108,0.0552526,0.572626
120350,0.0518862,0.587511
121465,0.0578209,0.580048
122925,0.0507562,0.591364
126213,0.0557899,0.584159
132853,0.055631,0.58765
125248,0.0524985,0.588317
126936,0.0482944,0.585606
119809,0.0548449,0.574293
118587,0.0535611,0.591203
137548,0.0491436,0.584131
120201,0.0504022,0.569916
135136,0.0540677,0.594908
126183,0.0493579,0.590813
123609,0.0556597,0.585815
134012,0.0516751,0.592201
128790,0.0523876,0.575534
124641,0.0520452,0.597271
128018,0.0508469,0.578586
128332,0.0516653,0.575149
127754,0.0516912,0.585872
123868,0.0478267,0.573441
126922,0.0524799,0.592695
128647,0.0518115,0.577056
123222,0.0512426,0.575871
131538,0.0527146,0.584873
128458,0.0482197,0.591123
124960,0.0567619,0.575912
123042,0.0472844,0.570748
125833,0.0565112,0.582009
127659,0.0513315,0.580527
128757,0.0510892,0.586194
118279,0.0503337,0.572519
128653,0.0521513,0.57952
122529,0.0529488,0.574631
128518,0.0521941,0.597601
130290,0.0542625,0.575443
128475,0.044897,0.585884
120340,0.0535622,0.57323
124171,0.0468816,0.5753
124534,0.0530029,0.571772
133961,0.0516326,0.590508
131409,0.0495655,0.587121
133553,0.0546831,0.579867
124666,0.0526614,0.579284
127117,0.0484254,0.575749
128133,0.0574896,0.573603
125302,0.0529072,0.57622
124977,0.0534232,0.59401
132471,0.0501812,0.599207
115414,0.0553689,0.583257
121950,0.0533811,0.580783
123636,0.0508164,0.586593
126642,0.0529101,0.574754
118722,0.0503793,0.587372
124479,0.0513262,0.597876
20094.7,0.0718246,0.572955
128074,0.0506176,0.571197
128119,0.0512112,0.578525
126116,0.0505052,0.580814
130051,0.0569801,0.590372
125285,0.0538893,0.579076
123551,0.0477679,0.584504
134693,0.0508122,0.576767
131081,0.050813,0.58848
121491,0.0506809,0.57678
125041,0.0504214,0.579286
129560,0.0538835,0.584752
119057,0.0489707,0.593157
129968,0.0524349,0.587387
124900,0.0569012,0.57279
133441,0.046228,0.582759
124981,0.0503746,0.57878
125957,0.0556545,0.582957
117254,0.0481542,0.579209
131270,0.0487224,0.585309
114766,0.0524696,0.582795
115246,0.0473543,0.577777
129262,0.0494005,0.593032
107800,0.0512791,0.599128
117755,0.0493509,0.581432
129489,0.0499895,0.580455
133164,0.0498468,0.577029
134009,0.0561303,0.596367
127961,0.0445062,0.593903
125725,0.0473021,0.599002
125830,0.0541837,0.588779
125815,0.048618,0.581218
126024,0.0502253,0.578656
130379,0.0477349,0.572749
118001,0.059074,0.5753
127712,0.0537162,0.588821
131177,0.0508348,0.587081
126132,0.0574614,0.584245
125310,0.0557399,0.585009
124160,0.0536838,0.579111
130934,0.0521604,0.585413
127445,0.0509827,0.593413
125583,0.054791,0.570682
132819,0.0529669,0.595928
129628,0.0516769,0.575643
128027,0.0451223,0.596187
128204,0.0523085,0.590691
130892,0.0543315,0.590201
19047,0.071817,0.571849
124606,0.0545291,0.587447
132904,0.0514886,0.584899
120756,0.0534127,0.59077
130194,0.0501206,0.590277
125594,0.0515109,0.590207
125153,0.0593571,0.574628
119182,0.0558345,0.57872
124370,0.0510352,0.578954
119683,0.0540258,0.579251
126611,0.0485187,0.581604
134868,0.0543451,0.58796
135794,0.0492935,0.592622
121332,0.0545784,0.575417
128629,0.0488593,0.583049
116767,0.054328,0.582369
123603,0.0560346,0.585556
122819,0.0468668,0.570791
122581,0.0512525,0.579343
113335,0.0524697,0.575497
130997,0.0504581,0.601731
123601,0.0504075,0.570327
128722,0.0541397,0.576685
130529,0.0524145,0.597101
120138,0.0509499,0.585726
129179,0.0529128,0.579719
118498,0.0565671,0.569178
123650,0.0501276,0.572119
111408,0.0535594,0.572818
115187,0.0507158,0.581724
120783,0.0496401,0.577627
130172,0.049127,0.596326
124657,0.0514955,0.56935
121376,0.0499059,0.578347
127792,0.0521029,0.577736
127565,0.0526405,0.582613
119311,0.0552179,0.574356
121605,0.0534133,0.590045
124686,0.0496767,0.572959
130411,0.0516758,0.602507
124350,0.0547726,0.58033
124561,0.0578914,0.586648
133318,0.0557544,0.593225
130766,0.0501353,0.588976
90750.7,0.0586264,0.593795
131547,0.0557515,0.591442
131346,0.0482829,0.590859
135885,0.0517243,0.588339
126444,0.0580456,0.58781
127132,0.054939,0.578395
128794,0.0512096,0.59797
50197.3,0.0581261,0.589845
134197,0.050549,0.586075
120804,0.0491795,0.565234
128016,0.0479902,0.584271
122316,0.0505109,0.594342
134342,0.0515661,0.585644
128310,0.0529376,0.575617
122626,0.0505165,0.594959
128969,0.0527517,0.578151
124971,0.0486306,0.586444
127714,0.0515911,0.586749
125748,0.0514298,0.585946
118358,0.0418536,0.587827
134234,0.0476774,0.590107
127565,0.0516557,0.57952
130619,0.0505974,0.589803
126557,0.0504901,0.583077
129201,0.0507883,0.582139
127808,0.053157,0.589415
120793,0.0577204,0.583283
130498,0.0541607,0.587936
126056,0.0513136,0.581031
129932,0.0455574,0.583736
118820,0.0530078,0.578244
130851,0.0496262,0.588139
127909,0.0517786,0.587617
124900,0.0490507,0.585556
126419,0.0522491,0.5782
128169,0.057535,0.576863
132163,0.0473288,0.5899
120671,0.0503257,0.583533
127104,0.0531782,0.570041
116426,0.0555196,0.599381
127604,0.0505372,0.569931
125855,0.0531875,0.569811
129825,0.0534357,0.596441
129838,0.0503672,0.567187
131741,0.0517225,0.57692
130050,0.049473,0.577582
128026,0.0528228,0.58294
130644,0.0510175,0.585565
127115,0.0492369,0.579794
122914,0.0437975,0.590417
128915,0.0465215,0.582248
128860,0.0495046,0.581581
123770,0.0497868,0.591306
127501,0.0517405,0.574768
134503,0.0498861,0.589485
124677,0.0500023,0.580327
122973,0.0572693,0.57278
130980,0.0499428,0.579062
123707,0.0490418,0.577231
125506,0.051312,0.583195
124754,0.0501509,0.562735
120505,0.0557541,0.57954
128344,0.058619,0.586502
126151,0.0516241,0.583931
126630,0.0486459,0.591254
121811,0.0544612,0.59454
132897,0.0524556,0.591466
126824,0.0497526,0.58405
130298,0.0510012,0.588416
124642,0.051245,0.577811
119123,0.0458291,0.561676
126706,0.051966,0.585785
128466,0.0538951,0.582002
105807,0.0531286,0.585831
128084,0.0498634,0.586416
130679,0.0523521,0.592043
126215,0.0448822,0.579729
127006,0.0511924,0.58496
126638,0.0483246,0.584173
130403,0.050581,0.593717
124164,0.050977,0.581469
132136,0.0517989,0.570791
130937,0.0549924,0.597814
131404,0.0552227,0.587269
127253,0.05339,0.578701
129086,0.0513896,0.577239
133884,0.0492664,0.584443
127311,0.0547271,0.586057
125798,0.0519901,0.589775
129406,0.053558,0.59054
131191,0.0528017,0.589457
123106,0.0553557,0.591701
127752,0.0472066,0.57713
130304,0.0547029,0.585481
125556,0.0514053,0.600947
127427,0.0519037,0.574941
133368,0.0541599,0.606982
116727,0.0576554,0.569829
122900,0.0535882,0.578759
97155,0.0579726,0.580536
119835,0.0509539,0.582021
131862,0.0508265,0.576682
123811,0.051333,0.590481
119643,0.0530755,0.585237
123054,0.0619302,0.57415
125743,0.0506027,0.583368
133684,0.0501735,0.60456
124246,0.0493766,0.589842
128936,0.0549952,0.581975
124120,0.0534771,0.583133
120303,0.0449372,0.576341
122966,0.0521327,0.576676
131928,0.0567847,0.578069
127060,0.0543978,0.581571
122390,0.0536005,0.588512
131775,0.0524113,0.594658
116216,0.0559696,0.56987
128044,0.0468911,0.576372
128883,0.0436793,0.581167
131434,0.0509711,0.590011
128044,0.0511117,0.58852
125132,0.0528654,0.603619
118871,0.0449173,0.59337
131610,0.0512971,0.591904
130315,0.052504,0.585109
129897,0.0543793,0.58847
131380,0.0510579,0.587616
127851,0.0551698,0.585815
123547,0.0467569,0.5905
125694,0.0506429,0.607424
131992,0.0538793,0.599703
129220,0.0508343,0.591542
124185,0.0525076,0.583734
118048,0.0523756,0.578608
123546,0.0525327,0.590326
127266,0.0500806,0.581554
127124,0.0520239,0.576657
127004,0.0526313,0.574104
109391,0.0528211,0.576327
122562,0.0561063,0.580413
127560,0.0576943,0.588664
130241,0.0440486,0.590482
120473,0.0500708,0.574668
131037,0.0504887,0.611976
124516,0.0527536,0.592454
132437,0.0547941,0.584972
130470,0.0596399,0.581478
131444,0.0555959,0.587045
126080,0.0520422,0.579997
131839,0.0471536,0.593303
127246,0.0474492,0.581539
128086,0.0502931,0.587101
123768,0.0483951,0.586003
130051,0.0540527,0.594313
128207,0.0474425,0.588716
126348,0.0526387,0.5664
127558,0.0520483,0.579834
129476,0.0534619,0.580328
127365,0.0511302,0.576049
126454,0.0544641,0.579416
119973,0.051577,0.568774
121469,0.0500248,0.583252
126656,0.055926,0.588574
129537,0.0470787,0.5886
123999,0.0552335,0.588759
129991,0.0482378,0.600876
123592,0.053952,0.586053
127929,0.0549785,0.583656
123026,0.0486117,0.574415
124241,0.0601755,0.575901
127610,0.0535399,0.586667
124519,0.058108,0.566159
115434,0.0494668,0.5656
122590,0.0476479,0.574158
128110,0.0488932,0.588725
127743,0.0555566,0.57508
125566,0.0539306,0.572572
126455,0.0553564,0.573726
123235,0.0546539,0.576236
124895,0.054331,0.573229
124683,0.0492004,0.587442
131318,0.053349,0.588998
118322,0.0561751,0.570084
69035,0.0573894,0.575143
120359,0.0511259,0.589058
131068,0.0544921,0.585154
128366,0.0487581,0.603286
100295,0.0537103,0.584829
125751,0.0509024,0.597295
127538,0.0498102,0.584504
128364,0.0545847,0.569248
134278,0.0540183,0.599134
129722,0.0574064,0.595092
118640,0.0495205,0.578368
123138,0.052144,0.579484
130253,0.0477564,0.577618
130436,0.0492679,0.579242
121560,0.0514187,0.592802
131888,0.0476999,0.58654
129761,0.0500898,0.573034
124859,0.0563014,0.572141
123009,0.0525016,0.578783
131543,0.0489662,0.582163
129970,0.0537381,0.590809
125975,0.0559422,0.566815
124565,0.0536803,0.575904
133061,0.0516957,0.592393
126709,0.0549453,0.59375
127348,0.0597259,0.585891
128937,0.0503566,0.60198
120730,0.0510094,0.575938
123389,0.0491835,0.591584
125154,0.0484919,0.587895
121406,0.0495747,0.584082
128073,0.0473301,0.579408
122449,0.0544639,0.583357
125036,0.0456228,0.591554
130257,0.054538,0.583385
123524,0.0466757,0.588473
126756,0.0533634,0.60463
126329,0.0514502,0.561316
125247,0.0452662,0.581734
125290,0.0527767,0.575381
126008,0.047775,0.591077
125431,0.0540261,0.581076
125374,0.053963,0.590098
127612,0.0538499,0.590568
133725,0.0515666,0.585541
125285,0.0501813,0.574646
134309,0.0542328,0.589238
124739,0.0497268,0.577173
130795,0.0524569,0.573657
124654,0.0572411,0.570431
126822,0.0585887,0.570457
125298,0.0504508,0.58394
121703,0.0561988,0.583995
128630,0.0495427,0.572266
129304,0.054035,0.568637
130914,0.0562792,0.575641
129568,0.0501232,0.580911
129548,0.0516053,0.583031
128303,0.0506536,0.586202
130760,0.0513367,0.583761
124670,0.0536268,0.581275
114658,0.0547478,0.569472
129787,0.0535787,0.595133
124649,0.0478808,0.576078
129035,0.049926,0.589488
131558,0.0509797,0.585251
129243,0.0508715,0.599386
129922,0.0507722,0.59219
128093,0.0487036,0.5902
128851,0.0559892,0.590538
119727,0.0501512,0.578587
131282,0.0526403,0.572588
134773,0.0533714,0.586015
118224,0.0517709,0.577472
129497,0.0541704,0.594759
114144,0.0531711,0.573342
133110,0.0530451,0.581613
124509,0.0547305,0.589861
128819,0.0498593,0.581634
132581,0.0509911,0.58229
131697,0.0472952,0.588199
127726,0.0514378,0.602039
129089,0.0554586,0.589868
127835,0.0572522,0.577283
130515,0.0485715,0.577497
129450,0.0531757,0.591827
130713,0.0506477,0.579862
119782,0.0517278,0.586086
126548,0.0486636,0.578749
124475,0.050767,0.581093
131177,0.0472344,0.586974
117174,0.0531467,0.577244
126817,0.0520496,0.5839
128617,0.0538331,0.595827
128605,0.0526455,0.58862
128822,0.0510928,0.576905
131225,0.0456092,0.583174
123629,0.051728,0.598731
120449,0.0544118,0.574405
129948,0.0449668,0.587912
126760,0.0469305,0.574388
129991,0.0503886,0.589406
124830,0.047632,0.57304
127207,0.0525599,0.573549
131373,0.0533187,0.584934
122238,0.0536135,0.572928
115285,0.0540568,0.577278
118551,0.0522636,0.589269
125744,0.0559873,0.583924
130095,0.0522755,0.592821
134084,0.0498767,0.591954
126900,0.0532781,0.579456
123550,0.0533165,0.572376
100668,0.0438904,0.591886
118501,0.0514144,0.577561
130982,0.0510172,0.592757
118917,0.0515841,0.572702
128840,0.0500935,0.592758
131927,0.0548215,0.5887
122912,0.0493193,0.572682
124503,0.0528823,0.58799
121765,0.0528135,0.572935
124215,0.0484169,0.568776
127832,0.0564662,0.585292
132588,0.0517039,0.599726
128259,0.0474767,0.581979
125967,0.0498264,0.596732
124013,0.0533409,0.59374
118835,0.0547005,0.568991
130147,0.0502787,0.574354
125119,0.0526509,0.595785
126271,0.0546579,0.565533
117368,0.0557209,0.591562
127225,0.0498289,0.590596
126578,0.0474055,0.576494
127635,0.0577215,0.577804
118638,0.0539725,0.585175
117203,0.0582969,0.57865
126748,0.0504969,0.572857
132936,0.0479404,0.591356
131764,0.0475671,0.586113
125808,0.0461124,0.578504
129718,0.0557516,0.574042
125082,0.0520549,0.572249
128100,0.0517368,0.575835
130771,0.0540032,0.592184
130400,0.0487937,0.586307
127779,0.0534965,0.579614
125572,0.053821,0.594483
121211,0.0545818,0.579048
129579,0.0551586,0.593067
130347,0.054329,0.581183
126258,0.052691,0.576823
127658,0.0504465,0.578644
119174,0.0514102,0.572864
124279,0.0547405,0.594002
124899,0.0535157,0.589813
134594,0.0541046,0.593685
124433,0.0520381,0.583458
127127,0.0484901,0.573293
127432,0.0495353,0.576986
117914,0.0536452,0.569525
125019,0.0531412,0.583236
119479,0.0483112,0.568204
121207,0.0565461,0.584542
130701,0.0502732,0.586625
127072,0.0492619,0.57964
116275,0.0460383,0.57429
121482,0.0553234,0.570274
129995,0.045639,0.585395
123900,0.0478625,0.596017
124554,0.0472991,0.58744
128100,0.0550219,0.570004
114673,0.0549012,0.59102
127260,0.0515809,0.570226
128930,0.0497526,0.575731
129842,0.0515187,0.567509
135919,0.050228,0.591635
126800,0.0521026,0.580138
128711,0.0541338,0.591694
130207,0.0533629,0.585859
124031,0.0523215,0.573207
122022,0.0500965,0.583686
113549,0.056533,0.595034
117128,0.0540723,0.584886
120180,0.0549785,0.568522
128833,0.0537792,0.585374
127095,0.0501379,0.593159
126511,0.0555126,0.587317
114765,0.0510046,0.578378
126179,0.0528037,0.571644
126863,0.0516564,0.567951
119044,0.0528585,0.584318
126152,0.0504811,0.601647
121351,0.0529791,0.597354
128019,0.0506408,0.580762
128294,0.0572377,0.591653
115993,0.0484011,0.563974
128513,0.046696,0.581976
127592,0.0501457,0.579562
127679,0.0447252,0.579054
125326,0.0522668,0.583115
131175,0.048089,0.585981
122976,0.0503872,0.581662
130852,0.0521228,0.595707
126359,0.0514215,0.57766
117871,0.0574292,0.573546
126441,0.057358,0.598789
124878,0.0577939,0.570253
123991,0.042088,0.57811
127468,0.0531149,0.567911
123226,0.0521667,0.582795
125498,0.0558451,0.570675
128650,0.0500395,0.573855
134305,0.0525525,0.579312
125748,0.0501139,0.586669
131954,0.0586296,0.591934
130521,0.0475203,0.58073
119643,0.0486008,0.57774
121940,0.0540143,0.595887
122689,0.0509551,0.584857
116800,0.0478629,0.578729
124922,0.0533643,0.591489
122912,0.051252,0.574627
126724,0.0475125,0.58148
129316,0.0491182,0.586478
133836,0.0502678,0.581533
120372,0.0542221,0.565792
119853,0.0470032,0.581433
129688,0.0516906,0.583659
114090,0.048211,0.581212
123873,0.0494152,0.582407
130273,0.046955,0.583686
128781,0.050014,0.579053
127448,0.0480059,0.581508
132588,0.0541725,0.599915
135053,0.0529072,0.58637
112791,0.0498744,0.587183
119734,0.056498,0.588308
123618,0.0525907,0.587079
123958,0.0493928,0.582378
123863,0.0573356,0.579915
122143,0.0489762,0.568264
125038,0.052946,0.58531
130028,0.0486752,0.595095
126299,0.0508056,0.593856
122166,0.0500493,0.593737
123712,0.0523668,0.576468
129698,0.0495406,0.576929
132610,0.0500929,0.592154
123913,0.0525922,0.57107
132184,0.0536993,0.582624
114080,0.0481888,0.58732
129494,0.052241,0.584603
135053,0.0482106,0.582116
126388,0.0494212,0.579616
131821,0.0524229,0.585783
129314,0.0465637,0.577683
131714,0.048685,0.588438
126639,0.0502912,0.579588
125794,0.0543738,0.575779
126290,0.048588,0.582489
128456,0.0520499,0.588058
120789,0.0484628,0.589234
126435,0.0477966,0.593432
127833,0.0472752,0.5918
128725,0.0535741,0.578652
126478,0.0549167,0.594637
120843,0.0521342,0.58545
118352,0.0565925,0.588393
126789,0.0545406,0.583063
122469,0.049066,0.589504
124929,0.0559766,0.593485
123717,0.0541593,0.574121
130254,0.0478665,0.582784
124979,0.0497029,0.59532
122804,0.0565766,0.57966
122253,0.0558246,0.571573
120471,0.0558214,0.575699
130583,0.0532551,0.576568
130135,0.0528548,0.585872
130001,0.0495797,0.594011
129454,0.052982,0.569303
123643,0.0541766,0.585358
124304,0.0566206,0.577644
124900,0.0521257,0.587298
125532,0.0511543,0.585145
129836,0.0500516,0.592405
118240,0.0473535,0.577279
131438,0.049871,0.576637
135250,0.0523854,0.596274
123286,0.0521436,0.582479
123157,0.0563482,0.575826
121271,0.0544144,0.590821
128622,0.0527955,0.587166
122698,0.0537965,0.582222
128708,0.0492492,0.566231
124034,0.0500757,0.590217
112233,0.0516856,0.581064
126414,0.0502246,0.585398
122869,0.0495126,0.581432
124274,0.0496716,0.579401
133219,0.0459999,0.580176
125872,0.0512435,0.582167
118393,0.0536879,0.571837
125198,0.0545243,0.591012
123367,0.0518551,0.591669
126746,0.0477464,0.579036
117155,0.0503326,0.581849
126547,0.0520235,0.586498
128308,0.0568381,0.57445
132750,0.0477623,0.586987
134065,0.0552988,0.586477
132008,0.0494845,0.594816
125902,0.0515741,0.594395
118312,0.0468687,0.599411
132622,0.0575995,0.590388
124895,0.051464,0.579295
124920,0.0543762,0.579759
126243,0.0503635,0.585803
119978,0.0544668,0.579077
120774,0.0522697,0.575844
129081,0.0520495,0.583083
132474,0.0547405,0.586417
127122,0.0553426,0.583259
131162,0.0486928,0.58377
123814,0.0511704,0.580156
125750,0.0442523,0.584219
123844,0.0510909,0.583096
128514,0.0508748,0.581248
125095,0.048819,0.569587
130269,0.051984,0.579056
125597,0.0530902,0.587207
127692,0.0536227,0.572804
126887,0.0531812,0.579969
129654,0.0550894,0.574097
116367,0.0532504,0.588191
131016,0.0497798,0.59916
128827,0.050937,0.582448
133895,0.0507951,0.590467
121515,0.0550305,0.581348
125570,0.0506856,0.583878
126380,0.0525067,0.579589
132808,0.0528666,0.581685
129898,0.0525472,0.588681
130398,0.0545141,0.574418
132383,0.0504729,0.585865
125118,0.0495969,0.571293
128531,0.0502342,0.584555
124007,0.0584754,0.586745
122276,0.0461054,0.579644
128959,0.0486828,0.588575
123720,0.0545245,0.582869
127632,0.0541443,0.575863
121816,0.048821,0.582255
131733,0.0568609,0.580382
125924,0.0522622,0.585949
126038,0.0529453,0.580987
125833,0.0539033,0.584254
115224,0.0510722,0.592138
131119,0.0513595,0.582002
128766,0.0495465,0.598776
130025,0.0494159,0.585922
117954,0.052155,0.594905
123123,0.0485977,0.584517
127681,0.0521463,0.595883
130564,0.0559561,0.589661
124675,0.0570129,0.577433
131331,0.0516205,0.583499
130064,0.0508046,0.594273
127379,0.0547142,0.593622
128050,0.0525432,0.593632
136802,0.0566196,0.587882
129129,0.0562527,0.574658
119012,0.0546415,0.581542
117598,0.0508457,0.594699
132235,0.049444,0.580913
131536,0.0476617,0.573801
121694,0.0539496,0.58599
125483,0.051824,0.60285
124916,0.0491807,0.568962
128399,0.0571642,0.58967
134921,0.0507801,0.597405
125783,0.0484977,0.590672
130528,0.050531,0.592325
131083,0.0549476,0.589554
114811,0.0532258,0.583798
131669,0.058597,0.583919
128477,0.0575987,0.585595
130768,0.0542973,0.582578
135009,0.0499943,0.594886
124579,0.0493354,0.58263
131304,0.0491259,0.582732
119869,0.0501759,0.584367
129230,0.0575245,0.585433
129612,0.0526108,0.591666
122725,0.0537055,0.577311
112597,0.0524255,0.572977
127811,0.0547516,0.583843
125071,0.0514085,0.579083
127624,0.0535206,0.583389
126847,0.0508774,0.571031
132462,0.0546475,0.592321
130944,0.0490027,0.586629
126882,0.0518905,0.588756
126763,0.0520409,0.568908
130327,0.0498886,0.587902
123792,0.0531926,0.583737
119303,0.0434589,0.582504
130117,0.0509896,0.588375
126598,0.0476342,0.582209
133578,0.054584,0.587039
123336,0.0528529,0.570328
127791,0.0526668,0.594803
120501,0.0487668,0.576327
134314,0.0522277,0.604561
130138,0.0557913,0.59329
132601,0.0501345,0.590467
118672,0.0532011,0.585407
122758,0.0515935,0.577857
126313,0.0492513,0.582169
128657,0.0505102,0.581298
127626,0.049704,0.576567
127864,0.0472778,0.585509
129135,0.0493327,0.584799
119950,0.0574585,0.580179
129527,0.0518267,0.577339
117503,0.0508342,0.580121
129750,0.0506409,0.586046
126752,0.0493348,0.577498
129416,0.0464357,0.583927
130410,0.045074,0.563197
127390,0.0538734,0.599619
125112,0.0575227,0.573194
126948,0.0524202,0.59481
127948,0.0514147,0.584608
131232,0.0570804,0.576791
128820,0.0490845,0.589579
123392,0.0553442,0.59734
133221,0.0439184,0.587805
127403,0.0508279,0.580732
126119,0.05544,0.564399
120205,0.0514629,0.576124
129461,0.0536466,0.576548
132702,0.0519493,0.585888
116442,0.0502155,0.585214
130237,0.0531189,0.581544
118088,0.0540708,0.583268
124819,0.0493228,0.58856
127942,0.0498834,0.595188
125827,0.0492873,0.577527
128255,0.0503764,0.598694
119116,0.0554035,0.581878
122763,0.0504739,0.593876
127738,0.0491438,0.606119
130858,0.0492554,0.581886
129732,0.0497021,0.585781
130043,0.0513114,0.589432
119236,0.0530742,0.589465
128751,0.0509443,0.592388
130262,0.0499593,0.592444
122403,0.0488124,0.572989
109517,0.0493804,0.572578
130373,0.0502388,0.605214
128277,0.0532445,0.576701
132366,0.0526657,0.578049
121775,0.0540224,0.572068
122069,0.0508854,0.596757
121473,0.0536885,0.5747
120922,0.0546108,0.589181
124996,0.0513389,0.570818
130492,0.0491095,0.579572
126676,0.0549284,0.58193
126166,0.0476173,0.574929
122413,0.0538645,0.581883
132082,0.0475853,0.578455
129027,0.0501003,0.584622
131262,0.0528101,0.581981
128969,0.04734,0.58682
128660,0.0528282,0.576796
127714,0.0469063,0.589857
128372,0.0514012,0.576251
122762,0.0565766,0.571915
124174,0.0521889,0.578438
125943,0.0493841,0.575113
126387,0.0581044,0.572705
128973,0.0499527,0.588267
125369,0.0502577,0.591522
135273,0.0571969,0.599584
118418,0.0552681,0.586866
130779,0.0515296,0.590289
130838,0.0511249,0.579453
125531,0.0446831,0.582486
127416,0.051693,0.588674
130497,0.0507876,0.591749
125725,0.0554798,0.589644
120633,0.0508071,0.580218
123216,0.0507573,0.5816
124658,0.0497282,0.592621
125777,0.0488247,0.59518
120562,0.0547811,0.598899
119017,0.048676,0.583811
131278,0.0517001,0.591131
118654,0.0477918,0.583739
122486,0.0504147,0.575172
132987,0.0507263,0.596126
126831,0.0480309,0.579554
129513,0.0482206,0.587713
99667,0.0541935,0.589844
121142,0.0491848,0.57835
125496,0.053139,0.596641
125834,0.0519884,0.582279
127597,0.0539229,0.579375
127024,0.0555726,0.589381
134320,0.0487539,0.584999
122930,0.0517066,0.587135
125299,0.0499293,0.587502
126163,0.0495928,0.592008
124676,0.0561042,0.583641
123605,0.0522029,0.577614
121539,0.0470927,0.577148
124760,0.0487234,0.586374
134953,0.0532856,0.585537
129593,0.0565368,0.585718
125262,0.0542364,0.579342
120999,0.0501327,0.574757
125633,0.0460661,0.586542
127128,0.0487933,0.587058
128996,0.0492358,0.573037
125971,0.0539307,0.563054
126265,0.0479088,0.577294
127914,0.0550144,0.581519
129107,0.0507275,0.586118
119218,0.0525927,0.582651
129640,0.0550902,0.589367
126497,0.0468621,0.579741
133431,0.0467429,0.593569
130438,0.0513895,0.576162
118266,0.0523155,0.573009
125378,0.0539756,0.576333
118904,0.0410296,0.582735
128156,0.046955,0.58458
120680,0.0514163,0.589534
116047,0.0557602,0.569571
128340,0.0491166,0.584884
127543,0.0494562,0.581494
126417,0.058297,0.568345
126692,0.0485173,0.577898
132307,0.0483344,0.596012
124429,0.0546903,0.587745
120230,0.047519,0.598166
121432,0.0458949,0.578468
127703,0.0562961,0.59528
128560,0.0484739,0.580674
129958,0.0501898,0.580145
129071,0.0552966,0.588196
129308,0.0526198,0.581615
123249,0.0483012,0.581762
127546,0.0508724,0.587035
128643,0.0539797,0.584867
126045,0.0535705,0.579147
130562,0.0533128,0.58591
133360,0.0484605,0.586026
128193,0.0547553,0.576635
124253,0.047353,0.582662
116273,0.0511848,0.578724
121001,0.0504419,0.58357
119949,0.050682,0.572981
130753,0.0542128,0.57843
131482,0.0513339,0.596519
132915,0.056404,0.590456
126806,0.0505142,0.573983
127063,0.0536741,0.589302
128878,0.0542015,0.592153
121462,0.0513413,0.5763
122795,0.0558219,0.573635
125739,0.0503981,0.576674
128541,0.0538635,0.577473
118507,0.0488443,0.591349
123017,0.0530046,0.578489
125007,0.0527844,0.569684
126982,0.0485188,0.576082
122000,0.045835,0.578438
124470,0.0520573,0.572487
123718,0.0517719,0.574359
132007,0.0470613,0.592711
132976,0.054831,0.599827
116822,0.0489143,0.579805
128179,0.0449328,0.578453
123216,0.0530946,0.583946
125552,0.0547605,0.578935
125119,0.0542721,0.581075
130137,0.0516616,0.588392
133478,0.0526576,0.586992
119396,0.0460855,0.575627
125870,0.0486156,0.580817
130174,0.0537054,0.585428
131932,0.0507475,0.573902
124619,0.0516429,0.594163
130214,0.0507559,0.588865
128437,0.0466924,0.581285
129646,0.0553087,0.576242
127281,0.051312,0.581277
134568,0.0500178,0.590534
128483,0.0501649,0.57515
122596,0.0543154,0.56696
118964,0.0522691,0.593192
129284,0.045034,0.591856
132442,0.0476338,0.573953
128191,0.046417,0.574545
132477,0.0541167,0.586306
129759,0.0525311,0.589585
123685,0.0561599,0.588895
126304,0.0492767,0.581169
122066,0.0521589,0.561323
128105,0.0497953,0.582546
128127,0.0543929,0.590453
123345,0.057595,0.585208
125149,0.0562633,0.586189
124596,0.0525826,0.568553
78918.3,0.0491493,0.59143
126838,0.0550175,0.58173
130372,0.0497661,0.584669
122732,0.0573734,0.587166
125395,0.0485265,0.574855
128030,0.0466313,0.584363
128570,0.0519931,0.591495
129277,0.0522139,0.596437
138213,0.0513996,0.589862
121448,0.0531712,0.584452
122843,0.0530726,0.580623
122773,0.0518028,0.5754
128400,0.0496547,0.584443
129743,0.0543792,0.586579
127065,0.052049,0.591902
130128,0.0518789,0.577823
124643,0.051055,0.590061
128973,0.0497413,0.584126
133318,0.0476058,0.586841
124625,0.0510302,0.581195
118005,0.0544791,0.579806
132663,0.0509065,0.581244
128122,0.0532648,0.605482
129630,0.0561264,0.589142
121384,0.0553182,0.600239
124852,0.0469276,0.568285
129317,0.0543873,0.590309
128400,0.0523969,0.570055
126801,0.0505986,0.584317
126024,0.0503444,0.588039
117140,0.0575341,0.582145
122578,0.0503367,0.590346
120631,0.0561036,0.587631
132011,0.0505987,0.576441
129675,0.0566019,0.585032
115751,0.0552427,0.57904
119016,0.0534584,0.577977
121470,0.0589478,0.581452
120778,0.0514534,0.578363
120781,0.0470065,0.571497
125544,0.0511495,0.587631
122417,0.0552861,0.583142
128540,0.0511237,0.591602
129199,0.054369,0.592892
132801,0.0484258,0.581539
133098,0.059503,0.593409
130654,0.0512064,0.58423
126673,0.0515209,0.583017
129193,0.0515398,0.585701
131341,0.0461018,0.596394
116603,0.0593935,0.582159
128662,0.0518982,0.589066
123055,0.0479169,0.577961
132685,0.0562257,0.597886
128257,0.0543429,0.588319
126760,0.0532455,0.594983
125419,0.0515994,0.573952
127879,0.0499998,0.573808
126342,0.0526935,0.591288
123099,0.0517374,0.568173
125996,0.0553384,0.587959
118617,0.050429,0.591244
128738,0.0478582,0.575922
128168,0.0478349,0.584939
122881,0.0461499,0.595808
122768,0.0510565,0.586916
122904,0.0553587,0.577739
124689,0.0465836,0.584948
124101,0.0546611,0.573328
128040,0.0482648,0.579428
121516,0.052228,0.57899
122160,0.0537181,0.573203
129972,0.0474039,0.585045
122674,0.0488431,0.576968
129776,0.0499372,0.582508
129094,0.0546064,0.590078
126294,0.046089,0.578654
128726,0.0509856,0.583992
126160,0.0444572,0.573498
121860,0.0548658,0.576268
127467,0.0524315,0.60491
130475,0.0543457,0.591129
124949,0.0530326,0.594759
122495,0.0501953,0.577832
139262,0.0527394,0.591636
65075,0.0557762,0.569604
126834,0.0504875,0.576234
131031,0.0471308,0.574097
126782,0.0567998,0.581605
128133,0.0500386,0.574766
131086,0.0536823,0.579208
129675,0.0529416,0.586108
121025,0.0523524,0.570436
128749,0.05188,0.587803
125480,0.0538909,0.580571
124714,0.0465977,0.575801
125959,0.0480733,0.57897
123610,0.0471691,0.579455
118438,0.0527597,0.575613
125928,0.0551179,0.593315
130117,0.0481005,0.586983
127938,0.0528288,0.576146
129824,0.0540279,0.583113
119891,0.0533683,0.576165
129805,0.0485321,0.585305
130549,0.051671,0.585726
127365,0.0533925,0.577934
123109,0.0536065,0.584169
123194,0.052495,0.569334
117605,0.0500289,0.579809
125916,0.0489109,0.58707
125676,0.0518381,0.580138
122916,0.050173,0.58193
124311,0.0468304,0.582804
132520,0.0486742,0.592424
127715,0.0509494,0.586818
130531,0.0495567,0.578602
124618,0.052023,0.596442
130941,0.0536054,0.603367
126799,0.0514551,0.569232
126201,0.0520439,0.588418
123767,0.0535821,0.594011
121567,0.0542445,0.577328
131355,0.0531474,0.589567
105348,0.0467532,0.577747
131429,0.0551732,0.582436
134956,0.0481973,0.585995
130704,0.0500207,0.58186
126647,0.0490615,0.571782
130871,0.0563135,0.586662
110033,0.0537083,0.576231
127906,0.0492809,0.586458
130502,0.0517929,0.583738
127154,0.0539703,0.575668
119052,0.0495855,0.580301
127163,0.0506929,0.591509
125208,0.048044,0.58553
128175,0.0496241,0.583296
127782,0.0528216,0.568895
134308,0.0472652,0.589697
124561,0.0572126,0.589526
122978,0.0474325,0.576286
125678,0.0471957,0.584148
129379,0.0542085,0.588388
129642,0.0503364,0.576885
122179,0.0506945,0.580423
127150,0.0516052,0.576898
128224,0.0503207,0.579365
129506,0.0535529,0.573429
130602,0.0536492,0.584306
127838,0.0487545,0.584415
131477,0.0483424,0.576325
101181,0.0483608,0.58463
131677,0.0507256,0.583276
127446,0.0573463,0.589752
129023,0.0533857,0.6008
132224,0.0521649,0.585601
122613,0.046346,0.582936
126887,0.05677,0.58969
124073,0.0553505,0.587537
133015,0.0525775,0.591742
112576,0.0531914,0.571467
125078,0.051129,0.584671
123555,0.0481134,0.579353
124049,0.0498627,0.589094
128452,0.0534765,0.576924
131057,0.0534297,0.580206
128798,0.0541593,0.585759
131889,0.0568502,0.611503
125823,0.0498568,0.588298
127691,0.0535036,0.590163
129184,0.0493224,0.574766
132739,0.0515119,0.581163
127529,0.0485415,0.577904
123510,0.0444117,0.575973
132208,0.0479868,0.590736
132793,0.0528922,0.585803
130831,0.0546382,0.571986
130868,0.0522548,0.577563
126085,0.0528449,0.598735
132054,0.0440097,0.592875
128229,0.0505116,0.586766
132067,0.0547093,0.584991
122437,0.050465,0.589662
121311,0.0521547,0.58559
72835,0.058246,0.575644
130248,0.0534069,0.587836
123478,0.0536712,0.585161
117504,0.0505457,0.581146
131239,0.055132,0.58291
122611,0.0519913,0.586786
126296,0.0477718,0.586337
129127,0.0534207,0.579763
127901,0.0489319,0.58609
132202,0.0464228,0.578656
130555,0.0521561,0.589349
127128,0.0481797,0.579176
124510,0.0466106,0.589607
122144,0.0464523,0.584863
124245,0.0488918,0.584539
118313,0.0533464,0.577418
123185,0.0536057,0.57615
115814,0.0432329,0.593141
97492,0.0522925,0.571852
125812,0.0590669,0.60044
122317,0.0524686,0.577496
123068,0.0507566,0.560597
130577,0.0572999,0.58732
129491,0.0500179,0.59937
126086,0.0518388,0.589098
122489,0.0580027,0.575941
126921,0.0518028,0.57576
128556,0.050366,0.594507
128788,0.0521375,0.576948
126395,0.0473148,0.580288
129275,0.0542051,0.585322
59668.3,0.0558464,0.590442
118262,0.0586594,0.564657
124584,0.0476459,0.581435
132995,0.0562047,0.582582
126572,0.0508335,0.584968
124810,0.0497453,0.574701
118803,0.055568,0.582582
124677,0.0529458,0.588228
125231,0.0504405,0.580966
130469,0.0524068,0.590945
129972,0.0491601,0.573462
126312,0.0466897,0.58158
126050,0.0498042,0.578278
118205,0.0528212,0.572002
125957,0.0509985,0.597795
125149,0.052416,0.585275
127896,0.0527076,0.58571
124761,0.0493279,0.588682
127926,0.0454221,0.580695
128179,0.0444371,0.585447
121868,0.05397,0.570334
125391,0.0542041,0.582981
132825,0.0498764,0.582906
123566,0.0503098,0.589624
117980,0.0494327,0.580424
127701,0.0485625,0.577286
130888,0.0524443,0.581898
118432,0.0535653,0.560241
127684,0.0541826,0.581079
124343,0.0547616,0.595687
122854,0.0535192,0.571443
121127,0.055083,0.581262
127704,0.0472892,0.568303
125632,0.0480486,0.586909
127785,0.0524727,0.573514
117567,0.0513105,0.60101
123015,0.0550348,0.591111
123913,0.0520421,0.584148
119984,0.0513114,0.58444
125096,0.0462645,0.577992
118545,0.0510787,0.574356
131726,0.0540448,0.588323
125323,0.050148,0.595856
131220,0.0490409,0.570313
127350,0.0501403,0.577271
59607.3,0.0494815,0.582842
127254,0.0541434,0.574289
120990,0.047025,0.589351
122206,0.0531714,0.578609
122868,0.0465413,0.590146
126361,0.0537453,0.576792
121762,0.0474805,0.589589
135914,0.0510281,0.59708
118315,0.0584849,0.565981
122575,0.0547207,0.575142
114145,0.0489504,0.586285
127875,0.0486818,0.577345
59856,0.0545291,0.56686
127826,0.0509433,0.577605
125611,0.0557839,0.578926
123402,0.0440375,0.586939
124495,0.0508289,0.576999
125108,0.0484892,0.577577
129547,0.0440505,0.582364
120134,0.0553338,0.570871
127190,0.0519718,0.582652
121888,0.0524494,0.596334
135948,0.0577958,0.595135
124933,0.0503664,0.563778
123868,0.0559439,0.585741
128383,0.0560159,0.583605
129224,0.0511628,0.575547
124066,0.0463831,0.600321
126059,0.049161,0.573343
132254,0.0482966,0.577257
122790,0.0504444,0.582576
128838,0.0501105,0.594844
128720,0.0479686,0.583631
133400,0.0478805,0.590225
131269,0.0542594,0.590147
131577,0.0500584,0.581451
130279,0.0529124,0.582128
117493,0.0531034,0.581839
128839,0.0532945,0.580542
129291,0.0482408,0.579263
123731,0.050558,0.586219
123680,0.0544875,0.579807
128238,0.0578644,0.598274
123855,0.0535423,0.585616
121936,0.055367,0.589674
121421,0.0522159,0.580596
121149,0.0574214,0.572766
123394,0.057188,0.598575
130132,0.0470619,0.583116
122126,0.0512589,0.585895
127384,0.051918,0.584355
128631,0.0499313,0.581454
132421,0.0482823,0.58089
117690,0.0543273,0.574411
127831,0.0450819,0.565782
131273,0.051427,0.590049
127228,0.0482667,0.577554
128099,0.0490786,0.592112
130090,0.0525668,0.579176
125481,0.0529587,0.587511
129157,0.0558502,0.582276
128592,0.0467635,0.593641
112859,0.0500106,0.577366
113992,0.0469552,0.595331
125320,0.0510978,0.592025
123774,0.0480935,0.583406
120058,0.0523343,0.579562
119658,0.0488049,0.581298
124559,0.0514627,0.588424
128497,0.0510317,0.575021
121617,0.0534625,0.583541
124529,0.0448439,0.565523
128406,0.0530243,0.59109
129473,0.052214,0.58949
121629,0.0513601,0.573983
129668,0.0498827,0.582654
130650,0.0538235,0.589058
127971,0.0572391,0.582452
130957,0.0463358,0.580256
124986,0.0561303,0.587602
131006,0.0549689,0.592274
134238,0.0548005,0.594206
132571,0.0596845,0.596243
123853,0.0523323,0.572763
131464,0.0560783,0.584179
129611,0.0496893,0.578508
128642,0.0543885,0.574758
127449,0.0463644,0.590287
127974,0.0501097,0.579329
133933,0.0482553,0.590915
130383,0.0546628,0.584167
131548,0.0476388,0.586417
129725,0.0534449,0.581122
113675,0.057405,0.585714
126421,0.0522059,0.578575
114792,0.0473711,0.585237
125658,0.0470334,0.574699
132363,0.0502747,0.590059
128591,0.0518996,0.587992
135831,0.0486726,0.585986
121716,0.0541761,0.580195
128322,0.0541151,0.575946
128778,0.052752,0.585073
118298,0.0500624,0.582656
123906,0.0505486,0.578874
130346,0.0477097,0.582818
129413,0.0493958,0.583616
126530,0.0512457,0.588904
129145,0.0560578,0.58286
122192,0.0552294,0.594479
126580,0.0482736,0.585879
121742,0.0482521,0.581258
122022,0.049895,0.587181
126452,0.0535234,0.580517
126046,0.0511411,0.584211
124091,0.0498217,0.589805
127129,0.0495232,0.575931
126501,0.0543719,0.577233
125309,0.0476173,0.582137
126438,0.0523757,0.586655
124176,0.0542489,0.580438
131495,0.0488988,0.578813
133868,0.0464579,0.581629
127352,0.0532352,0.592975
113642,0.0511164,0.563546
129995,0.0508176,0.582596
126318,0.0476274,0.58002
125667,0.0553034,0.585623
126262,0.0481764,0.582788
125042,0.0483221,0.574827
127188,0.0559506,0.577999
112817,0.0575378,0.586884
117253,0.0520193,0.577849
132849,0.05976,0.581766
127288,0.0561611,0.566373
127619,0.0498404,0.592392
130873,0.0500441,0.585281
127001,0.0502328,0.579763
127028,0.0494174,0.584828
124109,0.0502601,0.572138
122995,0.050297,0.562401
128353,0.0489871,0.593465
111780,0.0444069,0.567432
129431,0.0538449,0.581399
121848,0.0481536,0.589784
130294,0.0532916,0.58751
128380,0.0478523,0.582135
129512,0.0515465,0.587309
127167,0.0497583,0.584786
125368,0.0575615,0.56735
124535,0.0529157,0.570659
123629,0.0515554,0.589671
123714,0.0500194,0.585188
133740,0.0534122,0.600239
133234,0.0510591,0.595272
121497,0.053635,0.570401
121295,0.0496054,0.584492
122405,0.053383,0.569319
119219,0.0530332,0.581602
127744,0.0534636,0.595633
126708,0.050089,0.582706
124983,0.0466474,0.571242
127109,0.0470687,0.583865
125889,0.0497027,0.576548
125299,0.0507834,0.570064
132637,0.0530182,0.588783
128568,0.0503987,0.596311
132954,0.0505304,0.600441
115591,0.0498018,0.59268
129725,0.050621,0.579769
126752,0.0486205,0.587237
120954,0.0459075,0.589158
131135,0.0556816,0.579899
118955,0.0527391,0.569287
126623,0.0527388,0.593569
118431,0.047837,0.601738
125102,0.0553325,0.580491
126931,0.052098,0.595982
123661,0.0510575,0.594808
122479,0.0533555,0.576038
133348,0.057992,0.596151
126794,0.0523618,0.569235
118762,0.0481384,0.577293
126800,0.0545578,0.585201
123185,0.0494992,0.587454
134760,0.0500831,0.589923
111471,0.0498468,0.580165
128107,0.0492836,0.579325
129417,0.0584616,0.586395
131948,0.048569,0.585947
120377,0.0503867,0.575737
133683,0.0483763,0.581776
114301,0.0547736,0.591408
108605,0.0522348,0.584241
129823,0.0532458,0.577236
128929,0.0559432,0.574258
131769,0.0515174,0.569432
127049,0.0490659,0.581122
124116,0.0517089,0.573822
132255,0.0545978,0.592749
124672,0.0497748,0.569358
133122,0.0461283,0.582488
121365,0.0524548,0.580184
90077.7,0.0561072,0.585032
131717,0.0528855,0.593412
120043,0.0510548,0.58292
127944,0.0514317,0.585729
132629,0.0477032,0.584378
126839,0.0483796,0.575891
125907,0.0613667,0.593724
119800,0.0525385,0.602792
126760,0.0478824,0.579784
136007,0.047396,0.590227
122242,0.0508439,0.566414
124320,0.054588,0.567576
132711,0.0502267,0.595892
127833,0.0502016,0.593606
124565,0.0512558,0.573283
125386,0.053256,0.580631
130128,0.0530443,0.585523
128007,0.0481645,0.581773
126406,0.0521215,0.575677
122000,0.0470685,0.578873
119289,0.0551814,0.578708
118467,0.0507587,0.591333
131338,0.0544196,0.596484
122639,0.0532316,0.576656
128713,0.0513159,0.576208
126840,0.0491164,0.582801
122163,0.05094,0.579566
129953,0.0494906,0.591868
126186,0.0506378,0.581578
124528,0.0504903,0.591843
131974,0.0503569,0.575292
125924,0.0540403,0.592691
123853,0.0509641,0.587426
116113,0.0470702,0.585529
126504,0.0568426,0.584017
118824,0.0478967,0.585239
121550,0.0530761,0.588626
132502,0.0456656,0.577161
121802,0.0486944,0.569428
123486,0.0507975,0.566999
117425,0.053528,0.564135
129669,0.0527957,0.586652
128722,0.0486686,0.580356
124649,0.047406,0.591669
123966,0.0550482,0.596974
122985,0.0517463,0.581213
121930,0.0532227,0.57435
126439,0.0561036,0.575938
129585,0.0537664,0.574021
130331,0.0457965,0.583081
125084,0.0511771,0.57389
135502,0.0522803,0.591991
104289,0.0510957,0.586313
121757,0.0528045,0.578858
120090,0.049306,0.587838
124533,0.0535148,0.565645
116231,0.0532419,0.592153
123771,0.051004,0.575219
128362,0.0446754,0.595102
125486,0.0506548,0.578403
119222,0.0507711,0.57257
122249,0.0505998,0.592238
121217,0.0543009,0.576647
117631,0.0514773,0.568617
132186,0.0530599,0.587649
127264,0.0533603,0.577818
124995,0.052936,0.572779
123754,0.0500462,0.570935
133022,0.0579973,0.590286
129966,0.0536782,0.570926
117781,0.0498381,0.592256
126382,0.0572092,0.581997
116980,0.0505012,0.594674
123874,0.0535965,0.578931
126417,0.0516949,0.587374
124268,0.0497514,0.589021
131648,0.0497531,0.589394
125464,0.0578008,0.571268
123361,0.0514192,0.593417
121355,0.0535239,0.580779
132781,0.0530173,0.586861
129585,0.0545493,0.585195
129390,0.0475724,0.592561
127594,0.0533858,0.592846
129326,0.0497168,0.57865
130343,0.0548114,0.577093
126817,0.0508584,0.592775
130660,0.0516252,0.586293
129355,0.0529942,0.582679
119794,0.0580788,0.573589
121721,0.0509277,0.573541
130679,0.0571333,0.584888
122638,0.0510349,0.584329
130172,0.050742,0.593749
125182,0.0508614,0.576405
130503,0.0457673,0.592818
125428,0.0529433,0.584243
130045,0.0528651,0.580976
130708,0.0561191,0.600296
129579,0.0504786,0.59182
123541,0.0494751,0.579278
128761,0.054023,0.590299
126648,0.0511848,0.581482
127412,0.0497546,0.579415
129754,0.0482884,0.574044
132119,0.0499936,0.58341
135989,0.0529062,0.59496
123313,0.0560867,0.591848
126581,0.0517982,0.578148
132207,0.0523463,0.579765
129809,0.0476083,0.590013
129633,0.0529036,0.583713
121105,0.0472685,0.589063
123034,0.0502061,0.568131
123137,0.0511295,0.572159
124585,0.0505399,0.575467
130746,0.0463687,0.576943
130961,0.0564694,0.584235
129264,0.0473107,0.571393
126198,0.0538756,0.575461
130885,0.050727,0.586263
124025,0.0471026,0.572808
131156,0.0526962,0.592249
119547,0.0507506,0.590061
122198,0.053919,0.585947
125318,0.0487267,0.582634
121924,0.0578395,0.57574
127580,0.0502847,0.58747
120808,0.0528929,0.58576
133266,0.0515687,0.598945
120189,0.0485853,0.592462
124378,0.0558159,0.568292
128892,0.0534945,0.587077
124393,0.051615,0.573838
120908,0.0527027,0.571902
126289,0.0459291,0.576372
124698,0.0550715,0.574813
127932,0.0507395,0.568439
125647,0.0523467,0.581299
127319,0.0531854,0.589166
130291,0.0604708,0.586479
123523,0.0578877,0.585114
128467,0.0490888,0.579339
128333,0.0554663,0.591138
124697,0.0521465,0.578667
129067,0.0525258,0.580156
122923,0.0524416,0.58886
125378,0.0498975,0.577665
131334,0.0494058,0.58762
129377,0.0473004,0.583979
125042,0.0494119,0.58404
118777,0.0461599,0.57528
123561,0.0523812,0.57266
124616,0.0523408,0.578324
116870,0.0553071,0.573231
130125,0.0529665,0.574036
130497,0.0542606,0.580308
124821,0.0495103,0.576746
133747,0.0547096,0.607363
124483,0.0488211,0.582694
131409,0.049373,0.602375
133894,0.0523205,0.579634
117358,0.0570326,0.573911
126812,0.0483527,0.58614
123355,0.05054,0.581229
119967,0.0498294,0.589941
126620,0.0608509,0.574526
120434,0.0504889,0.572915
131704,0.0527898,0.593543
131551,0.0503207,0.598479
123042,0.0533935,0.582333
127171,0.0526347,0.586742
125767,0.049235,0.583158
74118.3,0.0552995,0.585343
124312,0.0530853,0.567519
121583,0.050642,0.581105
127503,0.0520939,0.584775
133326,0.0509152,0.587147
127290,0.054005,0.575179
120969,0.0547898,0.573957
128593,0.0586874,0.586583
127544,0.0466693,0.577891
125113,0.0527891,0.587257
124983,0.0496482,0.587496
126582,0.0546943,0.574707
131523,0.0479934,0.583621
126525,0.0569654,0.592247
132919,0.0502254,0.581881
126710,0.0587086,0.581474
129201,0.0547478,0.581551
128690,0.0529193,0.582978
123485,0.0562707,0.570669
128225,0.0511145,0.585475
128850,0.0597211,0.589177
125923,0.0518393,0.585477
129117,0.0475126,0.58538
131035,0.0536784,0.573671
129682,0.0485239,0.577278
132098,0.0518572,0.598203
125032,0.0499242,0.590029
124777,0.0536914,0.578917
129162,0.050634,0.595632
132894,0.0495241,0.597668
126391,0.0542061,0.582957
129496,0.0485501,0.578917
129123,0.0503527,0.586526
120541,0.0512922,0.586979
131710,0.0506394,0.603071
122388,0.0545831,0.567682
130468,0.050288,0.581893
126970,0.0557454,0.589627
120192,0.0516877,0.569069
132965,0.0528578,0.581604
126925,0.053916,0.589202
123826,0.0521237,0.584506
130230,0.0547346,0.586931
125674,0.0508656,0.570341
129170,0.0525286,0.583882
127140,0.0567743,0.579597
130328,0.0498307,0.577009
126321,0.0518192,0.582694
126500,0.0458624,0.587731
129879,0.0521201,0.586061
130581,0.0551874,0.588466
126451,0.0607123,0.582047
122030,0.0541676,0.586872
127888,0.0498368,0.584445
121498,0.0539694,0.589479
120017,0.0563689,0.58243
128786,0.0586687,0.588247
131022,0.0529977,0.581544
117302,0.0526157,0.576661
100015,0.0501282,0.583758
118930,0.0515395,0.589754
123218,0.0519147,0.576584
131145,0.0539906,0.577136
130408,0.0509645,0.573159
125151,0.0524505,0.573755
131164,0.0490952,0.596188
138069,0.0528158,0.592342
116927,0.053286,0.577227
120442,0.047932,0.59062
121679,0.056473,0.580659
126497,0.0504344,0.585037
130172,0.05888,0.573011
121509,0.0484929,0.577418
125196,0.0510153,0.579431
131608,0.0515444,0.592559
130552,0.0496519,0.583365
130235,0.049355,0.591841
122277,0.0478776,0.572045
126233,0.049678,0.573633
125449,0.0527371,0.578155
139621,0.0504338,0.593381
126287,0.0500639,0.584569
125176,0.0552531,0.584302
132381,0.0537769,0.610379
125526,0.0530455,0.588113
127349,0.0505682,0.568544
116247,0.048335,0.593672
130232,0.0573402,0.583969
100851,0.0466074,0.574555
126452,0.0524904,0.600876
129256,0.0512188,0.593036
132046,0.0513142,0.589949
127473,0.0557693,0.589968
131311,0.0517018,0.580401
132039,0.0507448,0.59362
128315,0.0540006,0.582095
130689,0.0503472,0.581109
121698,0.0506493,0.577688
131917,0.052996,0.59559
122717,0.0497424,0.580201
128925,0.0519649,0.578018
116272,0.0555686,0.581872
127346,0.0472905,0.581012
125054,0.0524135,0.574244
135366,0.0564505,0.596908
118964,0.0535601,0.579633
123281,0.0513194,0.575421
120686,0.050611,0.585913
110830,0.0491308,0.572458
131398,0.0565023,0.585785
97453,0.0546986,0.586744
125223,0.0501524,0.579315
126951,0.0525019,0.587656
126684,0.0512615,0.574378
120524,0.0568981,0.574616
129131,0.0490088,0.577034
126185,0.0499452,0.579534
111772,0.0464099,0.581751
126123,0.0532526,0.575688
131086,0.0513263,0.585025
127741,0.044221,0.576514
117414,0.0431156,0.582397
126365,0.0498789,0.576655
124315,0.0563791,0.590994
129285,0.0488949,0.594157
124555,0.0515906,0.570864
131553,0.0509303,0.601583
130178,0.047534,0.580766
119648,0.052516,0.57222
123724,0.0553635,0.578291
130089,0.0500178,0.58282
123167,0.0471091,0.595553
123480,0.0530828,0.578973
130593,0.0551343,0.586635
130907,0.0474821,0.588509
132737,0.056656,0.59633
131986,0.0491273,0.594275
122914,0.0464277,0.585979
128849,0.0534796,0.586419
128772,0.0501165,0.583096
123619,0.0490357,0.58891
124923,0.0475514,0.569499
130701,0.0520884,0.59078
128089,0.0460746,0.568359
129980,0.0526196,0.574854
130720,0.0515935,0.590835
125283,0.051967,0.585854
122035,0.0533404,0.579096
120541,0.0500076,0.588651
120767,0.050765,0.580564
122567,0.0536064,0.579332
128414,0.0505804,0.599615
128666,0.052478,0.589375
130676,0.0471556,0.585111
122201,0.0553706,0.565941
76095,0.0548833,0.586609
124240,0.0504457,0.594901
122039,0.0554921,0.579725
131817,0.0523491,0.589367
130370,0.053929,0.592448
125209,0.0498787,0.585097
124561,0.0542448,0.573153
130059,0.0476639,0.584004
122301,0.0467898,0.59311
126075,0.0480332,0.581547
128861,0.0556145,0.589472
125335,0.0554022,0.583117
126762,0.0522699,0.584513
125605,0.0496883,0.572804
121836,0.0475379,0.590088
124658,0.0521392,0.587395
133782,0.0522061,0.587684
118128,0.0552502,0.587845
125565,0.0477296,0.566738
131428,0.0484426,0.59789
127272,0.0494056,0.581353
123973,0.0495515,0.577372
127097,0.053398,0.586107
129852,0.0472217,0.590469
119038,0.0517418,0.567621
114413,0.0490685,0.563892
123972,0.0453328,0.582329
133128,0.0554029,0.595484
124126,0.0554712,0.569514
129809,0.0472601,0.586327
127576,0.054031,0.584914
118905,0.0487469,0.573231
129884,0.0485125,0.590319
127507,0.0493339,0.57667
132942,0.0561923,0.593812
125902,0.0516408,0.571687
119659,0.050018,0.577846
127176,0.048624,0.589152
119276,0.0573408,0.587645
124379,0.049585,0.578751
124925,0.0598431,0.579756
127535,0.0552067,0.593417
120477,0.0527871,0.58739
128036,0.0474639,0.583105
132144,0.0505001,0.58367
124090,0.0578161,0.573942
130854,0.0553955,0.595499
128409,0.0537314,0.574855
126260,0.0569722,0.5766
117290,0.0529376,0.571609
127618,0.0462911,0.586853
123122,0.0463339,0.57653
129877,0.0495946,0.58212
127054,0.0474992,0.570636
120157,0.0555541,0.574744
132591,0.0560475,0.582162
127941,0.0478496,0.587978
135106,0.0525436,0.590806
127365,0.052676,0.575959
132242,0.0540925,0.583964
131772,0.0556507,0.589401
107721,0.0472084,0.574823
128792,0.0551304,0.586841
129194,0.0480982,0.600976
125120,0.0568994,0.586745
126839,0.0536545,0.58145
124706,0.0518148,0.578885
133282,0.0503576,0.581804
110785,0.0563267,0.586117
121034,0.0588047,0.579287
131224,0.0521917,0.578667
117750,0.0545206,0.573104
123844,0.0563894,0.570843
123850,0.0557212,0.579802
128825,0.0530932,0.59027
124905,0.0573724,0.57043
114149,0.0528151,0.57654
123429,0.0481943,0.566532
126513,0.0572635,0.586789
129162,0.0493742,0.588931
128755,0.0480439,0.585204
131901,0.0498461,0.590742
123565,0.0551372,0.59393
134114,0.0486566,0.607308
125876,0.0501932,0.579018
125054,0.0557103,0.569406
128740,0.0488857,0.596392
119527,0.0500683,0.579539
128483,0.0491162,0.571803
126993,0.0540166,0.591277
127878,0.047889,0.578849
127513,0.052406,0.571797
124352,0.0567138,0.584068
128778,0.049706,0.584576
131280,0.0542622,0.584038
134075,0.0493721,0.586578
121804,0.0511192,0.572715
131850,0.0520291,0.588681
127074,0.0562044,0.587551
130445,0.0568629,0.59864
126567,0.0521076,0.590849
112488,0.0539131,0.5806
125429,0.0500048,0.580328
130315,0.0470125,0.582838
119025,0.0419664,0.58053
132151,0.0523465,0.600385
118759,0.0561968,0.580116
125987,0.0499983,0.590307
118307,0.0542507,0.593046
129683,0.0534256,0.594037
120794,0.0538701,0.590402
127403,0.0504298,0.582227
128872,0.0485889,0.582225
130331,0.0472652,0.576398
129515,0.0495092,0.598525
128715,0.0549728,0.594231
126728,0.0509186,0.587498
119902,0.0515873,0.58705
129804,0.0557315,0.580911
123074,0.0518247,0.581654
125010,0.0509536,0.590433
121782,0.0486998,0.576887
121547,0.0521717,0.571487
128885,0.0485714,0.583357
129447,0.0500469,0.5805
122091,0.0473425,0.579179
125035,0.0482048,0.583288
122304,0.0531745,0.573914
124932,0.0493759,0.584186
128220,0.0548511,0.58586
132237,0.0465524,0.595741
120686,0.0463085,0.586427
128138,0.0508596,0.579508
128183,0.0518524,0.575923
124178,0.054712,0.581484
127445,0.0527985,0.594829
116959,0.0487878,0.580224
118812,0.0543384,0.566538
130948,0.0485643,0.574728
130166,0.0514021,0.592585
123865,0.0494543,0.567565
131537,0.0539138,0.593213
123839,0.0542799,0.575776
127707,0.055208,0.58568
121252,0.050233,0.584535
130014,0.0529771,0.589567
126500,0.0518499,0.589039
124174,0.047507,0.577351
122059,0.0475916,0.570433
123118,0.0522075,0.581568
130076,0.0539612,0.577005
112845,0.0513016,0.571797
128154,0.0539224,0.601101
130686,0.052291,0.587553
133689,0.0537788,0.585662
127306,0.0541291,0.586814
128614,0.0500072,0.585131
119860,0.0534081,0.58676
133849,0.0492001,0.587509
122124,0.0484774,0.589863
45642.3,0.0660914,0.569267
123968,0.0499423,0.585106
134335,0.0490048,0.589511
124270,0.0486545,0.592037
125805,0.0494136,0.60562
121016,0.0519589,0.582332
124987,0.0512968,0.579792
121727,0.0568779,0.571168
133871,0.0521708,0.595084
126045,0.0503305,0.578349
126651,0.0453725,0.579131
130380,0.0474282,0.593293
132411,0.0490094,0.591911
120461,0.0498244,0.576543
119431,0.0492626,0.564916
124934,0.0490331,0.592645
118790,0.0493694,0.574362
116301,0.0502158,0.574905
128031,0.0486654,0.576032
126078,0.0488762,0.574735
126896,0.0513644,0.587462
127741,0.0529098,0.577391
121133,0.0483761,0.587334
129324,0.0511093,0.576471
131686,0.0530056,0.583672
109020,0.0516331,0.582889
133640,0.0554756,0.591155
127575,0.0454063,0.588708
130609,0.0549515,0.587866
124819,0.0493009,0.575017
120713,0.0509756,0.597417
127911,0.050566,0.589625
132705,0.0518222,0.581779
122558,0.0505973,0.582594
127689,0.0496838,0.588817
127801,0.0557986,0.590116
126397,0.049444,0.584852
124492,0.0463207,0.5946
134935,0.0494047,0.588031
127480,0.0486264,0.584504
130647,0.0572736,0.584304
119975,0.0504586,0.582113
128947,0.0478573,0.588021
116548,0.0499334,0.580881
124409,0.0515657,0.582944
120934,0.0526749,0.566082
123521,0.0502679,0.585548
132270,0.0513689,0.58531
131331,0.0511081,0.585608
130164,0.0515916,0.581578
127213,0.0554787,0.591807
122554,0.0534015,0.570414
125824,0.0510993,0.582961
130477,0.0525119,0.58818
126069,0.0550606,0.593449
124936,0.0558594,0.585087
124999,0.0530342,0.584873
131839,0.0523038,0.574769
129195,0.0536726,0.581071
126693,0.0492037,0.582806
125899,0.0486937,0.583928
118036,0.0460632,0.567221
119932,0.0520281,0.572666
121524,0.0520088,0.572796
129242,0.0494887,0.572287
132681,0.0503555,0.584108
133739,0.0543211,0.597896
130371,0.0490114,0.581613
107393,0.0542649,0.591817
123292,0.0458854,0.578266
129018,0.0487241,0.580915
119286,0.0536084,0.58037
117223,0.0551116,0.601392
122975,0.0543988,0.565493
129286,0.0437565,0.605704
124579,0.050388,0.578833
62647.3,0.058642,0.585255
127551,0.0510721,0.576432
128188,0.0484757,0.585496
128766,0.0503209,0.57806
128182,0.0476233,0.586701
136399,0.0491821,0.581687
124239,0.050738,0.580522
129324,0.0482355,0.592705
126474,0.0510194,0.570461
125220,0.0526834,0.572193
129242,0.0468281,0.57604
125421,0.0502945,0.575362
131131,0.0527042,0.580843
120112,0.0465767,0.595111
125669,0.0529805,0.586577
123247,0.0465155,0.588128
122672,0.0446839,0.578082
122043,0.0505685,0.566886
127008,0.0504375,0.581558
130775,0.0516155,0.580451
120432,0.0544916,0.584496
129960,0.0539506,0.57889
125629,0.0513607,0.580543
124801,0.0484081,0.575476
131914,0.0442391,0.580913
125835,0.0496677,0.572993
113643,0.0511085,0.573027
129761,0.0483533,0.58464
108735,0.0492726,0.576999
125438,0.0480452,0.583599
130099,0.0504358,0.582829
133114,0.0503167,0.593551
132715,0.0471141,0.577802
130682,0.0543628,0.596039
128295,0.049323,0.599384
121565,0.0525457,0.577523
117891,0.0563997,0.568894
130125,0.0475612,0.57819
126638,0.0576722,0.584935
125406,0.0466952,0.577588
128058,0.0530032,0.591033
123377,0.0524855,0.576088
126811,0.049068,0.57053
130255,0.047309,0.589567
129532,0.0495098,0.569029
130352,0.0475373,0.591034
127059,0.0554229,0.592682
122572,0.0518676,0.586162
125874,0.0473883,0.586845
121783,0.0554336,0.574612
116018,0.0498694,0.588784
117588,0.0484356,0.573422
118478,0.0515727,0.59073
131688,0.0499567,0.585137
130206,0.0548378,0.568737
128353,0.0542809,0.586021
126627,0.0521498,0.592299
134379,0.0502185,0.576746
125108,0.0480825,0.580602
126733,0.0508852,0.593511
127196,0.0464078,0.580179
127868,0.054279,0.584247
131326,0.0520423,0.58796
131448,0.0478583,0.585703
125896,0.0529041,0.581405
131001,0.0499473,0.578327
129140,0.048538,0.592698
124690,0.0487799,0.577993
127333,0.0576657,0.579661
128018,0.0528045,0.584266
123694,0.0523713,0.591917
128966,0.0540107,0.588027
127310,0.0555585,0.589903
129757,0.0525758,0.579541
121151,0.0532916,0.57846
128472,0.0513027,0.567365
128831,0.0459933,0.598963
120000,0.0522644,0.583696
129050,0.054732,0.571941
127246,0.0525641,0.57757
130317,0.050762,0.582403
128103,0.0539699,0.587063
119699,0.0518512,0.578033
129377,0.0484579,0.591403
129779,0.0481718,0.60969
129541,0.05155,0.580338
132213,0.0520623,0.590006
126043,0.0536844,0.583868
126053,0.0469677,0.579673
118806,0.0533909,0.570388
131262,0.0529422,0.59019
126427,0.0461607,0.576677
124661,0.0552187,0.570074
128383,0.0535085,0.58024
130636,0.0510187,0.575657
131868,0.0498213,0.575515
123731,0.0496728,0.586159
126594,0.0467338,0.569008
134133,0.0508,0.591219
126137,0.0518558,0.577495
118988,0.0484166,0.595152
131227,0.0485137,0.574939
135043,0.0511007,0.58799
133244,0.0470988,0.586476
127512,0.0495191,0.586043
128319,0.0543932,0.57933
125238,0.0513411,0.577472
125571,0.0478101,0.591247
132565,0.0527414,0.587052
134813,0.0534077,0.589976
124417,0.0534484,0.577634
129160,0.0505786,0.594608
126721,0.0546734,0.581186
124840,0.0521792,0.589558
129524,0.0561141,0.598503
121639,0.0529458,0.58344
118307,0.0513553,0.587011
128231,0.0464183,0.583459
134936,0.0521228,0.594226
126177,0.0528579,0.577161
131434,0.0525119,0.584632
128398,0.0492018,0.593195
127234,0.0591366,0.583008
126925,0.0522794,0.583332
125848,0.0512147,0.585774
131821,0.0497484,0.585772
124034,0.0501584,0.571791
124194,0.0546476,0.568638
121490,0.0508878,0.582085
122222,0.0532326,0.578807
124760,0.0534159,0.584262
124862,0.05148,0.591853
129447,0.0492811,0.590771
127576,0.0456838,0.580246
127919,0.0512119,0.57484
130405,0.0505273,0.580419
125395,0.0511604,0.571833
120839,0.0527015,0.566286
127976,0.0489691,0.576877
123481,0.0488148,0.575437
125453,0.0561154,0.569552
123686,0.0566007,0.581852
129447,0.0479655,0.580863
128253,0.0477782,0.581639
124657,0.0566312,0.579205
123399,0.0539772,0.587205
122924,0.0494628,0.590059
118733,0.0487384,0.582113
125434,0.0495834,0.585005
130684,0.0553321,0.592999
126594,0.0500351,0.585438
123748,0.0570973,0.592357
130232,0.0548317,0.588392
130244,0.0559301,0.57904
132541,0.0504166,0.581167
122173,0.0564578,0.576895
133602,0.0518866,0.602543
124492,0.0565516,0.577033
130472,0.0533674,0.592004
123836,0.0534927,0.582791
110601,0.049374,0.577386
125448,0.0483742,0.57535
133058,0.0510417,0.579101
117839,0.0561106,0.579549
129532,0.0517893,0.578193
118298,0.0514395,0.573704
129190,0.0540266,0.567471
121568,0.0514791,0.581477
129086,0.0477467,0.589944
124474,0.0492683,0.570694
124296,0.0575478,0.573402
110293,0.0497489,0.576886
128428,0.0524311,0.574789
129052,0.0599598,0.583974
131715,0.0539887,0.579964
130281,0.0569696,0.585439
133240,0.0526865,0.586194
122227,0.0563722,0.576808
125192,0.0483677,0.579522
129012,0.0537913,0.583097
127180,0.0498875,0.574269
123622,0.0486965,0.585943
124942,0.0620906,0.587077
119254,0.0484377,0.589745
126427,0.044912,0.578765
125261,0.0477666,0.589325
134042,0.0545866,0.584477
132438,0.0504262,0.590442
128280,0.0603417,0.599629
127494,0.0496707,0.583761
128952,0.051535,0.589231
125189,0.05171,0.566144
127312,0.0528023,0.592376
129609,0.0567328,0.589199
127384,0.0572362,0.577153
118286,0.054822,0.567671
124477,0.0516124,0.587418
128533,0.047131,0.585916
123735,0.0593544,0.590892
133326,0.056285,0.592368
115880,0.0526684,0.597778
119756,0.0513725,0.58987
131490,0.0521861,0.59546
125516,0.0478663,0.585403
125431,0.0469065,0.595878
130753,0.0524915,0.586423
128269,0.0541045,0.580167
127710,0.0487571,0.599009
129624,0.0488757,0.590824
124489,0.0510939,0.590651
122667,0.0487276,0.588577
116157,0.0487487,0.577386
129781,0.0490647,0.582193
127081,0.0503778,0.580799
129812,0.0539774,0.590053
124378,0.0471242,0.576625
121449,0.0536627,0.574327
130281,0.0494834,0.580511
118915,0.0495971,0.569142
127808,0.0491052,0.586974
130322,0.0560368,0.586298
123318,0.054869,0.576737
130657,0.0519692,0.598234
129831,0.0447992,0.573076
126654,0.0535635,0.574048
127752,0.0561846,0.592151
124114,0.0503475,0.589353
130486,0.0529093,0.587224
130465,0.0481938,0.597582
125058,0.049213,0.569776
123950,0.052688,0.578584
128716,0.0510822,0.590941
119821,0.051924,0.572725
120214,0.0487348,0.577395
122695,0.0518939,0.586124
127797,0.0486009,0.574798
119042,0.0491827,0.585201
138268,0.0530931,0.599087
122941,0.0553654,0.578342
122476,0.0480975,0.579946
121868,0.0509403,0.590339
133636,0.0558848,0.585901
127324,0.0493787,0.580456
123761,0.052629,0.584825
34771.3,0.0604743,0.578283
124261,0.0493861,0.588676
126476,0.0527471,0.580237
127919,0.049837,0.582826
124180,0.0527229,0.573647
123831,0.0513783,0.583678
123468,0.0572593,0.587435
129775,0.0495036,0.577122
124612,0.0457547,0.573909
124983,0.0555221,0.58814
122034,0.0495878,0.585669
123836,0.0462843,0.579424
120616,0.0529935,0.596144
132554,0.049324,0.586425
126218,0.0516682,0.589096
128943,0.0551042,0.585654
127143,0.0503799,0.574711
121784,0.0459846,0.584248
117470,0.0480269,0.588222
127486,0.0538178,0.590421
122689,0.0565446,0.573804
123695,0.0593304,0.577505
130790,0.0528522,0.582862
122414,0.0553159,0.573256
125811,0.0524232,0.578741
131204,0.0539194,0.575886
127758,0.0467953,0.585478
123771,0.0551326,0.586535
131259,0.0509782,0.5866
128372,0.0489386,0.579402
119679,0.0543113,0.575949
121787,0.0501959,0.577578
128593,0.0485273,0.586046
128499,0.0503014,0.566028
125675,0.0530693,0.593571
126401,0.0494147,0.567709
104330,0.0597616,0.582934
125282,0.050639,0.574212
124858,0.0517795,0.577708
128949,0.0478992,0.590443
129767,0.0534483,0.595202
123753,0.0515549,0.590014
123089,0.0558675,0.578788
129889,0.0533111,0.578737
128333,0.0598131,0.578709
126906,0.0524389,0.575654
128654,0.0498859,0.58259
128343,0.046926,0.594045
127790,0.0488519,0.583179
129512,0.0572002,0.578584
126834,0.0521254,0.569863
111335,0.0555831,0.583828
125618,0.043468,0.59011
126435,0.0512841,0.575438
122636,0.0488377,0.573698
125281,0.0498396,0.568933
125478,0.0534068,0.581034
123074,0.051101,0.567931
130451,0.0467883,0.595618
121052,0.0572371,0.576909
130928,0.0526885,0.592764
122207,0.0510743,0.574186
132356,0.0502036,0.580612
124077,0.047916,0.585322
133818,0.0538896,0.585201
125674,0.0444475,0.55971
76027,0.0583811,0.579965
131720,0.0467055,0.584288
132425,0.0481355,0.586498
117009,0.0553653,0.571725
125304,0.0506939,0.574607
129423,0.0500122,0.577876
120202,0.0542674,0.575011
130765,0.0504679,0.594903
133598,0.0538827,0.59282
126146,0.0538349,0.574005
132077,0.0568465,0.588251
120491,0.0541967,0.582019
131935,0.0479321,0.600485
131371,0.0468346,0.58291
131262,0.0542659,0.592083
126690,0.0535502,0.582796
130380,0.0528305,0.587586
132100,0.0500551,0.57338
122660,0.0470136,0.582875
126679,0.0517705,0.599744
127481,0.0478731,0.575697
121318,0.0547646,0.57803
129160,0.047922,0.592095
120985,0.0438839,0.579018
129557,0.0532257,0.583268
126214,0.0500833,0.576038
129326,0.0511724,0.587136
133144,0.0482681,0.58733
124513,0.0532822,0.579682
132484,0.049665,0.581198
129542,0.0530779,0.582282
123344,0.056865,0.571832
114803,0.0593477,0.56384
136427,0.0474725,0.590279
129898,0.0507404,0.584501
126848,0.0534703,0.581283
126630,0.0475349,0.584897
125005,0.0536708,0.576437
126265,0.0512322,0.578442
131149,0.0499729,0.587496
132573,0.0454848,0.600266
127268,0.0560142,0.573778
118322,0.0537655,0.587034
126639,0.0480082,0.578491
126963,0.0504478,0.575845
131196,0.0526871,0.595396
125691,0.0478127,0.577344
125697,0.04777,0.583455
121998,0.0492046,0.578825
121081,0.0487603,0.585208
128901,0.0496739,0.586105
129310,0.0497842,0.576278
120359,0.0537478,0.59455
127638,0.0578707,0.574958
128654,0.0520247,0.590766
100705,0.0573095,0.587026
130000,0.0494439,0.575811
125832,0.050686,0.59494
122850,0.0463717,0.593419
129467,0.0523668,0.571779
127337,0.0501899,0.5905
129730,0.0551093,0.581273
130264,0.0581325,0.584897
148061,0.0430075,0.59511
123354,0.0503302,0.594715
127694,0.0535076,0.583121
131756,0.0522458,0.582482
120466,0.0501101,0.575751
122019,0.0582291,0.586774
126678,0.0493138,0.579974
132623,0.0568693,0.577927
133639,0.0520452,0.590326
127971,0.0541951,0.594541
120378,0.0474396,0.594806
126465,0.0543958,0.589048
121340,0.0511008,0.574629
125685,0.0502404,0.577436
125593,0.049436,0.570975
126866,0.0529403,0.565352
108030,0.0476348,0.579917
133021,0.0542216,0.59444
129554,0.0469046,0.570415
125728,0.0474248,0.580853
131978,0.0551208,0.591784
121466,0.0533184,0.584604
125242,0.0546216,0.571478
130513,0.0563993,0.572054
125410,0.052716,0.58835
131547,0.0541461,0.598923
124919,0.0577636,0.594081
119320,0.0538011,0.59089
122226,0.0524402,0.586598
119677,0.0484396,0.585881
125733,0.0603815,0.58532
118218,0.0488079,0.572823
130861,0.0543735,0.604714
126819,0.0561457,0.577496
128268,0.0504908,0.599651
120663,0.0496165,0.591072
129317,0.0549714,0.58055
125899,0.0565348,0.564679
131824,0.0490016,0.573579
132233,0.0493841,0.577107
113971,0.0547847,0.578389
127486,0.0519537,0.578012
131132,0.0518678,0.573216
120435,0.050646,0.567007
126307,0.0580247,0.568725
123276,0.0499824,0.578799
129869,0.0518726,0.592239
129517,0.0494225,0.593702
129931,0.0507494,0.592037
114547,0.0499,0.572045
126913,0.0518437,0.594128
126859,0.0478647,0.578442
131093,0.048345,0.575881
130469,0.0515584,0.594758
127715,0.0477463,0.583087
129361,0.0497629,0.599103
125017,0.0564984,0.584033
130006,0.0537098,0.584877
128098,0.0536975,0.582913
126419,0.050795,0.582005
128049,0.0515571,0.587654
130693,0.0555301,0.585843
134489,0.050261,0.581835
115846,0.0525127,0.59343
124723,0.0571578,0.580947
122994,0.0553451,0.595281
128131,0.0501902,0.584461
122337,0.0528762,0.583009
124439,0.04879,0.588445
127999,0.0481305,0.58159
126834,0.0541811,0.578078
126638,0.0511421,0.574579
122409,0.0559199,0.581848
123858,0.0538056,0.582461
124073,0.0508225,0.582206
118542,0.0577669,0.57809
132273,0.0532482,0.592079
127178,0.0490571,0.575921
122909,0.0550143,0.581637
133106,0.0524552,0.588824
125026,0.0524294,0.58539
129250,0.0520513,0.584715
119209,0.0533458,0.581051
129811,0.0479705,0.586834
125994,0.0537681,0.591032
108870,0.0506808,0.58405
131800,0.0502729,0.588107
123323,0.0468813,0.584526
123226,0.0582403,0.586029
130217,0.0513305,0.575132
102195,0.0517285,0.580782
129384,0.05385,0.588848
129969,0.0561063,0.586882
125147,0.0473373,0.59023
131704,0.0540446,0.601288
126511,0.0465765,0.58838
129348,0.050292,0.587496
131661,0.0497645,0.580282
122485,0.0509632,0.572866
123421,0.0465695,0.586954
123930,0.0520723,0.573779
130451,0.0545431,0.575209
110186,0.0548009,0.588981
121229,0.0507436,0.580538
120674,0.0492737,0.575066
117879,0.0540359,0.600331
130710,0.0525717,0.596087
131681,0.051244,0.585848
128295,0.0551324,0.594988
126261,0.0468963,0.576588
133606,0.0499401,0.587013
127776,0.0528963,0.584198
132139,0.0479856,0.584964
130366,0.0533367,0.590748
123311,0.0549996,0.580228
127856,0.0518405,0.5665
129346,0.0513228,0.583485
130319,0.0517379,0.59382
130062,0.0567066,0.590291
128284,0.0534543,0.588304
125587,0.0527501,0.57506
133476,0.0498322,0.589417
130382,0.0535379,0.58757
116684,0.0481871,0.566753
132353,0.0528669,0.598146
124079,0.0564812,0.588927
128401,0.0510411,0.589466
129084,0.0480503,0.595423
131315,0.0491161,0.6012
122415,0.0530162,0.574243
124090,0.0477203,0.577951
126251,0.0471321,0.578815
124235,0.0529227,0.591769
124077,0.0487596,0.567873
121535,0.0508876,0.584609
123854,0.0519224,0.585871
124814,0.0526387,0.577784
133010,0.0528221,0.589471
126473,0.0504511,0.582737
128793,0.0549628,0.595855
125726,0.0515716,0.573728
128541,0.0534501,0.589524
124630,0.0535542,0.586724
122607,0.0486375,0.581276
125470,0.0516222,0.584243
124188,0.0505838,0.589231
124727,0.0502119,0.587764
131102,0.0512396,0.582745
133523,0.0553649,0.591647
123692,0.0537048,0.581618
129039,0.0480753,0.58528
125735,0.0519289,0.573218
131876,0.0564538,0.580852
130844,0.0498589,0.586557
123873,0.0498065,0.583594
129020,0.0533,0.582937
133406,0.0525219,0.589362
124169,0.0484019,0.583209
128189,0.0563385,0.582277
122868,0.0506265,0.580322
120920,0.0495049,0.584151
126676,0.0452441,0.586208
124501,0.0507428,0.597409
122899,0.0511016,0.573507
126469,0.0533794,0.580123
119418,0.0526175,0.586096
120552,0.0521662,0.589016
131123,0.0491065,0.582785
125527,0.0521365,0.590502
124771,0.0546146,0.586134
124376,0.0475509,0.58699
128809,0.0528386,0.579478
125194,0.0465986,0.583798
129127,0.0552059,0.575468
133880,0.051494,0.605755
128222,0.052435,0.593834
127001,0.0505633,0.603282
127800,0.0487999,0.581976
117143,0.0490332,0.596165
126215,0.0507806,0.595678
121262,0.0531619,0.582177
120801,0.0502346,0.598136
126490,0.0550612,0.584035
132501,0.0490611,0.586765
120082,0.050665,0.595015
127539,0.0500882,0.577729
121571,0.0519685,0.58064
122106,0.0506962,0.582916
120723,0.051753,0.588007
117790,0.0534595,0.579977
125455,0.0489849,0.571284
126578,0.0514645,0.591801
131387,0.0493399,0.575837
130057,0.0544139,0.585086
132301,0.0503998,0.591152
130855,0.0523409,0.583268
123734,0.0510066,0.586763
118072,0.0527298,0.585673
124299,0.0480879,0.586706
126049,0.0518701,0.574979
124863,0.0552689,0.593314
126815,0.0555953,0.587651
124082,0.0534623,0.579327
123382,0.0500922,0.581232
124827,0.0461866,0.575753
125709,0.0554494,0.587225
122937,0.0554348,0.582449
125672,0.0546371,0.578947
126849,0.0506947,0.596654
123589,0.0512862,0.575759
119666,0.0532526,0.566665
133076,0.0579551,0.576426
121325,0.051657,0.583684
108939,0.0514454,0.586801
121702,0.0473424,0.581511
129812,0.0488222,0.580566
126553,0.0522858,0.584352
123766,0.0502246,0.581545
128351,0.0530587,0.598535
124309,0.051367,0.582492
128077,0.0536485,0.578172
132021,0.0528976,0.582517
121537,0.0448924,0.589668
131537,0.0515246,0.585375
120239,0.0500057,0.574219
112988,0.0491023,0.586678
131379,0.0490748,0.593573
130175,0.0565795,0.584579
134354,0.0550503,0.597634
125387,0.0520222,0.595122
132079,0.0519658,0.585309
115963,0.0572463,0.559872
128372,0.0482669,0.59025
121923,0.0471533,0.577012
132082,0.0553096,0.587378
126201,0.0546533,0.563545
124719,0.052285,0.591714
126282,0.0532919,0.574444
122335,0.0495536,0.579965
130096,0.0463271,0.578261
125662,0.0542678,0.584317
119121,0.0513021,0.57685
129639,0.050882,0.582113
126245,0.0498103,0.5731
132435,0.0492518,0.594775
114426,0.0507913,0.572104
122664,0.0542257,0.589586
125332,0.0558065,0.570656
125411,0.049422,0.592424
123026,0.0487653,0.582669
125871,0.0549588,0.592313
129591,0.0551704,0.593325
128574,0.0546687,0.58833
126840,0.0440729,0.592246
127230,0.0471052,0.581926
129459,0.0496711,0.577855
135525,0.0522283,0.582221
126689,0.0513334,0.592988
134332,0.0517435,0.591981
124945,0.054038,0.572128
128970,0.0528907,0.575281
132702,0.0511293,0.57793
126980,0.0561547,0.576059
129977,0.05324,0.589077
126850,0.0528031,0.591459
124864,0.0513035,0.575706
130273,0.0550538,0.595307
124613,0.0564578,0.587936
124076,0.0439732,0.577243
131732,0.0511464,0.590977
115741,0.0549347,0.583817
134310,0.0555659,0.590123
122535,0.0542581,0.575162
121955,0.0488871,0.582047
118061,0.051393,0.583372
128945,0.054163,0.580624
126292,0.0503823,0.586946
125040,0.0532446,0.594166
121627,0.0484543,0.592767
131717,0.0520828,0.591188
135711,0.0518431,0.583509
123760,0.0498146,0.579311
112707,0.0535691,0.582723
122546,0.0496393,0.580774
124265,0.0550983,0.57608
130408,0.0508864,0.570755
129356,0.0499578,0.573626
127926,0.0493431,0.593472
130552,0.0481186,0.589508
118127,0.0539167,0.584409
126186,0.0492005,0.582569
126639,0.0464529,0.5827
125221,0.0477062,0.582111
130648,0.0543104,0.580782
112559,0.0551816,0.573068
125497,0.0526578,0.577894
127552,0.0517258,0.580826
128583,0.046607,0.586773
130775,0.0469035,0.57706
131797,0.056855,0.594244
125317,0.0523942,0.580204
134766,0.0498132,0.597677
124925,0.0549691,0.58309
118582,0.052462,0.578709
120902,0.0532845,0.584258
128887,0.0510193,0.587119
131372,0.0501987,0.591861
126567,0.0513888,0.58388
126173,0.0525361,0.584059
124999,0.0534567,0.579976
118677,0.0494466,0.57852
125128,0.0503274,0.579627
121161,0.0503622,0.585556
114538,0.0483885,0.57597
124674,0.0452945,0.575108
125629,0.0502272,0.590512
132858,0.0514785,0.607329
131706,0.0460887,0.583945
121168,0.0473121,0.564939
126704,0.0513439,0.584698
125896,0.0537609,0.568775
128918,0.0566148,0.590705
117855,0.0583649,0.580124
124113,0.0560036,0.572337
128539,0.0525046,0.591859
126909,0.0485674,0.580806
120059,0.0537159,0.571481
120554,0.0576251,0.572677
136528,0.0533432,0.598009
129308,0.0524138,0.595013
124904,0.0462173,0.588095
126342,0.0557029,0.5906
127222,0.052415,0.583182
130570,0.0498098,0.579141
125485,0.0482335,0.574674
127202,0.0509138,0.594012
122930,0.0554124,0.581233
124114,0.0532102,0.58769
18986.3,0.0713047,0.554697
128453,0.0564256,0.596568
125290,0.049878,0.585581
118101,0.0511947,0.575258
128972,0.0478882,0.579494
132789,0.0512627,0.596123
126875,0.0527105,0.574778
119068,0.0481685,0.583398
132354,0.0491405,0.588562
107532,0.0508483,0.57408
136060,0.0535779,0.58476
129201,0.0545804,0.592554
124931,0.0560175,0.599907
133158,0.0568461,0.588372
124869,0.047648,0.594587
128238,0.054116,0.573758
129226,0.0517213,0.575198
112105,0.0569341,0.579354
126722,0.051441,0.58729
119699,0.0535938,0.58478
123271,0.0510772,0.581337
132035,0.0511398,0.591658
130851,0.0508333,0.583587
123775,0.0509661,0.576308
127723,0.0510323,0.580737
130029,0.0555699,0.585492
127618,0.0470412,0.585348
124654,0.0509584,0.582472
119930,0.0472278,0.58269
130276,0.0490797,0.587733
123837,0.049736,0.581878
119600,0.060711,0.597007
126197,0.0487885,0.58476
128153,0.0483097,0.577696
131410,0.0479547,0.58585
126378,0.0502527,0.585802
119348,0.0524769,0.583667
120327,0.0548663,0.585767
125879,0.0544441,0.587151
125957,0.046061,0.591094
124749,0.0506581,0.573804
128034,0.053695,0.573172
123904,0.047833,0.575119
130734,0.0566134,0.5886
131191,0.047877,0.581591
126575,0.055595,0.576279
122061,0.047625,0.579493
119539,0.0516476,0.567957
133497,0.050267,0.579942
126562,0.0519078,0.565158
122251,0.0514885,0.574936
123485,0.0556005,0.579183
124274,0.0510612,0.592614
126196,0.0472687,0.586203
119886,0.0534452,0.583383
127315,0.0510019,0.590532
122986,0.0524837,0.5812
128550,0.0562329,0.581863
125609,0.0546602,0.585416
124618,0.0559259,0.573685
128931,0.0489214,0.598479
126246,0.05251,0.586034
131038,0.0524042,0.576646
120675,0.0517713,0.579868
115626,0.0506436,0.578464
129530,0.0509917,0.587744
126307,0.0519385,0.575186
128663,0.0518801,0.594122
115911,0.0519759,0.601828
125181,0.0548354,0.577532
117427,0.0481857,0.586803
121803,0.0462092,0.583454
124533,0.0475371,0.587149
123559,0.0566132,0.577679
97665,0.0486142,0.579931
125371,0.0473794,0.589598
125374,0.0526701,0.582103
126610,0.0489585,0.586893
126822,0.0496699,0.581117
126697,0.0522566,0.58733
123581,0.053772,0.580886
131324,0.049652,0.590437
108717,0.0543509,0.586913
131289,0.0529825,0.596642
123286,0.0522019,0.590448
125555,0.0551164,0.575974
132870,0.0531665,0.588843
125929,0.0517029,0.574065
132067,0.0475907,0.587448
125542,0.050935,0.599413
125419,0.0538455,0.578529
123032,0.0493513,0.577618
129118,0.0481006,0.591936
125823,0.0496482,0.579517
125383,0.052539,0.593098
124694,0.0501333,0.579186
128120,0.0512368,0.587961
125255,0.0509957,0.57832
125712,0.0465182,0.582633
128864,0.0469286,0.580927
128101,0.0524155,0.58473
130593,0.0524594,0.589369
126192,0.0510834,0.575892
122886,0.0529765,0.581665
117801,0.0554967,0.583421
123686,0.0511352,0.570586
119650,0.0511448,0.580372
127027,0.0587956,0.57683
120937,0.0525412,0.576118
128777,0.0531695,0.579537
130032,0.0495546,0.586832
119103,0.0526399,0.579608
127132,0.0547175,0.57226
123618,0.0537444,0.595609
125791,0.0514945,0.582916
119569,0.0561106,0.575697
124354,0.0505058,0.582832
121938,0.0504195,0.579905
126338,0.0569807,0.590682
122665,0.0521004,0.588322
121724,0.0445914,0.574895
117522,0.0532873,0.582393
130486,0.0493544,0.57684
117635,0.053753,0.574646
125103,0.0548296,0.578488
129887,0.051751,0.577213
126076,0.052416,0.580733
118077,0.0511392,0.59105
124623,0.0547525,0.580382
126438,0.0489442,0.595402
107499,0.0492158,0.57948
130911,0.0466615,0.587116
127504,0.0489286,0.594291
123050,0.0495917,0.58282
128364,0.0551367,0.581359
130138,0.0569038,0.596032
124587,0.0531595,0.585049
126107,0.0495938,0.574615
129055,0.048916,0.581934
125472,0.0536913,0.593865
128335,0.054266,0.578139
120305,0.0497451,0.588429
129266,0.0579677,0.596858
127712,0.0518968,0.587263
123043,0.0502944,0.582833
125411,0.0475112,0.575635
129016,0.0463669,0.574169
121090,0.0552167,0.592559
127487,0.0576768,0.585491
130883,0.0534993,0.598095
116824,0.0557147,0.573671
131506,0.0509834,0.587574
120909,0.0545574,0.583249
129270,0.0572175,0.585638
125886,0.0521905,0.567215
123205,0.0525752,0.585215
122726,0.0523088,0.589219
124796,0.050904,0.582258
119516,0.050579,0.576082
126117,0.0526267,0.578157
132706,0.0511875,0.580527
119824,0.0512022,0.588396
128714,0.0493338,0.578476
126029,0.0533544,0.576161
127164,0.0514549,0.582299
133138,0.0483374,0.591668
130753,0.0498254,0.575822
126715,0.0595752,0.588746
129493,0.0522019,0.595553
129446,0.0513762,0.593908
132506,0.0458634,0.588596
116650,0.0501974,0.570656
123495,0.0503411,0.576359
126199,0.0515718,0.587219
126745,0.0517541,0.587226
128417,0.0518236,0.595299
134485,0.0530304,0.584433
125959,0.0543593,0.58806
125006,0.0473501,0.589688
125366,0.0543783,0.577577
122574,0.0528337,0.58386
130713,0.0518873,0.580696
124213,0.050228,0.565967
126096,0.0539418,0.57754
125685,0.0500221,0.580992
132249,0.0510779,0.579883
126443,0.0491186,0.597898
130936,0.0459037,0.582193
129010,0.0462232,0.579087
131245,0.0478331,0.594263
122569,0.0526254,0.581367
120032,0.0504881,0.57261
120408,0.0505764,0.580705
127323,0.043504,0.582844
124249,0.0504169,0.571759
125028,0.0447717,0.57118
130613,0.0533562,0.585822
125976,0.0523773,0.584603
132415,0.0499947,0.593441
124235,0.0548989,0.567006
127234,0.0502734,0.575679
125140,0.0517931,0.589224
133259,0.0501272,0.594958
125850,0.0540348,0.580767
121990,0.0517354,0.577765
125382,0.0556407,0.586834
128800,0.0559705,0.585097
127265,0.0482719,0.580438
134438,0.0456764,0.582971
128496,0.0482957,0.582384
125392,0.0512215,0.578319
126305,0.0543465,0.591343
126429,0.0480008,0.581481
119048,0.051382,0.581979
123642,0.0482584,0.577178
126254,0.0491484,0.576235
125665,0.0484707,0.584992
128085,0.0533058,0.583437
128684,0.0565636,0.594725
131245,0.0500857,0.593931
126565,0.0471013,0.577916
113874,0.0498323,0.572778
130199,0.0501903,0.594164
123545,0.0514806,0.582156
125080,0.0519521,0.562272
122369,0.0555487,0.581075
128512,0.0482534,0.58784
125528,0.0488628,0.581476
128946,0.0488167,0.587164
126172,0.0517499,0.601168
126997,0.0508681,0.572545
131381,0.0492067,0.595463
126106,0.0512902,0.582534
134092,0.0497507,0.576063
130811,0.0479996,0.580035
131027,0.0511126,0.595865
130687,0.0509878,0.591019
117220,0.0484277,0.590578
126962,0.0492389,0.586203
120251,0.055776,0.572436
127900,0.0544167,0.587256
121524,0.0497248,0.595179
130716,0.053067,0.587893
113505,0.0536901,0.595309
129074,0.0526227,0.580527
121214,0.0523339,0.580457
124433,0.0493472,0.571211
121754,0.0479998,0.575131
133179,0.0520436,0.585877
124173,0.0507768,0.580146
123942,0.0569981,0.580872
122633,0.051803,0.577948
128724,0.0526736,0.58698
119603,0.045867,0.577674
124407,0.0533363,0.572371
123192,0.0467156,0.582104
129071,0.0450895,0.58221
120144,0.0509098,0.586084
126238,0.0545026,0.591244
124776,0.0539421,0.584195
128637,0.0512593,0.580945
130433,0.0544202,0.582142
122814,0.0506777,0.577292
126852,0.0520031,0.573334
118940,0.0512657,0.584761
121651,0.0545652,0.573497
127481,0.0553563,0.588605
124078,0.050644,0.605687
124168,0.049255,0.581088
128995,0.055186,0.588724
127649,0.0620946,0.602049
131240,0.0486754,0.579987
88802.3,0.0571903,0.587154
124342,0.0531921,0.56041
132782,0.0489702,0.5976
121346,0.0488,0.585248
116678,0.0552301,0.568449
124318,0.0495151,0.588479
132468,0.0528316,0.586711
125522,0.0558121,0.591446
127974,0.0541606,0.588225
128157,0.0474897,0.573441
129867,0.0549974,0.58794
125754,0.0552561,0.587429
125156,0.0509353,0.581598
68950.3,0.0611164,0.598861
122024,0.051927,0.577567
132270,0.051133,0.577417
130913,0.046578,0.577483
122962,0.0492345,0.57336
126356,0.0497831,0.568628
127513,0.0509229,0.57498
128842,0.0531647,0.585302
127483,0.0494492,0.584937
128489,0.0470872,0.572901
132989,0.0482888,0.579367
129974,0.0562044,0.591888
121271,0.0548273,0.580361
123385,0.0530364,0.588892
124332,0.0523821,0.579473
133693,0.0484399,0.590876
127759,0.0539014,0.596189
122926,0.0593473,0.570782
128846,0.0532991,0.578699
130173,0.0494831,0.589358
122279,0.0501254,0.589144
129863,0.0515254,0.581786
132359,0.0528802,0.586363
127977,0.0531321,0.583089
128603,0.0515278,0.588365
126220,0.0505356,0.577472
127097,0.0483683,0.582272
128684,0.05107,0.593388
122800,0.0468519,0.591792
120340,0.059837,0.578419
127916,0.05353,0.592748
124922,0.0466397,0.568495
128441,0.0484762,0.58326
123057,0.0553837,0.585847
131362,0.0526205,0.596272
127331,0.0531926,0.580134
127998,0.0503586,0.587142
131032,0.0445805,0.589238
127309,0.0463571,0.589707
126440,0.0455693,0.589184
129913,0.0483505,0.581439
120053,0.0507724,0.576554
128422,0.0517251,0.577693
133526,0.053736,0.580303
128448,0.0531206,0.581718
129968,0.0511909,0.574261
122538,0.0549545,0.582158
133529,0.0514431,0.573482
124349,0.0522364,0.588384
129159,0.0496823,0.574358
123362,0.045733,0.584114
126423,0.0487039,0.584498
124938,0.05349,0.587491
124070,0.0510064,0.582022
129670,0.0473847,0.579883
130160,0.0482606,0.579829
131899,0.0535938,0.586475
129106,0.0507348,0.591774
134116,0.0489065,0.60035
129324,0.0464062,0.588031
130229,0.0514567,0.574392
129195,0.0554157,0.598309
125431,0.0524625,0.576958
118450,0.046271,0.604706
129003,0.0449366,0.572025
123551,0.0493721,0.597178
131227,0.0497924,0.577518
129451,0.049431,0.581452
134418,0.056427,0.586681
122650,0.0542958,0.591475
128048,0.0469638,0.581778
124976,0.0482298,0.586645
118938,0.0510321,0.593095
120684,0.0470441,0.585342
124132,0.057471,0.570058
33129.7,0.061273,0.583626
131420,0.0485668,0.582472
126960,0.0498424,0.574129
130585,0.0500806,0.595539
130917,0.0508197,0.581762
131339,0.0542382,0.586509
126998,0.0525244,0.574084
134361,0.0552699,0.600814
130493,0.0530777,0.589637
119988,0.0517446,0.5829
121713,0.0537468,0.570461
126156,0.0500327,0.587019
126561,0.0491521,0.595188
127836,0.0477397,0.589807
130486,0.0543079,0.589427
120535,0.0578499,0.568022
122370,0.0499479,0.591506
123597,0.0557783,0.569524
122373,0.0501823,0.586384
124717,0.0502132,0.576822
123640,0.0479115,0.588357
130711,0.0530658,0.583906
126768,0.0515841,0.574376
126954,0.0502563,0.587831
128600,0.0491657,0.590626
117089,0.0525307,0.582898
122340,0.0436021,0.583194
130068,0.0474336,0.594328
126670,0.0508497,0.591288
126613,0.0507476,0.565689
120452,0.0497126,0.576956
104005,0.0520133,0.583525
129045,0.0491787,0.584626
97084.7,0.0494895,0.57237
128195,0.0565004,0.57941
133415,0.0516175,0.585714
118210,0.0522731,0.581893
121131,0.0546401,0.586708
130079,0.049702,0.590991
119418,0.050459,0.584903
124212,0.0477944,0.581264
130703,0.0517498,0.60056
129746,0.0504814,0.591961
129591,0.0526284,0.579057
125024,0.0524933,0.574842
122915,0.0527989,0.576594
123756,0.0503112,0.575035
68134.7,0.0489472,0.575762
130138,0.0552976,0.588894
124406,0.0510955,0.57562
123105,0.0507327,0.570091
128408,0.0492357,0.600036
133090,0.0559901,0.574679
125153,0.0554014,0.584089
129718,0.0487227,0.58525
120331,0.0502512,0.587712
33037.7,0.0688171,0.579319
126808,0.0526489,0.584521
121967,0.0516534,0.587646
125347,0.0505015,0.579994
130620,0.0499117,0.588137
130636,0.0502091,0.599249
127915,0.0534897,0.577254
125592,0.053178,0.58059
131078,0.0506876,0.577194
128184,0.0527208,0.589044
126282,0.0476655,0.596799
122379,0.0454003,0.569269
126321,0.0475303,0.582353
134105,0.0523248,0.599855
117020,0.0586779,0.571394
123909,0.0463297,0.583202
127272,0.0565475,0.587321
126541,0.0474358,0.567101
130485,0.0548963,0.58476
123913,0.0528895,0.577344
113946,0.0539191,0.586181
126638,0.0517147,0.589646
127293,0.0522464,0.602181
131508,0.0556056,0.591169
130442,0.0536612,0.590941
129047,0.0487657,0.594151
124255,0.0495421,0.584632
120961,0.0528285,0.577645
118665,0.049751,0.573712
115656,0.0546943,0.563836
128131,0.0516984,0.589943
132158,0.0480847,0.584565
124314,0.058045,0.581596
134815,0.0496985,0.579731
125485,0.0536315,0.596561
126006,0.054155,0.573905
112426,0.0531461,0.582272
131609,0.0512778,0.590943
127863,0.0510068,0.593467
128879,0.0545819,0.573503
126071,0.0535806,0.578071
132491,0.0482947,0.577839
127610,0.0518741,0.57829
130193,0.0505233,0.586959
134419,0.0530488,0.591471
129232,0.054287,0.582499
128986,0.0517232,0.586637
134582,0.055926,0.58584
127063,0.0494455,0.596649
123046,0.0491533,0.582177
127757,0.045925,0.576403
128340,0.0586486,0.574268
127992,0.0534651,0.584244
118286,0.0536701,0.576243
130295,0.0569319,0.5678
118805,0.0500757,0.599297
129668,0.0505065,0.570931
127316,0.0537271,0.576428
124795,0.0517333,0.584715
125366,0.0456269,0.581773
130037,0.0498455,0.581884
129068,0.0451968,0.595853
131451,0.0502303,0.593324
128790,0.0546262,0.581781
124487,0.0532058,0.5848
120142,0.0491116,0.585444
121310,0.0509459,0.580162
125880,0.0516732,0.587603
127746,0.0484993,0.575192
123076,0.0529733,0.571066
127652,0.0589929,0.579858
134626,0.0494295,0.592474
127226,0.0537193,0.581866
126300,0.0514113,0.573717
110507,0.0515692,0.575199
131050,0.054022,0.595906
109431,0.0537193,0.59395
125420,0.0528815,0.577535
128845,0.0512081,0.580966
123046,0.0514389,0.584818
104174,0.0535838,0.578628
123406,0.0528722,0.577792
127572,0.0516707,0.592227
130033,0.0525271,0.576138
131540,0.055368,0.583271
129580,0.0468415,0.570659
131761,0.051483,0.59033
94890.7,0.0600231,0.590894
129091,0.051654,0.578293
128293,0.0566277,0.587312
127500,0.0541378,0.58718
126498,0.0494235,0.58482
123814,0.0497282,0.590817
119494,0.051556,0.5741
127970,0.0514031,0.586063
112944,0.0498857,0.58842
120684,0.0550915,0.581643
122580,0.0490364,0.579503
128814,0.0501493,0.591069
125548,0.0514091,0.572
124618,0.0528353,0.58354
120410,0.0532869,0.57276
122493,0.0538511,0.580996
133375,0.0510736,0.583966
127228,0.052083,0.586557
125235,0.0530809,0.565569
127514,0.0517719,0.573384
113190,0.068521,0.576195
130187,0.0517796,0.578798
105070,0.0561597,0.586471
126289,0.0470747,0.595804
127375,0.0525785,0.58588
122446,0.0513367,0.575866
121302,0.0497667,0.585267
123598,0.0520369,0.589338
125565,0.051302,0.573822
129532,0.0517829,0.57387
128751,0.0515976,0.584679
116935,0.0553045,0.575537
73563.3,0.0572958,0.596108
123157,0.057096,0.594652
126005,0.0525141,0.580913
130706,0.0545766,0.591407
123014,0.050682,0.576857
128135,0.0509407,0.578339
129210,0.0504697,0.585067
127459,0.0545029,0.572298
126545,0.0511387,0.576795
134079,0.0552787,0.595149
131236,0.0548133,0.589187
131955,0.0530249,0.581463
129805,0.0518085,0.578009
119155,0.0524323,0.596823
126444,0.0482851,0.577252
121117,0.0509832,0.570155
128949,0.0484376,0.583335
127650,0.0518772,0.593028
126632,0.0577028,0.584019
126158,0.0513889,0.586443
123625,0.0493583,0.577072
127561,0.0542805,0.598482
124649,0.0539954,0.57629
126975,0.0499573,0.575235
124514,0.0555922,0.581497
125365,0.0508839,0.578152
132744,0.0504245,0.583639
120188,0.0511388,0.581044
125414,0.0506805,0.567596
121067,0.0509381,0.573199
126228,0.0488356,0.585496
122913,0.0501814,0.579089
125004,0.0536549,0.571362
134339,0.0510896,0.586058
130536,0.047145,0.593395
123656,0.0521253,0.581233
127315,0.0535603,0.588411
121205,0.0511301,0.583054
127137,0.0563726,0.588526
121005,0.0523141,0.567505
129258,0.0519861,0.576912
127812,0.053638,0.568507
128476,0.0512757,0.579342
115276,0.0486776,0.57456
128680,0.0520511,0.583117
122101,0.0479587,0.588783
125527,0.0516719,0.58207
126197,0.0483886,0.589364
124188,0.0498283,0.579553
128932,0.0492044,0.594802
117853,0.0486917,0.572934
124528,0.0492613,0.591208
125208,0.0512074,0.58045
122882,0.0518629,0.588605
118271,0.0534804,0.560573
126242,0.048815,0.577966
133294,0.0516966,0.59754
128377,0.0456743,0.573721
122512,0.0514072,0.579168
101599,0.0529022,0.575852
116198,0.0508347,0.582338
128797,0.0509856,0.592572
116807,0.0422302,0.575359
124911,0.0511455,0.570246
121667,0.0491111,0.576643
121918,0.0510309,0.572077
115718,0.0458881,0.581556
128272,0.05755,0.596556
126826,0.0456054,0.586769
123815,0.0539643,0.573468
117290,0.0506382,0.570304
112451,0.0556102,0.591658
124609,0.0550154,0.586057
114301,0.0506244,0.586972
127138,0.0526543,0.577852
131816,0.0526872,0.583363
122279,0.0584779,0.570875
123333,0.0566245,0.566276
128370,0.0507088,0.583544
129365,0.0527652,0.577699
124533,0.0553911,0.583319
121811,0.0510806,0.573528
128081,0.0466682,0.576292
116307,0.0558794,0.592423
129433,0.0488074,0.590124
126190,0.0524128,0.591184
105755,0.0511531,0.580795
134751,0.0514423,0.594923
125114,0.0523413,0.577198
122781,0.0512255,0.583486
128645,0.0475782,0.588002
132682,0.0546552,0.586455
120060,0.0524408,0.575175
131916,0.0480738,0.581954
129414,0.0496605,0.582429
123319,0.0545986,0.572689
123343,0.0468419,0.587735
126076,0.0455821,0.582851
121038,0.0536208,0.574196
126461,0.054203,0.580349
133522,0.0506271,0.587836
129023,0.0535881,0.584105
134422,0.0493903,0.586533
127964,0.0499206,0.594597
130087,0.0556011,0.576011
118899,0.048293,0.583176
130706,0.050432,0.583634
125588,0.0545959,0.57777
120807,0.0501633,0.586046
130952,0.0517355,0.575363
127490,0.0505323,0.573723
131639,0.0495936,0.592051
115305,0.0512426,0.582594
126316,0.0499834,0.585765
127870,0.0501515,0.579851
128377,0.047143,0.594113
123967,0.0504249,0.58489
123639,0.0534905,0.583428
126174,0.0529851,0.581827
132293,0.0514052,0.58578
122488,0.0544084,0.575889
136928,0.0514316,0.59681
131509,0.0472744,0.588944
133497,0.0504828,0.585257
124988,0.0508843,0.573595
124252,0.0492515,0.584071
129478,0.0560199,0.572811
128331,0.0539225,0.594681
129050,0.0487886,0.588249
129498,0.045229,0.568553
128038,0.055844,0.571397
128620,0.0560094,0.582332
125499,0.055856,0.593606
122669,0.043318,0.568856
125586,0.0483058,0.586152
128629,0.0506169,0.590664
126183,0.0478299,0.592334
130097,0.0522789,0.58446
51395.3,0.067846,0.595262
132017,0.0516515,0.581198
126049,0.0502702,0.579778
131583,0.050575,0.592543
133479,0.0514611,0.593164
129142,0.0504497,0.585576
133181,0.0517107,0.575067
130190,0.0557932,0.604858
130830,0.0503321,0.598353
136361,0.0544634,0.59154
131647,0.048668,0.587507
119440,0.0565121,0.579161
123196,0.0483046,0.59732
122326,0.0568354,0.601029
124335,0.0524749,0.586645
121279,0.0501168,0.592085
127748,0.0525052,0.58042
120870,0.0478531,0.586299
123399,0.0531045,0.602837
128096,0.0531302,0.593633
131584,0.0470478,0.588791
126157,0.0448472,0.58904
127701,0.0466618,0.578911
122249,0.0550512,0.582005
124807,0.0500597,0.591137
123791,0.0536926,0.581573
130193,0.0527674,0.575449
122092,0.0524859,0.574612
126074,0.051995,0.571296
123920,0.0513456,0.575303
119975,0.0492211,0.582088
129314,0.052063,0.588749
126842,0.0510195,0.58034
126048,0.0482806,0.591013
129816,0.0502213,0.571759
122631,0.0455283,0.598662
129454,0.0529227,0.576625
125412,0.0562029,0.595637
121956,0.052981,0.583944
129138,0.0565473,0.576252
126763,0.0546985,0.592061
124869,0.0481691,0.578646
128935,0.0507411,0.576178
114029,0.0488899,0.591327
130424,0.0514011,0.572606
118978,0.0489283,0.579472
124170,0.047407,0.585597
120401,0.056237,0.578454
118678,0.0528296,0.577525
128118,0.0533611,0.590334
122443,0.0551673,0.572528
131204,0.0560899,0.583843
128390,0.0513492,0.588764
126577,0.0511808,0.570633
127001,0.049229,0.582051
132562,0.0505571,0.589947
128365,0.0526802,0.583107
123911,0.0488463,0.576684
131179,0.0513222,0.582879
126398,0.0516918,0.582438
130998,0.0532297,0.591097
124212,0.0501261,0.574627
133280,0.048406,0.581625
126415,0.0522957,0.595598
124238,0.0506585,0.585662
124604,0.0516779,0.576234
127058,0.0544337,0.590624
123947,0.0477526,0.565096
128362,0.0533404,0.578559
122815,0.0532526,0.577442
131027,0.0482271,0.585505
114266,0.0499601,0.58983
129312,0.054254,0.580426
124589,0.0480211,0.573554
129510,0.0455849,0.579967
123136,0.0538533,0.584463
121625,0.0532699,0.589258
128175,0.0534761,0.583881
134712,0.0487174,0.585787
123787,0.053728,0.581196
120645,0.0526837,0.57612
120193,0.0526673,0.57156
127231,0.0522258,0.583494
128266,0.0537279,0.583713
128473,0.0528849,0.585738
125656,0.0496654,0.583581
123152,0.0540993,0.588123
125671,0.0519011,0.590028
119520,0.0491821,0.570001
127392,0.0468859,0.574848
128761,0.0514477,0.578351
130602,0.0519357,0.581484
124058,0.0504772,0.581559
119187,0.0511394,0.582736
105097,0.0438538,0.599793
120086,0.0481684,0.589048
123858,0.0545238,0.572353
126384,0.0455322,0.573138
126485,0.0532852,0.580741
133921,0.0510099,0.592039
133862,0.0534633,0.575858
131897,0.0520232,0.571116
127879,0.0532122,0.582836
126272,0.0479346,0.590127
120589,0.0485627,0.589639
125040,0.0468454,0.572565
131175,0.0530498,0.592304
133160,0.0473976,0.576667
132273,0.0501515,0.583312
128849,0.050971,0.586283
124257,0.0544726,0.588124
124701,0.0479666,0.578668
114740,0.0566649,0.569169
129525,0.0487785,0.58576
130027,0.0482976,0.574339
123530,0.0495991,0.581968
120291,0.048182,0.591204
131157,0.0526527,0.583065
125660,0.0465969,0.579345
115967,0.0507984,0.575297
134205,0.0495868,0.58914
127851,0.0503742,0.583429
133529,0.0500699,0.597724
127468,0.051191,0.582621
133227,0.0502002,0.582483
131507,0.0529377,0.591949
122370,0.0491898,0.591317
135205,0.0491884,0.580596
127925,0.0495606,0.59135
126780,0.0524678,0.577367
133270,0.0541351,0.589161
133357,0.0530812,0.590711
126264,0.0504659,0.581722
129829,0.0479318,0.598368
134179,0.0501223,0.594896
123217,0.0538972,0.585816
121866,0.0576811,0.581733
128307,0.0504802,0.589122
129424,0.0530638,0.591621
123968,0.0487828,0.580727
127855,0.0525238,0.586739
131707,0.0586503,0.570566
130903,0.0559165,0.581045
126066,0.0501181,0.589758
127634,0.0598938,0.579254
129430,0.0525898,0.583435
120443,0.0540214,0.586323
131923,0.0523716,0.5897
127255,0.0527635,0.572838
124289,0.0491465,0.570385
128098,0.0508002,0.586039
125773,0.054481,0.594814
120989,0.0495499,0.577433
131423,0.0503087,0.586366
127463,0.0542634,0.594506
132011,0.0528665,0.588068
124890,0.0509843,0.583918
123418,0.0483427,0.581406
120158,0.0502441,0.58123
115330,0.048914,0.592574
129179,0.0535746,0.584913
130436,0.0503218,0.589262
126625,0.0540417,0.585575
126559,0.0508852,0.581527
119099,0.0566415,0.594741
131215,0.0520306,0.580182
122432,0.0518507,0.58013
117578,0.0490318,0.579377
123768,0.0496519,0.587955
128478,0.0462729,0.582057
130697,0.0522659,0.598774
131813,0.0578566,0.586091
125213,0.0522765,0.590833
128685,0.0462333,0.571415
125227,0.0532151,0.578002
121072,0.0538263,0.57714
126237,0.0558756,0.580931
131430,0.055229,0.599205
127559,0.0523813,0.587313
130176,0.0492623,0.589114
128185,0.0580668,0.578504
124344,0.0512795,0.576268
125041,0.0461858,0.588987
125275,0.0547324,0.593359
129025,0.0509599,0.574985
124752,0.0527004,0.594536
129425,0.0497789,0.582909
130616,0.0553217,0.599548
121848,0.0493168,0.570247
123291,0.0468394,0.597067
132035,0.053591,0.580653
120876,0.0519977,0.584425
115872,0.0514952,0.588054
130232,0.0507588,0.566332
124052,0.0503321,0.58546
132499,0.0518258,0.594684
122411,0.0517859,0.570092
116686,0.0523036,0.595157
128242,0.055858,0.586645
124943,0.0517133,0.568896
134907,0.050087,0.588057
127645,0.0475523,0.57996
111884,0.0534676,0.569907
125737,0.0536123,0.578931
126777,0.0458004,0.580677
119882,0.0495359,0.589555
123503,0.050621,0.571865
111310,0.0483784,0.602471
124352,0.0533111,0.581812
90273.3,0.05672,0.582627
132076,0.0528253,0.599507
129290,0.0510582,0.584844
123919,0.0554512,0.588147
130518,0.0446936,0.592608
122893,0.0544252,0.583451
97633.7,0.052327,0.568086
132899,0.0483931,0.598233
119283,0.0509096,0.562012
130086,0.0497776,0.588223
123882,0.0484124,0.581481
129776,0.0485508,0.584364
132247,0.0528089,0.580626
120656,0.0539608,0.584194
128135,0.0540183,0.582581
126387,0.0575519,0.573291
120337,0.048169,0.585593
131683,0.0550342,0.584392
126525,0.04642,0.567524
130706,0.0465113,0.586557
122448,0.0509853,0.585469
129456,0.050346,0.57282
122469,0.051698,0.569965
114724,0.0465082,0.582498
127873,0.0528464,0.588947
125019,0.0549663,0.573581
114105,0.0493317,0.593769
121102,0.0519089,0.584986
127055,0.0491495,0.581382
131692,0.0509332,0.591319
125725,0.0540242,0.577133
129961,0.0489058,0.588677
128788,0.0496295,0.591597
129639,0.0505758,0.593826
131152,0.0483457,0.587193
121253,0.0545918,0.571124
117383,0.0563861,0.583185
122603,0.0491402,0.5849
121415,0.0475743,0.585262
132756,0.0528107,0.595299
107751,0.0572991,0.589902
124369,0.0523,0.579393
114214,0.0518387,0.57862
130891,0.0481611,0.583276
124018,0.0534883,0.579469
123127,0.0556155,0.567341
129000,0.0531774,0.58367
122793,0.0550327,0.581544
117449,0.0526972,0.597047
132580,0.0507315,0.576192
127141,0.0494365,0.575908
116975,0.0530455,0.568857
126499,0.0460082,0.58087
127359,0.0525396,0.575519
129975,0.055562,0.57638
124223,0.0579531,0.588237
121199,0.0521409,0.582302
126860,0.0542159,0.572541
120057,0.046288,0.597291
119875,0.0511347,0.581443
128912,0.0459309,0.587253
123626,0.0508435,0.582373
119928,0.0498989,0.565281
121836,0.0493911,0.58278
122031,0.0489879,0.567954
124290,0.0524607,0.571647
122323,0.0496904,0.583889
125675,0.0504677,0.569489
129603,0.0541031,0.581256
121158,0.0493139,0.579941
129786,0.0514399,0.580602
130068,0.0496132,0.58592
127985,0.0458897,0.585549
122606,0.0501015,0.586219
119833,0.0571904,0.570611
124265,0.0507179,0.57608
120666,0.0490245,0.590883
123061,0.0512406,0.596188
115530,0.056441,0.586198
123311,0.0548842,0.577232
129194,0.050262,0.583963
126539,0.0511981,0.598701
117775,0.0530572,0.577381
119824,0.050532,0.573779
127639,0.0478847,0.591234
130381,0.0553401,0.593657
129531,0.0500635,0.577171
126415,0.0519577,0.578037
116516,0.0533231,0.591121
132034,0.0502073,0.593374
123288,0.0499402,0.5695
130512,0.0509893,0.582924
127449,0.0555792,0.59461
121833,0.0483025,0.583147
123454,0.0493548,0.590321
108397,0.0538331,0.578992
130877,0.057265,0.597122
125579,0.0501078,0.584931
122331,0.0509878,0.590304
122249,0.0597671,0.576483
107321,0.0513971,0.58121
130327,0.04878,0.584698
127158,0.0549834,0.572937
130339,0.0554557,0.585232
127342,0.0514362,0.58816
117850,0.0576734,0.568167
120259,0.0492001,0.576843
127360,0.0513577,0.585683
130733,0.054807,0.583288
125843,0.0554572,0.586496
130569,0.0542432,0.585372
116227,0.0483234,0.568319
128511,0.0557607,0.583044
134237,0.0552379,0.599048
128717,0.050905,0.567769
127854,0.0481604,0.572899
124472,0.0485202,0.583718
121650,0.0567933,0.573403
125574,0.0515953,0.581362
119400,0.0533209,0.591303
131286,0.0553529,0.584468
123123,0.0500084,0.578986
131298,0.0522153,0.590097
124312,0.0517526,0.575161
124272,0.051684,0.59746
124649,0.0513926,0.578946
123093,0.0532842,0.583336
129860,0.0488308,0.577048
118985,0.0493924,0.581808
124005,0.0565687,0.572324
132104,0.0499789,0.588449
130154,0.0454064,0.580478
126571,0.0566442,0.581057
124032,0.0502195,0.584103
132862,0.0516052,0.593951
124664,0.0555969,0.585723
120578,0.0521849,0.587914
128976,0.0534095,0.582097
122271,0.0559272,0.576518
120398,0.0526148,0.572302
117874,0.055353,0.579432
127625,0.0569438,0.59455
127368,0.0470215,0.578615
124738,0.0498337,0.582497
118544,0.0546534,0.590038
132111,0.0508507,0.583801
38301.3,0.0602487,0.55958
121441,0.0500196,0.590954
120509,0.053699,0.572377
114579,0.0523024,0.590226
127150,0.0505768,0.587015
127763,0.0509073,0.572263
125102,0.0529808,0.580259
134368,0.0528282,0.590226
131583,0.0547072,0.580421
124981,0.0508423,0.582588
129322,0.0528506,0.579588
129077,0.0489454,0.589233
121720,0.0485033,0.585208
131756,0.0509705,0.575856
123627,0.0531215,0.588136
124485,0.0522152,0.58105
127499,0.0525883,0.595507
127303,0.0550959,0.587885
128497,0.0475768,0.579064
135281,0.0506579,0.570575
130167,0.0564371,0.589789
128778,0.0535638,0.586874
121398,0.0512674,0.572876
128391,0.0554701,0.580364
121021,0.0573841,0.577986
129745,0.0576965,0.580701
127420,0.0481862,0.580109
131917,0.055532,0.579069
122863,0.0486985,0.578136
125960,0.051266,0.579084
131859,0.0528451,0.594442
130892,0.0489715,0.58986
58282,0.0556829,0.5751
123838,0.0521143,0.570261
129862,0.0517914,0.595732
127543,0.0551746,0.567115
129058,0.0532857,0.59032
130913,0.0512627,0.588555
126431,0.0472128,0.572415
123000,0.0531228,0.572663
124670,0.0507658,0.585859
125194,0.0516654,0.577484
123529,0.0527673,0.572137
131309,0.0538095,0.573194
125918,0.0503522,0.585512
122084,0.050314,0.579294
122962,0.0523686,0.563382
123078,0.0502154,0.583455
126320,0.0516104,0.582224
127784,0.057996,0.587879
131822,0.048321,0.594548
120514,0.0540712,0.591018
126246,0.0556803,0.587389
125086,0.0485911,0.591565
128059,0.0484482,0.593964
124040,0.0489217,0.583082
126493,0.0461165,0.579182
127737,0.0499812,0.57344
127060,0.0543837,0.573741
121810,0.0484255,0.581541
125488,0.0482104,0.576434
129683,0.0492923,0.58857
122957,0.0538984,0.576486
118280,0.0535485,0.579731
119980,0.0556467,0.568841
122983,0.0528971,0.576742
129677,0.0440877,0.578988
133268,0.0530925,0.590558
126135,0.052116,0.56384
118384,0.053235,0.566614
133974,0.0478764,0.585953
129675,0.0451745,0.577131
129236,0.0573745,0.58416
127011,0.0463465,0.586311
125139,0.0503669,0.593209
125800,0.0499108,0.581046
125457,0.0503467,0.583674
125334,0.05756,0.589501
130893,0.0461567,0.580493
131950,0.0482653,0.586374
127553,0.0501816,0.586153
125154,0.0498265,0.582167
85263.7,0.0511584,0.580134
120718,0.0599728,0.580878
130588,0.0452349,0.606901
132475,0.0469707,0.585322
125839,0.0566661,0.583372
127277,0.0512786,0.578851
123391,0.0499175,0.580549
129936,0.0455831,0.578754
126389,0.0551089,0.586186
127808,0.0490205,0.592353
119094,0.0570694,0.573836
132393,0.0483341,0.582289
130699,0.0502657,0.582785
131021,0.0565814,0.594275
130224,0.0538341,0.592698
124775,0.0458495,0.584825
128547,0.0480518,0.586918
120277,0.0481535,0.579537
116598,0.0521462,0.572287
129847,0.054009,0.575527
124226,0.0526958,0.569853
134721,0.0519188,0.588137
128614,0.053664,0.57376
125649,0.0497851,0.593451
125397,0.0495835,0.592853
128842,0.0502815,0.586327
130895,0.0454529,0.586107
128249,0.0554324,0.584577
125948,0.050745,0.582078
127531,0.0529476,0.578146
128839,0.058372,0.592969
122899,0.0477721,0.577983
125483,0.0568028,0.575074
125955,0.0485305,0.579024
132287,0.0498053,0.591642
128191,0.0579918,0.599933
120403,0.0576599,0.588536
124825,0.051828,0.587178
130146,0.0498985,0.584386
123559,0.0562503,0.5736
128554,0.0548295,0.58428
126509,0.0514168,0.584832
121737,0.0573338,0.587279
122117,0.0551021,0.578678
122655,0.0506332,0.583388
121576,0.0519803,0.583133
128239,0.0548061,0.586604
125141,0.0532613,0.583422
130173,0.0537846,0.589124
124872,0.0524631,0.571293
131077,0.049779,0.573125
128817,0.050259,0.571714
125820,0.0482817,0.562649
129464,0.0489349,0.584348
131420,0.0564164,0.604801
129171,0.0543523,0.59016
125775,0.0509259,0.578903
122376,0.0515269,0.587493
127072,0.0502208,0.573852
118808,0.0525457,0.583597
124662,0.0458927,0.575191
119439,0.0525373,0.575536
126976,0.0508273,0.596298
114531,0.0551767,0.588666
117159,0.0536572,0.593164
130536,0.0490423,0.592806
123661,0.0531409,0.590101
124918,0.0526496,0.589227
126770,0.0530007,0.574008
130147,0.0556338,0.580302
116612,0.0486661,0.579971
124657,0.0501787,0.581299
126238,0.0539154,0.581517
128392,0.0571296,0.589659
133594,0.0545779,0.600412
130361,0.0484379,0.580592
127936,0.0463362,0.585133
128654,0.0517498,0.579916
124532,0.0460153,0.588367
126382,0.0518108,0.5839
120313,0.0557532,0.589059
123687,0.0530075,0.586222
120480,0.0514482,0.57622
128383,0.05514,0.583968
127322,0.0519039,0.59075
128669,0.0519269,0.580874
125201,0.0526506,0.577408
129208,0.0539325,0.585749
125423,0.0521916,0.581361
119335,0.0531663,0.571186
129018,0.0509505,0.58007
125346,0.0489535,0.581666
124800,0.0509896,0.569736
117580,0.0563496,0.597032
125898,0.054132,0.57124
127071,0.0510353,0.589218
136173,0.0562887,0.591872
129478,0.0479803,0.584655
129657,0.05051,0.583798
130061,0.0516704,0.586767
129578,0.051348,0.583745
131743,0.0469366,0.577765
124790,0.0517834,0.590588
121628,0.0538337,0.584401
126911,0.0523635,0.57729
134291,0.0521758,0.582247
132717,0.0460601,0.584473
127242,0.0478817,0.584913
126681,0.0533675,0.582507
131430,0.0556077,0.596926
127868,0.0487071,0.595505
124521,0.0480346,0.59139
137776,0.0476702,0.602939
133709,0.0544123,0.588341
126003,0.0453032,0.579133
123623,0.0516189,0.592139
118589,0.0484098,0.597833
129732,0.050081,0.569601
126820,0.0464801,0.582199
122549,0.0505889,0.581976
122099,0.0550504,0.584452
130285,0.0497838,0.582573
125226,0.0554786,0.592321
125806,0.0523178,0.592218
125082,0.0448369,0.584988
119639,0.0559338,0.574716
103444,0.0571077,0.578037
131146,0.0535107,0.583235
124758,0.0529574,0.577177
129701,0.0571476,0.588503
126169,0.0539693,0.574368
125709,0.0480701,0.569076
126323,0.0555693,0.57571
129367,0.0519353,0.58394
129717,0.0512383,0.588339
121616,0.0498633,0.572712
81746.3,0.0678553,0.59398
132409,0.0559277,0.589839
126693,0.0537466,0.588861
129340,0.0488089,0.585245
120481,0.0529195,0.582901
123407,0.0529542,0.572257
131126,0.0485331,0.572819
126196,0.0520483,0.596433
127765,0.0533169,0.570778
130847,0.051024,0.593705
132143,0.0483007,0.58148
116212,0.0567302,0.598832
129411,0.0529613,0.587488
128211,0.0486827,0.584607
117790,0.0578759,0.588463
120663,0.0495693,0.572889
123467,0.0536422,0.584909
128505,0.0484982,0.58925
130264,0.0528032,0.58791
126502,0.0500249,0.573505
127914,0.051664,0.583302
123264,0.0465993,0.578701
119097,0.0512525,0.568482
19565,0.0630601,0.593713
132288,0.0474878,0.587639
119510,0.0577488,0.580533
121783,0.0516691,0.584351
116614,0.0496339,0.575895
124454,0.0615858,0.587185
126113,0.0556762,0.581304
126854,0.0560901,0.571973
132038,0.0524139,0.591728
128630,0.0547269,0.584452
127480,0.0469577,0.574117
129259,0.0487089,0.579209
121193,0.0493737,0.5838
131386,0.0519276,0.588183
52906.3,0.0593134,0.58928
129434,0.047263,0.578507
127930,0.0539481,0.586454
121932,0.0530533,0.570658
133396,0.0480545,0.589107
124866,0.0563906,0.580386
136719,0.0498812,0.58949
133662,0.0535788,0.583898
132432,0.046512,0.594407
118976,0.0444782,0.583214
125487,0.0538661,0.592595
127878,0.0560345,0.587873
128139,0.0515704,0.582887
123995,0.0499628,0.58312
127257,0.0557723,0.586506
125929,0.052148,0.600013
122156,0.0470875,0.583798
122806,0.0489554,0.573518
124615,0.0547878,0.578101
129721,0.0487975,0.591504
130497,0.0506538,0.587772
128752,0.0518308,0.581323
125156,0.049899,0.575849
130951,0.0518476,0.587724
131230,0.0607054,0.588939
117578,0.0525806,0.585382
115602,0.0532763,0.593783
128107,0.0558863,0.593539
135140,0.0532917,0.599748
123529,0.0524855,0.573594
121543,0.0578604,0.567622
117820,0.0496543,0.579583
130515,0.0471146,0.584833
127219,0.0535185,0.578793
126716,0.0472859,0.576159
131835,0.0531384,0.584614
133479,0.0519307,0.579264
131052,0.056641,0.586145
123275,0.0508303,0.582182
122377,0.0585959,0.580383
120232,0.0497569,0.567948
122485,0.0557495,0.580842
122075,0.0499806,0.58419
133147,0.0520906,0.602166
104852,0.0519968,0.580166
131009,0.048386,0.584013
124205,0.0508113,0.584393
120052,0.0516048,0.577529
129798,0.0467913,0.589405
119965,0.0486078,0.57871
124602,0.0528907,0.602788
124200,0.0521713,0.567017
130795,0.0489151,0.592901
128323,0.0514579,0.60232
126791,0.0530556,0.586493
127767,0.0539988,0.586294
119159,0.0515918,0.601956
130318,0.0500735,0.575454
125876,0.0482448,0.580595
130748,0.0474154,0.584258
125868,0.0504176,0.577101
130435,0.0497201,0.581305
112835,0.0558214,0.584513
132603,0.046741,0.580926
104509,0.0488156,0.57384
119638,0.0515611,0.580802
119627,0.0493597,0.571343
124012,0.0507243,0.571844
66997.7,0.0537394,0.582369
127263,0.0444142,0.585241
120982,0.0532053,0.579632
31449,0.0598812,0.569843
119748,0.0473742,0.585651
114548,0.052009,0.579194
126542,0.0482568,0.583229
122039,0.054842,0.572567
130900,0.0506956,0.583018
134733,0.048749,0.581502
119857,0.0545099,0.587421
125769,0.0495223,0.58522
129489,0.0522711,0.58249
131387,0.0492848,0.593243
104262,0.0532223,0.589012
130148,0.050868,0.572648
130788,0.0525194,0.598033
129969,0.0523035,0.578815
129416,0.0477226,0.579847
121376,0.0489984,0.578731
125653,0.0516509,0.573564
115196,0.0545241,0.572628
120804,0.0498939,0.575234
120992,0.0544454,0.577514
120071,0.0537322,0.578816
125539,0.0519555,0.599296
123284,0.0591018,0.586702
127231,0.0489162,0.5849
121952,0.0461703,0.567711
129204,0.0518429,0.569913
123106,0.056932,0.581336
123532,0.0477002,0.583663
131061,0.0505798,0.585555
127511,0.0482119,0.580252
111353,0.0517424,0.579163
129824,0.0514758,0.595914
130451,0.048257,0.578255
129443,0.0518497,0.586571
124255,0.0524036,0.570633
122626,0.0489733,0.587363
129159,0.0526431,0.582488
131823,0.051032,0.581094
123056,0.0528539,0.5898
129104,0.056546,0.586984
125885,0.0476424,0.580264
129626,0.0526773,0.573025
124466,0.0484032,0.568115
130472,0.0459157,0.580607
122649,0.0518109,0.584143
121353,0.0541814,0.581522
126027,0.0471303,0.574508
127862,0.055185,0.585193
126344,0.0473306,0.583775
121723,0.0474582,0.575047
122931,0.0544341,0.573871
126499,0.0526208,0.587914
117144,0.0507108,0.578638
122027,0.0473921,0.569997
122246,0.0491161,0.574346
129127,0.058109,0.597881
130233,0.0543626,0.582111
123383,0.0476416,0.569082
131198,0.0462572,0.579635
122622,0.0511658,0.57714
130334,0.0553738,0.579676
121916,0.0549265,0.587187
125258,0.0538696,0.579192
129517,0.0495297,0.586715
129829,0.0548985,0.59898
122191,0.0543864,0.591365
123218,0.0535108,0.582731
122475,0.0484853,0.576526
131972,0.0533653,0.595975
124453,0.0559316,0.591086
133969,0.0472639,0.598837
126005,0.0527484,0.580576
128599,0.0526329,0.581253
124430,0.0482643,0.573017
126716,0.0578262,0.574336
127703,0.0540428,0.577618
126092,0.0511836,0.581539
126879,0.0546154,0.578421
115397,0.0521961,0.566943
120201,0.0509352,0.591239
128814,0.0557051,0.583326
124795,0.0497348,0.577295
130881,0.0465708,0.565113
123355,0.0571929,0.578371
124070,0.049062,0.575518
130770,0.0498677,0.588992
125858,0.0500652,0.576328
120048,0.0531158,0.574724
128162,0.0513461,0.586972
126082,0.0529975,0.575899
107403,0.0498673,0.564984
127764,0.0579049,0.585975
135554,0.052735,0.597201
124664,0.0517401,0.580793
121566,0.0503523,0.585455
127905,0.0427841,0.587737
112448,0.0490101,0.578899
132468,0.0449523,0.599295
121710,0.046517,0.588173
126227,0.0435271,0.576097
125905,0.0442694,0.588956
129366,0.0439444,0.586162
128755,0.0506597,0.577795
126418,0.0462735,0.58008
123049,0.0406829,0.585994
132783,0.0473211,0.594669
102338,0.0523818,0.58061
132199,0.0441349,0.588401
125077,0.0499923,0.57802
127609,0.0503136,0.58852
126219,0.0474471,0.577928
125146,0.0438753,0.58192
133565,0.0419127,0.583083
125917,0.0436099,0.594451
123055,0.0435728,0.582057
127993,0.0471511,0.590079
127427,0.0460912,0.588969
124977,0.0454736,0.585512
124350,0.0424952,0.576095
123723,0.0423325,0.577981
125480,0.0468306,0.56715
125583,0.0423364,0.587583
124355,0.0433546,0.596739
125019,0.0444917,0.583391
127721,0.0455471,0.586587
125652,0.0487995,0.578753
131473,0.0403371,0.583584
125507,0.0450087,0.587254
133654,0.0461811,0.595482
121003,0.046432,0.575469
123260,0.0491971,0.57702
129948,0.0466498,0.580232
128152,0.0500545,0.565395
116739,0.0429229,0.580864
124681,0.0416121,0.578882
121727,0.0424452,0.589512
123899,0.0511494,0.578875
123016,0.0494204,0.593825
125814,0.0426687,0.591552
126255,0.0425598,0.580876
126253,0.0417541,0.589036
131338,0.0442272,0.582432
114685,0.0499818,0.588861
130691,0.0447571,0.581884
114655,0.0453595,0.591269
131413,0.0487411,0.582244
120186,0.0487117,0.581927
127996,0.0408502,0.582194
133122,0.0495015,0.588509
128195,0.0458217,0.580136
125431,0.0449314,0.593207
128834,0.0506842,0.577806
125163,0.0439198,0.582089
129803,0.0487276,0.578392
129360,0.0462657,0.587906
125060,0.041203,0.574676
128066,0.0425842,0.590289
122651,0.0460422,0.566449
130823,0.0449187,0.583254
132193,0.0454271,0.583768
118042,0.0534855,0.571648
120646,0.0482153,0.578022
71021,0.0532482,0.599865
129064,0.0473012,0.573444
127520,0.0446692,0.581231
129275,0.0441083,0.57549
123265,0.0451435,0.572048
121171,0.045405,0.578154
129945,0.0451626,0.581796
130181,0.0402311,0.580588
123695,0.0458674,0.575747
125223,0.0458186,0.585472
125254,0.0458215,0.582776
120852,0.0448185,0.584272
125869,0.0414981,0.569906
127534,0.0470384,0.574992
126451,0.0452344,0.570494
122892,0.0428422,0.576567
122684,0.042495,0.586339
129619,0.0502667,0.580289
119236,0.0482677,0.579682
133622,0.0443563,0.583463
126420,0.0473276,0.587949
128975,0.0476294,0.572883
129884,0.0427223,0.588945
130385,0.0473173,0.584166
126066,0.0483801,0.58747
134176,0.04399,0.579332
125502,0.0442826,0.599652
121811,0.0464616,0.569977
133419,0.0441055,0.584178
122793,0.046756,0.588372
124591,0.0448912,0.592125
130257,0.0453424,0.577877
121490,0.0452926,0.577039
120750,0.0505239,0.578377
126884,0.0485766,0.586441
129727,0.0506087,0.575481
124682,0.0465958,0.591858
120821,0.0470432,0.58554
125004,0.0442444,0.581954
127309,0.0472084,0.589876
121713,0.051502,0.571512
133613,0.045278,0.585287
129227,0.0502355,0.584758
128952,0.0505918,0.585369
131373,0.043883,0.594517
128952,0.0451554,0.592387
117279,0.0490143,0.573073
121713,0.0457047,0.580065
125565,0.045945,0.589782
127367,0.0484725,0.570093
128046,0.0476323,0.578495
124570,0.0440363,0.570342
123275,0.0440212,0.586019
113134,0.0433126,0.582119
121312,0.0498479,0.588041
125820,0.0524899,0.583274
115953,0.0490189,0.577325
126199,0.0472714,0.567877
122750,0.04192,0.586017
134671,0.0491129,0.588052
126370,0.0474984,0.590939
129376,0.0452775,0.578523
133037,0.0493727,0.589787
125413,0.0488778,0.582651
124085,0.0474087,0.581682
121497,0.0472205,0.583994
125794,0.0441511,0.582727
126064,0.0448421,0.589943
124885,0.0473172,0.573327
124801,0.0469875,0.583429
127774,0.0456885,0.587483
125926,0.0488068,0.586412
122277,0.0416194,0.579213
123003,0.0509212,0.58101
131970,0.0435653,0.589767
125340,0.0461025,0.579336
121539,0.0476779,0.581838
124067,0.0431395,0.57614
120199,0.0401959,0.581236
130970,0.0475413,0.586615
129580,0.0466932,0.598985
127566,0.0482361,0.574346
126719,0.0492798,0.576658
128697,0.048242,0.576832
124417,0.0487344,0.573198
122857,0.0476661,0.573748
126903,0.0443571,0.579533
129658,0.0418361,0.58227
119718,0.04549,0.577729
130362,0.0439689,0.578708
127126,0.0416977,0.573608
125354,0.0479677,0.582295
127261,0.0427219,0.575848
127975,0.0402662,0.593432
127417,0.0452115,0.577996
125795,0.0462856,0.576673
130418,0.0449889,0.579161
103030,0.0456788,0.589192
127378,0.0454924,0.578216
123786,0.0442773,0.590071
128596,0.0444494,0.581348
127249,0.0448362,0.584103
122479,0.0459107,0.579561
124836,0.0422112,0.579788
128326,0.0441949,0.57982
128685,0.0443902,0.579943
129698,0.0396571,0.580337
124201,0.0441349,0.58328
120305,0.0383313,0.574282
123155,0.0401102,0.583432
120808,0.0452324,0.580363
126821,0.0453744,0.581855
124156,0.0416253,0.578514
131046,0.0479456,0.599023
128731,0.0469662,0.590001
122350,0.0448384,0.588055
126576,0.0453124,0.596878
124985,0.0432702,0.581602
125874,0.0454187,0.580171
131675,0.0419009,0.592709
127772,0.0487165,0.573267
78928.7,0.0448422,0.572977
126204,0.0411035,0.589708
129392,0.0504138,0.579653
122794,0.0470751,0.59228
126903,0.0431693,0.58306
127045,0.049856,0.576083
121704,0.0453349,0.586961
130633,0.041714,0.585767
130033,0.0488324,0.585351
133246,0.047239,0.589553
125660,0.0459263,0.586643
128565,0.0458097,0.598903
129604,0.043495,0.582779
124494,0.0470169,0.592426
129263,0.0424863,0.580731
120903,0.0460505,0.58133
128807,0.0477432,0.589805
126897,0.0427702,0.58187
116927,0.0454843,0.590766
134750,0.0466131,0.599399
128933,0.0457013,0.595488
120258,0.0434301,0.584805
126822,0.0428435,0.575342
42621.7,0.0578346,0.597732
125860,0.0471537,0.576645
128795,0.0443792,0.583454
125971,0.0493965,0.565928
124218,0.0417054,0.574699
114076,0.0468207,0.570615
125972,0.0477441,0.584932
115010,0.0445565,0.578693
124602,0.0444542,0.572354
126007,0.0450301,0.584146
122015,0.0486432,0.576585
120306,0.0435179,0.591504
78279.7,0.0507421,0.580743
118931,0.0410597,0.578348
130534,0.0425165,0.585958
120123,0.0434066,0.592413
130040,0.0458517,0.581629
122385,0.0504748,0.577714
127877,0.0449888,0.570138
118424,0.0419255,0.582813
121862,0.0461321,0.592277
132400,0.0511321,0.586545
122301,0.0461403,0.582555
124056,0.0466473,0.588642
122039,0.0471144,0.601615
129271,0.0460426,0.589479
128046,0.0442602,0.579725
122643,0.0472961,0.573755
127276,0.0477397,0.589903
122548,0.0457801,0.569418
124195,0.0447776,0.566524
129324,0.0445694,0.587524
125160,0.043923,0.580649
127178,0.0446436,0.574482
125770,0.0486662,0.570704
133092,0.0528058,0.594442
135321,0.0465642,0.583649
123180,0.0449103,0.58574
126416,0.0428745,0.59061
124930,0.048005,0.58574
130873,0.0512751,0.583104
121537,0.0475184,0.588866
130458,0.0429752,0.592459
125465,0.0466052,0.583522
119866,0.039464,0.589045
121252,0.0489031,0.584819
129476,0.0451946,0.579242
124181,0.0469965,0.595707
128884,0.0469355,0.593608
132890,0.0453669,0.578497
123339,0.0495623,0.583996
129896,0.0435333,0.592297
119358,0.0403817,0.55721
130039,0.0446237,0.582406
122021,0.0475284,0.579974
125712,0.0440993,0.584904
123143,0.0441195,0.585023
120141,0.0480342,0.575366
126353,0.0420929,0.576338
122705,0.0441314,0.578868
131373,0.0460372,0.586879
117717,0.0451879,0.5872
124427,0.0433375,0.587947
131637,0.0436149,0.590081
126496,0.0415041,0.585382
119274,0.0452709,0.578844
127228,0.0494697,0.576465
122932,0.0476307,0.574249
128334,0.0513495,0.589419
126997,0.0488393,0.576946
122924,0.0504058,0.586737
128829,0.0480731,0.580308
129209,0.0413262,0.571086
131961,0.042356,0.594679
120091,0.0447855,0.588891
125481,0.0490581,0.571437
122212,0.0446088,0.575512
125198,0.0530666,0.585628
119929,0.040147,0.591054
124097,0.0526818,0.58497
125446,0.0476449,0.590808
129802,0.0402533,0.57528
130569,0.0453235,0.590282
129757,0.0448976,0.577645
121452,0.0455492,0.563346
124758,0.0425075,0.573983
131386,0.0436888,0.58907
127635,0.0434884,0.584201
125977,0.0511467,0.583198
125686,0.0470579,0.595671
119198,0.044328,0.593487
125553,0.0444657,0.578592
114077,0.0481449,0.572832
121387,0.044384,0.581985
132511,0.0499217,0.587019
123803,0.0469893,0.58102
126388,0.0459136,0.588513
118267,0.0430036,0.591767
117840,0.045081,0.568419
131785,0.0442769,0.593
129618,0.0428954,0.571251
121658,0.0442275,0.568721
106693,0.0469411,0.594786
128940,0.0451347,0.581763
128556,0.049095,0.576387
130481,0.0433009,0.582978
115902,0.0462427,0.573894
126095,0.0445968,0.573242
128697,0.0451878,0.595263
123288,0.0436903,0.582567
115697,0.0453212,0.571013
125586,0.0495275,0.586598
122808,0.0476711,0.569698
130216,0.0443339,0.573697
130145,0.0463204,0.586188
120998,0.0439751,0.581559
125215,0.051954,0.586539
132642,0.0422988,0.57893
130914,0.0464435,0.591767
122531,0.0456531,0.585844
120662,0.0458775,0.578579
133829,0.0474713,0.58991
123882,0.0443934,0.572799
124776,0.0472308,0.583558
123883,0.0432238,0.594969
132316,0.048194,0.581626
120901,0.0465351,0.576025
117591,0.0458717,0.594667
131054,0.0441859,0.583225
119520,0.0499785,0.572787
120595,0.044923,0.588138
122973,0.0449527,0.56867
129724,0.0402252,0.586194
118773,0.0488629,0.569452
126452,0.0469484,0.577994
125513,0.0422643,0.584007
125453,0.0442728,0.57166
129674,0.044807,0.591028
126693,0.0433395,0.579503
126490,0.0485737,0.593877
129726,0.0440069,0.584694
125037,0.0523124,0.594592
127378,0.0453231,0.590145
132351,0.0451555,0.58992
132211,0.0471713,0.592326
126380,0.0478597,0.593951
127453,0.0449399,0.571038
122829,0.0468167,0.592906
112685,0.0472503,0.598922
128355,0.0473878,0.577021
118462,0.0516959,0.580317
117576,0.041215,0.575734
128710,0.049558,0.588587
113250,0.0428579,0.575095
127980,0.0459664,0.577149
122679,0.0433613,0.575261
128908,0.0460729,0.595172
129516,0.0488465,0.582959
120541,0.0462272,0.568525
122102,0.0432676,0.582996
129278,0.0452415,0.580884
131970,0.046747,0.586126
123963,0.0470064,0.574691
129815,0.0452142,0.587239
131841,0.0483878,0.594061
125587,0.0467237,0.595966
127835,0.0393965,0.575089
127505,0.0459439,0.572969
127082,0.0460013,0.574956
122976,0.0459615,0.573344
126708,0.0426835,0.585488
126653,0.0456144,0.591352
118379,0.0475506,0.562249
123081,0.0426382,0.577656
130450,0.0477678,0.589793
121916,0.0426967,0.583766
124332,0.0415206,0.562731
126642,0.043536,0.59316
123784,0.0446085,0.594423
126081,0.0463085,0.586167
116712,0.0427295,0.576333
132303,0.0465247,0.602609
131614,0.0442295,0.587152
129132,0.0459989,0.587364
124594,0.0470276,0.578451
129201,0.0411712,0.582956
125427,0.0431501,0.576419
125425,0.0457842,0.57341
133890,0.0497104,0.593797
124591,0.0446992,0.568608
120378,0.0482552,0.578391
120509,0.0398103,0.578372
118332,0.0452373,0.582539
131489,0.0484185,0.585741
124885,0.0446698,0.595119
122672,0.0435454,0.583878
129024,0.0465669,0.584926
128710,0.0430859,0.585463
115548,0.0438286,0.590183
132362,0.045383,0.581115
130540,0.0458731,0.584514
126980,0.0424269,0.57478
114349,0.0448057,0.574762
118812,0.0458912,0.587878
134170,0.0452492,0.579425
130705,0.0475016,0.583233
126787,0.0457247,0.578991
127435,0.0445827,0.57669
128229,0.0453398,0.598777
126472,0.0482497,0.581836
117080,0.0458972,0.57965
122913,0.0404631,0.589742
124521,0.0456383,0.583247
128160,0.0443916,0.590196
124139,0.0471187,0.579202
120463,0.0484489,0.589525
125964,0.0462127,0.582897
126871,0.0480489,0.585894
127998,0.0512192,0.589021
127164,0.0421294,0.585791
123190,0.0409538,0.591168
116608,0.039693,0.582533
128169,0.0466602,0.578041
140563,0.0442691,0.582846
126605,0.0514933,0.572683
120402,0.0467331,0.575858
122820,0.0491952,0.580373
122974,0.0476766,0.584843
119866,0.0452398,0.58993
125359,0.0491564,0.579874
121350,0.0457251,0.574566
132280,0.0474419,0.588392
125485,0.0466555,0.591668
130946,0.0472485,0.568016
127393,0.0477749,0.587269
130821,0.0450906,0.588931
124561,0.0440238,0.582478
123223,0.0434197,0.584733
120354,0.0460857,0.581235
127001,0.0513021,0.586204
116457,0.0457477,0.568541
126287,0.0450882,0.58628
128751,0.0454124,0.592116
128269,0.0512512,0.58458
126163,0.0465618,0.57518
122787,0.0486187,0.581666
62371.7,0.0572633,0.572429
123059,0.0416123,0.577304
130940,0.0481259,0.585325
124522,0.0471509,0.58093
129877,0.043288,0.579749
131357,0.0441076,0.581671
114794,0.0472425,0.579233
128294,0.0453336,0.585222
113185,0.0504447,0.58961
135576,0.0439104,0.595389
116928,0.0441244,0.592916
121902,0.0507562,0.579826
129016,0.0424202,0.575925
124954,0.0486468,0.583235
130519,0.0443798,0.576319
131003,0.0449442,0.576548
126807,0.0450884,0.593903
129269,0.0446509,0.594995
123924,0.0484173,0.594207
123963,0.0451942,0.574712
131561,0.0466684,0.585496
122510,0.0439778,0.580054
111257,0.0464667,0.576301
138105,0.046335,0.594732
118809,0.0429813,0.571442
129358,0.0465726,0.580262
127607,0.0490244,0.578075
128119,0.0467834,0.596606
93272,0.0465141,0.590134
119339,0.0456132,0.584725
122469,0.0416418,0.579644
130713,0.0396581,0.578761
130241,0.0485607,0.584421
129571,0.0489442,0.586756
122925,0.0397875,0.587248
123345,0.0480298,0.575921
128789,0.0473218,0.5764
122861,0.0412793,0.587062
129262,0.0442004,0.585079
130698,0.0537152,0.580613
125799,0.046208,0.582572
120538,0.048893,0.582792
121110,0.0457489,0.565837
127153,0.0521964,0.586698
128673,0.04539,0.585294
122302,0.0449301,0.594144
114389,0.0524085,0.5654
120858,0.0486448,0.573587
123457,0.0431776,0.583989
123971,0.0504729,0.5991
129509,0.0429401,0.591028
122556,0.0520956,0.590236
126011,0.0464707,0.578783
126503,0.0478942,0.577508
121855,0.0474601,0.578183
127548,0.0468335,0.585689
132087,0.0449517,0.586379
129264,0.0476787,0.595521
111864,0.0446457,0.590565
123464,0.0459946,0.569425
130367,0.051596,0.592477
130433,0.050935,0.584733
125316,0.0456825,0.592778
125595,0.0424047,0.587296
130525,0.0479184,0.584321
122296,0.0434605,0.577918
125563,0.042754,0.581951
122226,0.0446666,0.574428
129074,0.0450374,0.586652
126383,0.0485659,0.569978
130400,0.0466194,0.595245
128335,0.0455192,0.580134
131203,0.0459315,0.579907
123784,0.045701,0.592253
112383,0.0431693,0.569917
131061,0.0412342,0.588249
134880,0.0491807,0.586217
126222,0.045203,0.582406
119828,0.0476509,0.569862
129170,0.0459569,0.590992
123771,0.050772,0.592275
128696,0.0442225,0.571401
125257,0.0447776,0.585979
127133,0.0475431,0.580734
118653,0.0449288,0.573167
129430,0.0431297,0.576346
130335,0.0499856,0.583968
91827.3,0.0421096,0.584387
115661,0.0538235,0.588993
121755,0.0398425,0.582613
131849,0.0481571,0.584696
129945,0.0497528,0.579149
123578,0.046788,0.586108
131378,0.0470631,0.588957
123600,0.0463999,0.587091
128905,0.0527602,0.575094
123135,0.0428418,0.579023
127968,0.0438525,0.594766
124611,0.0488228,0.584997
126805,0.0518938,0.591092
129343,0.0468644,0.598521
124505,0.0447664,0.588161
126561,0.0465288,0.580262
126262,0.0512668,0.596628
123384,0.0434009,0.580002
130981,0.0460316,0.595953
130073,0.0474324,0.58295
128240,0.0472159,0.581936
126543,0.0486108,0.58575
130499,0.0488526,0.576698
122833,0.0426661,0.586605
122108,0.0473694,0.580937
120190,0.0493532,0.565862
125220,0.0471632,0.587514
123177,0.0464146,0.584395
134834,0.0493283,0.594268
130355,0.0435084,0.585298
128733,0.0428979,0.577828
129097,0.0460734,0.580528
128795,0.0445271,0.591599
124973,0.04437,0.590872
112750,0.0420759,0.577889
130120,0.0481296,0.600103
121439,0.0468242,0.592211
131662,0.0474832,0.58834
129346,0.0463135,0.581081
130123,0.0480592,0.582464
122126,0.0424613,0.574222
127992,0.0457574,0.574946
128055,0.0416338,0.584683
130459,0.0461657,0.585456
99109.7,0.0427656,0.579331
129961,0.0449336,0.58823
117796,0.0513812,0.586127
127444,0.0461585,0.582707
136828,0.0474645,0.579308
125047,0.044927,0.575588
131783,0.0553758,0.588923
127441,0.0465872,0.581536
127201,0.0421706,0.587114
129743,0.0495343,0.586833
125146,0.0467946,0.589028
124360,0.0472739,0.582072
131777,0.0440936,0.584184
124471,0.0487666,0.594271
120675,0.0482117,0.569302
127273,0.0432661,0.585171
124489,0.0481672,0.567885
116117,0.0427676,0.556848
135479,0.0489371,0.592682
127494,0.044825,0.589353
125795,0.0465586,0.57354
125587,0.0529121,0.581525
123015,0.0434206,0.592526
123184,0.0467774,0.584491
127418,0.0418291,0.579439
125165,0.0483957,0.5882
125375,0.0513627,0.575785
122412,0.0407894,0.582521
132207,0.0469519,0.571221
130561,0.0454625,0.586308
133741,0.0440277,0.597221
132222,0.0528579,0.601424
124814,0.0406023,0.572768
128762,0.0473623,0.58572
130736,0.0497137,0.595884
126539,0.0440895,0.582559
126969,0.0490553,0.575956
131865,0.0471934,0.597948
99697,0.0466678,0.579426
121680,0.0527254,0.572201
127080,0.0488595,0.588169
119310,0.0442719,0.590022
126591,0.0419919,0.584334
127267,0.0449569,0.59572
128077,0.045097,0.592117
131031,0.0460975,0.583316
125786,0.0428027,0.577676
127290,0.0475041,0.588939
134242,0.0468852,0.580657
127902,0.0417147,0.580042
124286,0.043844,0.59275
124224,0.0478523,0.573279
129328,0.0429056,0.59414
126335,0.043478,0.583789
128221,0.0426818,0.581585
119728,0.043375,0.571804
127958,0.051376,0.578877
129401,0.0436796,0.579474
128712,0.0467351,0.582949
129131,0.0472592,0.573615
132475,0.0437412,0.59538
128661,0.0480989,0.592468
121715,0.048959,0.568587
130007,0.0564805,0.59178
120787,0.0428547,0.580998
117998,0.0492901,0.563099
126132,0.0489428,0.587793
120162,0.0484672,0.574679
125528,0.0511013,0.577437
126263,0.0452741,0.600849
123995,0.0501648,0.573116
126712,0.0417938,0.584526
129628,0.0503944,0.597753
130448,0.044487,0.589449
128177,0.042603,0.58115
126725,0.0466297,0.589051
130796,0.0452354,0.579635
128309,0.0485276,0.566208
86776.3,0.049266,0.586227
127904,0.0445017,0.570346
132004,0.0455471,0.589941
131129,0.0412115,0.593762
118199,0.0455126,0.575085
130475,0.0427946,0.580065
116719,0.0455743,0.572739
126049,0.0470419,0.599144
124829,0.0506042,0.587956
122094,0.0464013,0.604374
124337,0.0453259,0.581769
132125,0.0476443,0.581423
129622,0.044662,0.575801
131112,0.0473845,0.590468
125115,0.0417677,0.578952
128721,0.0515845,0.570466
118142,0.0476541,0.566069
126799,0.0430332,0.578021
123848,0.0508582,0.57099
124977,0.0447684,0.581271
127826,0.0462727,0.584568
131772,0.0458078,0.586627
133524,0.0480236,0.594975
126389,0.0440234,0.58642
126943,0.048521,0.576885
122496,0.0406732,0.573427
121467,0.0456486,0.579779
128430,0.0447562,0.585334
123275,0.0423377,0.589329
128529,0.0472289,0.584658
130935,0.0440501,0.572578
125441,0.0470224,0.584139
119994,0.0470907,0.591067
123371,0.0470445,0.589891
130714,0.0454142,0.594033
110217,0.0407,0.568692
126943,0.0476665,0.594456
125137,0.0442906,0.587273
134201,0.0512767,0.592295
118249,0.0437587,0.588077
124243,0.0512976,0.577175
127132,0.0433581,0.587834
124814,0.051066,0.578328
126807,0.0476838,0.583158
113548,0.052724,0.587342
125111,0.0456974,0.590963
57212.3,0.049535,0.59324
131024,0.0447416,0.587416
126148,0.039649,0.584778
124965,0.0473016,0.568803
124727,0.0434883,0.582143
127781,0.0441182,0.58605
124567,0.0438215,0.599328
127519,0.0473993,0.583298
125104,0.0449843,0.579546
124199,0.0433488,0.574055
128415,0.04789,0.588378
117823,0.0394542,0.589338
128871,0.0423959,0.600213
122185,0.0456215,0.573728
126318,0.0494385,0.586437
120243,0.0461761,0.583797
125285,0.0453641,0.583155
113555,0.0418997,0.578737
123252,0.0498784,0.583958
129504,0.0467978,0.577079
125134,0.0438501,0.603097
124699,0.0463362,0.583104
130153,0.043582,0.591185
122063,0.0447338,0.602042
132825,0.0455908,0.577328
127525,0.0497625,0.583764
127435,0.0480469,0.587158
121408,0.0420537,0.581148
132674,0.0418096,0.579398
122828,0.043052,0.586654
125340,0.0456343,0.573329
128289,0.0431616,0.581893
132801,0.0468182,0.58323
127985,0.0457873,0.577243
129040,0.0456157,0.597311
94266.7,0.0477668,0.577981
130339,0.0439374,0.58573
120188,0.0445195,0.586976
133856,0.0402292,0.582003
130310,0.0418835,0.585719
120238,0.0466393,0.581131
130362,0.0474524,0.598376
123836,0.046089,0.579294
112109,0.0446184,0.583267
128665,0.0467594,0.5786
129885,0.0482117,0.583705
129239,0.0463371,0.594987
133656,0.0421031,0.593355
123886,0.0430803,0.588259
123521,0.0496804,0.592162
20479.7,0.0632884,0.597389
124602,0.0481603,0.575845
124717,0.0436293,0.574781
118648,0.04464,0.576778
129148,0.0378922,0.59673
128498,0.0432444,0.58183
130299,0.0495107,0.587349
126871,0.0490484,0.580681
119850,0.0512443,0.598202
130396,0.0447449,0.594592
129809,0.0454037,0.578115
127336,0.0450991,0.583052
127763,0.0436417,0.583267
116452,0.0472912,0.588933
124766,0.0489447,0.576836
122600,0.0487481,0.584739
129817,0.04868,0.592788
124753,0.04989,0.584183
128078,0.0414203,0.597792
105983,0.0511956,0.571795
126644,0.0459107,0.566
134354,0.0479509,0.594233
128575,0.042534,0.572052
132959,0.0426557,0.580882
128131,0.0443885,0.585854
126040,0.0459949,0.581812
117796,0.0483096,0.588713
126762,0.0471073,0.575906
123879,0.0424285,0.579202
127574,0.0422586,0.584316
129200,0.0435866,0.580813
126481,0.0436637,0.590188
121849,0.0438971,0.577974
129192,0.0405617,0.588996
129946,0.0460052,0.610557
126240,0.0481811,0.588391
125155,0.0492694,0.593192
121386,0.0442836,0.584659
122997,0.0443644,0.582413
126493,0.0461869,0.56868
125953,0.0438104,0.576338
125822,0.0458765,0.586253
129205,0.0459362,0.588456
115286,0.0484109,0.560367
124894,0.048803,0.585365
120347,0.0443866,0.572366
130635,0.0511565,0.591032
128804,0.0428015,0.580755
118967,0.0466685,0.580438
131165,0.0430303,0.572035
127456,0.049781,0.585225
128496,0.0464397,0.586325
126426,0.0463778,0.572343
114092,0.0496326,0.583683
129369,0.0466033,0.575899
117276,0.0496726,0.59429
124000,0.046638,0.594262
127022,0.0468613,0.587532
115804,0.0453814,0.592436
126799,0.0453835,0.576223
132488,0.0448161,0.590766
127849,0.0457791,0.594146
126929,0.0481172,0.578863
127781,0.0465711,0.595672
129200,0.0481004,0.592705
119767,0.0478622,0.592037
125649,0.0434889,0.579419
127240,0.0460419,0.583076
128257,0.0438133,0.588993
125481,0.0462199,0.575151
128194,0.0478198,0.576489
125232,0.0444251,0.587777
125228,0.0463443,0.587852
129565,0.0456119,0.582634
120958,0.0443739,0.584542
118795,0.044306,0.588001
119598,0.0430536,0.586782
125144,0.0528449,0.583468
122430,0.0470618,0.582235
128168,0.0463209,0.585337
126508,0.0495109,0.581801
129561,0.0427425,0.583721
125778,0.0447971,0.578289
126360,0.0465192,0.594896
122228,0.0456958,0.581794
123243,0.0466584,0.599721
128093,0.04369,0.58536
126486,0.0464393,0.569269
121010,0.0479298,0.576279
128749,0.0454231,0.586688
126551,0.0507481,0.576285
122168,0.0455465,0.57493
130542,0.0450006,0.583969
128091,0.047636,0.587126
126011,0.0445846,0.583195
135016,0.0460287,0.583305
122643,0.0446904,0.604392
122364,0.0414985,0.576203
123588,0.0488977,0.595005
123774,0.0490292,0.59283
125576,0.0449842,0.577901
121744,0.048095,0.578464
135839,0.0430268,0.59244
129012,0.0434212,0.594677
126511,0.0481371,0.57312
122594,0.0462937,0.585273
123353,0.047174,0.577242
134449,0.0446188,0.580075
126384,0.0472945,0.574199
126809,0.0519918,0.587912
129650,0.0436399,0.572669
131530,0.0512189,0.583715
122796,0.0464563,0.579762
123964,0.0420228,0.596007
127355,0.0436878,0.583216
121982,0.0433437,0.569855
126405,0.0458311,0.590633
133218,0.0483083,0.597648
130569,0.0476189,0.596585
121083,0.0473229,0.578454
125497,0.0470216,0.585361
131052,0.045955,0.582166
130428,0.0449913,0.583195
125101,0.0479713,0.584048
120473,0.0468301,0.57539
128510,0.0445844,0.580869
131009,0.0475268,0.580258
121546,0.0437865,0.585478
126452,0.0487754,0.571541
128001,0.048784,0.574711
101546,0.0493829,0.586773
123756,0.0453948,0.58876
129656,0.0471771,0.590744
130220,0.0491856,0.596824
129546,0.0461449,0.586251
124199,0.0411822,0.570636
130396,0.0449321,0.590566
125047,0.0479419,0.587879
125779,0.0498509,0.58511
122875,0.0523279,0.58999
128332,0.0426139,0.581496
129077,0.0449766,0.594595
128632,0.0480761,0.588271
125605,0.0428453,0.569798
127355,0.044571,0.587621
124643,0.0469046,0.590586
128867,0.044928,0.59066
129316,0.0437469,0.565483
121604,0.0429376,0.579331
122676,0.0434266,0.580174
127439,0.043874,0.581458
134155,0.0487122,0.587325
125320,0.0463448,0.584739
122679,0.0385844,0.573322
125867,0.0456973,0.588852
116374,0.0499836,0.595721
125404,0.0438426,0.586445
121306,0.0502614,0.587601
124360,0.0434557,0.573187
117891,0.0502402,0.590312
120330,0.0470204,0.590056
121241,0.045836,0.578142
132237,0.0518789,0.584636
128051,0.0472689,0.585638
130326,0.0448314,0.586295
133362,0.0477232,0.593737
122979,0.0442208,0.570874
127589,0.0482417,0.573145
128422,0.0459242,0.583327
114109,0.0502099,0.584779
124707,0.0423013,0.582955
125724,0.0454479,0.563409
124338,0.0453501,0.577824
120147,0.0435227,0.590922
124974,0.0467446,0.581261
131357,0.0462115,0.590334
92106.7,0.0434743,0.582926
125800,0.0476381,0.57287
129664,0.0440004,0.583578
116306,0.0470554,0.571905
127407,0.0486702,0.576099
123002,0.0464252,0.566771
126922,0.0422491,0.591694
133736,0.0455368,0.592107
124646,0.0427656,0.58056
132592,0.0478656,0.589602
124453,0.0478206,0.574795
121785,0.0467112,0.586366
126811,0.0456869,0.572671
123925,0.0484674,0.587121
127862,0.0475048,0.576274
130143,0.046757,0.574595
119444,0.0445764,0.578292
127788,0.0440755,0.584038
130910,0.0454136,0.574475
122944,0.0483598,0.58139
127876,0.0461469,0.575843
124096,0.0511754,0.562766
122260,0.0467022,0.569225
117605,0.052204,0.585116
123806,0.0483712,0.587561
128318,0.0430239,0.581134
128009,0.0453743,0.585447
116935,0.0475147,0.592483
123276,0.0416093,0.588034
127216,0.0437205,0.585708
128417,0.0455962,0.593045
122743,0.0446392,0.593305
131295,0.0443491,0.5811
117963,0.0430335,0.585823
129036,0.0462444,0.592145
125886,0.0491301,0.578043
127203,0.0446867,0.593166
126977,0.0448878,0.573832
121582,0.0463784,0.568777
130457,0.0410031,0.586408
130074,0.0492518,0.582115
124751,0.0488452,0.574492
127288,0.0469711,0.580381
120937,0.04826,0.588054
120500,0.0423042,0.585506
128267,0.0493268,0.585135
125919,0.0477165,0.576311
128408,0.0493523,0.584726
127264,0.0455238,0.584761
122629,0.0468695,0.573792
123586,0.0443186,0.575312
124331,0.0425204,0.59237
129055,0.0514648,0.585254
132997,0.043912,0.585205
125697,0.04361,0.586
127909,0.0452207,0.585381
134419,0.0472937,0.596177
120139,0.0429071,0.580161
125187,0.0475703,0.58139
121919,0.0459238,0.592414
130204,0.0430253,0.579928
115691,0.0489533,0.585245
129061,0.0462044,0.586622
139388,0.0491185,0.586205
126565,0.0503716,0.578817
128059,0.0493475,0.595046
128809,0.0456191,0.581559
126345,0.049275,0.596815
128570,0.0470918,0.580641
125439,0.0454782,0.583455
111779,0.0478989,0.580503
128801,0.0480698,0.591343
129349,0.0459808,0.585354
128271,0.0504513,0.574436
123306,0.04507,0.588321
127007,0.0471643,0.577291
113692,0.0464002,0.58753
121577,0.0458102,0.581019
123530,0.0452529,0.587951
117853,0.0442459,0.574143
106525,0.0497517,0.587416
122676,0.0453348,0.582245
132854,0.0494507,0.597498
120334,0.045625,0.578012
125501,0.046895,0.569203
132503,0.0485175,0.588726
128289,0.0456918,0.592378
114107,0.0491168,0.584298
128352,0.0508174,0.575842
124994,0.0488548,0.577264
122528,0.0457017,0.584299
120723,0.04368,0.586881
127484,0.0451777,0.583897
117113,0.0506459,0.587074
125110,0.0459175,0.590892
129025,0.0518879,0.581023
113256,0.0453823,0.586463
129821,0.0438867,0.576933
119340,0.050327,0.582248
129348,0.0480532,0.588142
123704,0.0427617,0.58568
121729,0.0465834,0.594735
126489,0.047819,0.591134
129545,0.0444264,0.588163
128618,0.0471944,0.590163
121933,0.047352,0.595212
126912,0.0463222,0.590866
130544,0.0466913,0.589905
124618,0.0417347,0.586119
133274,0.0444959,0.59874
123949,0.0441842,0.568915
128340,0.0459703,0.573391
127348,0.0474644,0.57964
127197,0.046133,0.579365
127212,0.044872,0.592959
129345,0.0477816,0.581735
125761,0.0465169,0.587726
120029,0.0492939,0.580381
114674,0.0414051,0.5814
126278,0.0452568,0.563063
110960,0.0468154,0.57861
128074,0.0467128,0.584752
119118,0.0437506,0.590003
129100,0.0410942,0.575643
130573,0.0420696,0.597359
128302,0.0465927,0.590505
123542,0.047839,0.582583
123444,0.0460128,0.593731
129126,0.0442672,0.591527
129922,0.0434391,0.592887
121761,0.0445996,0.575225
122496,0.0512913,0.573594
131175,0.0487698,0.596124
115917,0.0460508,0.567048
131820,0.0491537,0.583049
125930,0.0484456,0.579635
122184,0.0566294,0.583591
127895,0.042672,0.574049
124528,0.0445067,0.581889
128121,0.0431777,0.593189
127540,0.0417939,0.57941
104326,0.0494773,0.581351
131806,0.0421193,0.585603
128431,0.0451847,0.579607
118002,0.0476612,0.572418
127526,0.0457052,0.584371
131733,0.0456845,0.587966
121993,0.0466043,0.595628
129198,0.0496606,0.600261
124857,0.040878,0.588221
127948,0.0476443,0.571978
132321,0.0416284,0.592363
121560,0.0435877,0.589709
126218,0.0454825,0.579794
120940,0.0476383,0.591479
119840,0.0483494,0.579677
122335,0.0430129,0.583443
124511,0.0465555,0.581551
125263,0.0479537,0.576312
128088,0.0479931,0.586921
132704,0.0485871,0.58988
128911,0.0446581,0.573516
120135,0.0500797,0.568544
125661,0.0510271,0.563798
126608,0.0473903,0.569028
120130,0.0506266,0.577562
122603,0.0502927,0.585548
126704,0.0469108,0.582124
129152,0.0453915,0.573835
36015.3,0.0640397,0.559169
129102,0.0478104,0.590537
118775,0.0488568,0.581069
124466,0.0478707,0.58573
129813,0.0461964,0.592363
124260,0.0445956,0.573185
124511,0.0473669,0.585539
132653,0.0468423,0.582923
129154,0.0473514,0.589196
126340,0.0511143,0.594835
132833,0.0431848,0.5967
123275,0.0464155,0.590448
118433,0.0454605,0.588924
131327,0.0492017,0.590751
132555,0.0493525,0.585659
121442,0.0486852,0.577193
128662,0.0425264,0.584376
127261,0.0440583,0.586248
120987,0.0501424,0.578504
128390,0.0466462,0.58531
130122,0.0440144,0.58721
124260,0.0371808,0.561914
113644,0.0446339,0.59085
122506,0.0403146,0.593583
127991,0.0471801,0.584721
127892,0.0477477,0.586749
123835,0.0427308,0.588335
130764,0.0463076,0.584446
123557,0.0498838,0.590545
117460,0.0433894,0.577341
130603,0.0417484,0.594569
128088,0.0483183,0.595247
129436,0.0492272,0.584099
124187,0.0514999,0.571175
123540,0.0462902,0.573098
116974,0.0457917,0.561501
127079,0.0401056,0.571983
132554,0.0437901,0.590522
125542,0.0481031,0.562485
126623,0.0493092,0.574398
122961,0.044754,0.582839
130215,0.0454541,0.58888
127270,0.0475662,0.583142
115685,0.0503159,0.582578
124843,0.0492919,0.593301
123279,0.0471085,0.588888
117834,0.0489713,0.576238
128386,0.0438923,0.582684
133114,0.0464216,0.581934
117372,0.0509754,0.567861
120061,0.0441728,0.5822
117014,0.0521022,0.58408
123034,0.0477802,0.574967
129834,0.0440267,0.581674
127269,0.0472968,0.580585
135027,0.0433642,0.590145
108449,0.0480003,0.593984
120660,0.0477596,0.575966
128207,0.0452189,0.574099
126821,0.0518111,0.572602
124417,0.0501533,0.587789
119131,0.0448294,0.581662
105093,0.0484237,0.58493
125531,0.0452145,0.580419
120468,0.0514455,0.596582
124121,0.0448414,0.584039
128063,0.047182,0.584259
125066,0.0507601,0.575248
128616,0.0448431,0.591206
120462,0.04208,0.583362
115014,0.0482748,0.576717
130244,0.050935,0.583824
129009,0.0463969,0.590707
134061,0.0492736,0.591272
128234,0.0450246,0.583399
126480,0.0417513,0.574336
127450,0.0407578,0.582954
117200,0.05073,0.584544
130842,0.0434048,0.589406
133037,0.0529407,0.601709
123476,0.0481463,0.575577
126995,0.047603,0.574287
121837,0.0501277,0.582713
125033,0.0452207,0.581882
110945,0.0445477,0.57702
128999,0.0501485,0.57645
121348,0.0468096,0.575601
122016,0.0470615,0.588664
42454.7,0.0543198,0.576717
130000,0.0474215,0.588415
123007,0.0434445,0.576158
127686,0.0476866,0.582911
126237,0.0473081,0.588627
123083,0.0455581,0.584227
116068,0.0507019,0.583106
124964,0.0503194,0.583248
129137,0.0448708,0.573112
121762,0.0436518,0.567028
123053,0.0405242,0.574325
129679,0.0451972,0.583907
121041,0.044026,0.58697
130544,0.0463104,0.586541
129185,0.0465376,0.582982
129477,0.0468315,0.584312
118489,0.0410109,0.579235
115015,0.0435918,0.58022
125364,0.0439483,0.590528
123974,0.0467118,0.579287
32225.3,0.0629157,0.571155
125245,0.0451505,0.585257
126367,0.0467296,0.593177
127632,0.0437206,0.58483
132114,0.0474495,0.581475
127973,0.0479305,0.574992
119149,0.048112,0.578217
119767,0.0463316,0.582836
134658,0.0510511,0.594317
121837,0.0486379,0.591372
128330,0.0500694,0.58468
130599,0.051528,0.581379
132736,0.0494587,0.583451
128842,0.0437118,0.58628
128781,0.0480734,0.588282
125115,0.0511326,0.564337
136873,0.0488453,0.608908
127928,0.0459878,0.583316
127537,0.0471445,0.582345
126049,0.0427257,0.580421
127302,0.0435204,0.577941
129700,0.0486791,0.584098
130057,0.044592,0.574982
124927,0.0478774,0.582873
123174,0.0410807,0.589268
129698,0.053588,0.58477
128128,0.0419273,0.585098
117961,0.0450903,0.586664
128703,0.0454273,0.596664
127154,0.0458856,0.577005
123856,0.0463335,0.591013
125884,0.0455996,0.570505
121687,0.043526,0.568697
128153,0.0464826,0.578141
128313,0.0425923,0.57733
129160,0.0430057,0.587612
126778,0.0482444,0.588986
124962,0.0435227,0.585278
122930,0.0457655,0.579309
124139,0.0427572,0.578364
131864,0.0409846,0.578187
125362,0.0487476,0.583024
122814,0.0487947,0.570599
118327,0.0452484,0.570985
126596,0.0450811,0.596058
121670,0.0413942,0.577566
128283,0.0464806,0.59343
123804,0.0420263,0.579929
130694,0.0491318,0.585627
126517,0.0480562,0.581677
127313,0.043241,0.578727
124223,0.049712,0.582114
129568,0.0495392,0.584157
121694,0.0466528,0.582929
121886,0.0449434,0.57852
126244,0.0439327,0.575239
110822,0.0485521,0.595369
129154,0.0448248,0.589262
116741,0.0489815,0.57927
123647,0.0449101,0.57874
19002.3,0.0613653,0.583227
119699,0.0458677,0.58216
125881,0.0449967,0.588087
127635,0.0472576,0.592588
127922,0.0469213,0.589035
136164,0.049734,0.608013
127652,0.0478667,0.575068
129636,0.0476305,0.586592
129759,0.0452715,0.583967
127033,0.0531088,0.577763
125013,0.0470734,0.584603
127411,0.0475453,0.572278
126604,0.0435839,0.581802
128192,0.0492749,0.575761
131791,0.0440564,0.592055
123936,0.0452341,0.58339
132356,0.0486568,0.598031
122803,0.0462018,0.576391
120801,0.0416675,0.578985
126800,0.0420472,0.583892
113411,0.0446273,0.583096
127331,0.0420028,0.591623
130598,0.0486143,0.591039
122237,0.0439934,0.583493
132820,0.0473873,0.586655
130252,0.0442468,0.584172
128492,0.045844,0.58099
118260,0.0520299,0.571833
125279,0.0434342,0.576398
126737,0.0461013,0.599103
124735,0.0422729,0.594099
130049,0.0477487,0.57498
127235,0.0460479,0.597709
128859,0.0540407,0.580592
127579,0.0460683,0.580981
118975,0.0463473,0.581643
116154,0.0481208,0.580656
133323,0.0393726,0.588094
126566,0.0430844,0.579417
128163,0.0434082,0.593842
122715,0.0466157,0.588929
129495,0.0418394,0.585938
126136,0.0434152,0.586997
128044,0.04649,0.577688
134572,0.0476483,0.598992
128662,0.0456102,0.583968
98668.3,0.0492538,0.593824
119419,0.0447727,0.584995
131234,0.047765,0.593943
128810,0.0477933,0.578709
125892,0.0424163,0.578278
127219,0.046422,0.592883
117258,0.0459134,0.583981
122555,0.0443366,0.580074
119886,0.0453933,0.573124
128714,0.0445787,0.582504
124332,0.0466346,0.596685
125749,0.0433648,0.57573
125415,0.0435989,0.582087
124921,0.0503367,0.584037
127979,0.047911,0.588815
124778,0.0434641,0.580002
124229,0.0469196,0.582412
125323,0.0459181,0.57805
129875,0.0457421,0.579808
124325,0.0483002,0.588228
127964,0.0444849,0.588427
124151,0.0456905,0.582746
129183,0.0432696,0.574484
130694,0.0470736,0.590119
127391,0.0431191,0.565499
129740,0.0468085,0.569817
129844,0.043107,0.584081
122770,0.0413176,0.573625
125578,0.0454804,0.586405
130540,0.0465913,0.582722
125105,0.047985,0.574426
128941,0.0458887,0.588226
129032,0.0451233,0.589897
125346,0.0431487,0.585176
124588,0.0448197,0.582732
121882,0.0440369,0.594768
131403,0.0492611,0.593643
119405,0.0440302,0.57354
123859,0.0422732,0.572974
130554,0.0441606,0.581419
121217,0.0498204,0.568938
127215,0.0460707,0.582396
132450,0.0421733,0.58969
129912,0.0418047,0.581105
127640,0.0442175,0.590273
125794,0.044624,0.593936
126428,0.0453441,0.575501
120387,0.0470319,0.57436
127436,0.0464835,0.585835
129888,0.0463095,0.602531
129239,0.0447633,0.588038
131943,0.0502166,0.58858
132735,0.0501984,0.596915
111145,0.0481255,0.584251
122109,0.046156,0.577799
129461,0.0426855,0.581909
128973,0.0463135,0.575477
126723,0.0496143,0.584172
125483,0.0464464,0.582362
124380,0.0474765,0.574896
108890,0.0425206,0.580912
119245,0.0505905,0.577135
122944,0.0455433,0.587214
126336,0.0477243,0.583947
128276,0.0455406,0.582553
113630,0.0472873,0.589272
130577,0.0503393,0.583039
130577,0.0480539,0.589208
122009,0.0466984,0.581896
126182,0.0459598,0.576496
125335,0.0496455,0.578183
131364,0.0431872,0.592019
124617,0.0456985,0.578689
129421,0.0436001,0.58079
125045,0.0483155,0.589368
129860,0.0487921,0.589909
120147,0.0483365,0.576822
129583,0.0410441,0.583962
121688,0.042731,0.588969
130034,0.0468516,0.578091
116434,0.0446178,0.583034
130058,0.0459502,0.585635
120032,0.045818,0.58664
128249,0.0493055,0.584266
129203,0.0498843,0.577699
124945,0.0461631,0.57807
118605,0.0469384,0.595818
125487,0.0445423,0.582271
125374,0.0431632,0.571574
120292,0.0485714,0.597272
124593,0.0462771,0.592645
131058,0.0438556,0.584897
128343,0.0449139,0.580074
131894,0.040692,0.582684
130078,0.0428054,0.579933
126681,0.0466252,0.573527
119363,0.0451898,0.578048
110338,0.0448711,0.583638
124167,0.0520431,0.589033
126785,0.0426409,0.581169
125729,0.0483066,0.578868
129211,0.0525122,0.570787
126376,0.049107,0.575093
127976,0.0494587,0.57855
121503,0.0413729,0.5828
126933,0.0474207,0.588701
131980,0.0397734,0.586145
122447,0.0418824,0.583077
126617,0.0526207,0.579437
127537,0.0450017,0.591119
122774,0.0461279,0.588675
123739,0.0472177,0.579651
66540,0.0531966,0.580929
131971,0.0407999,0.588073
126158,0.046279,0.583542
113138,0.0527648,0.585051
129424,0.0461048,0.579348
128785,0.0485594,0.584668
130080,0.0440279,0.593589
130845,0.0463902,0.583798
121696,0.0471443,0.59359
127542,0.046682,0.594079
122932,0.0436911,0.581993
128580,0.0407795,0.584127
123626,0.0408583,0.574616
131604,0.0429319,0.587247
125014,0.0468352,0.593262
124871,0.0423879,0.578273
126382,0.0464227,0.582959
119057,0.0535849,0.576304
126746,0.0474945,0.596898
80762,0.0508019,0.575456
126297,0.0483408,0.577943
125954,0.0486285,0.595277
126833,0.0446418,0.572331
124670,0.0402633,0.581595
129281,0.0468269,0.585867
120872,0.0438392,0.585289
122216,0.0490584,0.580497
126430,0.0464243,0.595519
128050,0.0419454,0.573682
120821,0.0488843,0.595939
126201,0.0437947,0.586018
127397,0.0456285,0.587494
118173,0.0481473,0.577987
121326,0.0479105,0.569705
126310,0.0436734,0.580892
125698,0.0461375,0.567133
125445,0.0481041,0.601176
103630,0.0492937,0.579837
122801,0.0545247,0.588827
125612,0.0428401,0.585784
116215,0.0456455,0.582554
127516,0.0417585,0.571375
130334,0.0486431,0.581847
131353,0.0456529,0.592826
126606,0.0460012,0.590564
106038,0.0444843,0.575185
125584,0.0450959,0.588897
114795,0.0479173,0.568648
128200,0.044491,0.582602
119824,0.0427318,0.575356
131726,0.0467405,0.59224
127616,0.039559,0.572299
127866,0.0496821,0.594556
126095,0.04474,0.584421
123597,0.0481113,0.565624
130880,0.0464705,0.585746
123830,0.0404722,0.574025
127941,0.0473588,0.59536
121919,0.0516852,0.578343
122348,0.04245,0.587418
119408,0.0447399,0.574246
121127,0.0472042,0.572147
129183,0.0422701,0.570512
119350,0.0458211,0.574926
126868,0.0483893,0.587993
129293,0.0424467,0.58531
127590,0.046528,0.596304
131962,0.0427797,0.585657
127948,0.043823,0.582334
128170,0.0437002,0.586896
129806,0.0476737,0.58802
123522,0.0460851,0.581528
112480,0.044879,0.569155
129267,0.0509714,0.585614
126068,0.0476288,0.594156
130587,0.0467209,0.578852
126808,0.0437652,0.587238
132490,0.0543683,0.594188
127415,0.0452955,0.58096
130093,0.0429826,0.584205
125899,0.0466587,0.583615
130814,0.0494145,0.588897
128370,0.0476713,0.572887
125121,0.0456764,0.575211
115679,0.0492964,0.584678
127212,0.043533,0.575925
131027,0.0484262,0.590463
122626,0.0492541,0.591966
126832,0.0491318,0.589827
125883,0.0427328,0.577484
127069,0.0466028,0.577005
95864,0.0557201,0.589919
134027,0.0457574,0.599439
127502,0.0458697,0.584752
122715,0.0478716,0.565546
117782,0.0495949,0.58174
132523,0.0445543,0.58474
131488,0.0497881,0.59232
126946,0.0450453,0.567639
129584,0.0479524,0.583822
128792,0.0421336,0.583988
125121,0.0460061,0.594173
122263,0.040638,0.578585
129382,0.0442953,0.586059
116954,0.0465949,0.566321
124545,0.0457792,0.593826
132125,0.0441065,0.586251
114655,0.0460197,0.58045
119493,0.044524,0.586666
127138,0.0458205,0.573515
122232,0.0484161,0.580998
128613,0.0479615,0.574639
124353,0.0449549,0.586214
121592,0.0442971,0.581219
119481,0.0435925,0.589211
124471,0.0462918,0.570767
131492,0.0465327,0.585214
131472,0.0478863,0.592312
130398,0.0507665,0.576976
129561,0.0452002,0.576358
124548,0.0515004,0.584541
129634,0.0452503,0.577545
130778,0.0461506,0.588383
133667,0.0473474,0.584879
129482,0.0485407,0.589993
130538,0.0469502,0.593647
135178,0.0497877,0.586811
129344,0.0455458,0.593816
125790,0.0497979,0.588262
119364,0.0473876,0.584377
124948,0.0429209,0.592035
118753,0.0488381,0.577206
129934,0.046407,0.578867
123173,0.0420827,0.576096
108895,0.0441439,0.581179
124302,0.0511615,0.575232
132996,0.044354,0.594615
122778,0.0459816,0.588412
129362,0.0473993,0.582547
124741,0.0429211,0.581373
126432,0.0414215,0.585137
132073,0.0459139,0.582746
101702,0.0483196,0.576026
129334,0.0411946,0.591105
127329,0.0527086,0.587223
127678,0.0459064,0.58821
112785,0.0484081,0.582236
128971,0.049149,0.585678
132846,0.048029,0.59036
121463,0.0443125,0.577702
131357,0.0484403,0.579516
130277,0.0407691,0.582317
122283,0.0449961,0.576642
129414,0.0465815,0.583179
131182,0.0435247,0.58258
124939,0.0440316,0.586222
128419,0.0430584,0.577201
121704,0.0455997,0.594455
128994,0.0472143,0.588605
129695,0.041847,0.584391
119292,0.0464293,0.580982
124020,0.0490919,0.59238
127982,0.0479218,0.579
124771,0.0483812,0.567728
131463,0.0466666,0.580236
127594,0.0462263,0.591411
127050,0.0419204,0.57634
128976,0.045424,0.572851
123419,0.043487,0.573826
122415,0.0475522,0.584132
126870,0.0492702,0.58476
128960,0.0423638,0.591493
125847,0.0451866,0.601893
127996,0.0478661,0.581495
131642,0.0472759,0.586891
126676,0.0466274,0.596257
121788,0.0481744,0.573858
127072,0.0466212,0.586211
117707,0.0425858,0.569792
120010,0.0432382,0.570723
130042,0.0460536,0.575733
119038,0.0445442,0.58013
129506,0.045848,0.58817
128105,0.043089,0.582292
126734,0.043541,0.575801
126229,0.0465943,0.588141
128350,0.0401748,0.589856
122377,0.048354,0.585376
123394,0.0495328,0.566154
120940,0.0459886,0.580465
121125,0.0427943,0.587059
126226,0.0492564,0.585446
129462,0.0442361,0.583843
120650,0.0460754,0.587849
124938,0.0472735,0.591493
132930,0.0434052,0.587133
120417,0.0457701,0.570912
125432,0.0471619,0.577644
127332,0.0461145,0.589007
123339,0.0425156,0.590912
118629,0.0408298,0.597548
130798,0.0478607,0.579324
129887,0.0521089,0.596087
124286,0.0472537,0.586538
126697,0.0418863,0.579426
125859,0.0438685,0.574317
121744,0.0476066,0.578653
128513,0.043285,0.570795
127687,0.0437351,0.586293
127726,0.0414606,0.594327
128795,0.044348,0.577285
126538,0.0473964,0.594237
129426,0.0469168,0.578292
128715,0.0479493,0.594204
123399,0.0442513,0.586476
123596,0.0457436,0.57904
131117,0.0441604,0.583643
130930,0.046186,0.586634
126698,0.0472162,0.58156
121861,0.0477766,0.569309
125361,0.0440863,0.582928
125643,0.0466825,0.571568
122222,0.046604,0.582158
125976,0.0458055,0.586707
123323,0.0447306,0.591734
120816,0.0443599,0.593547
120802,0.0454453,0.5892
125718,0.0460572,0.58879
132267,0.0440266,0.583739
125746,0.0489532,0.577652
130866,0.0444078,0.582371
127165,0.05037,0.585637
123879,0.0482833,0.561984
126098,0.0447317,0.579783
126690,0.0489664,0.569994
124820,0.0485587,0.581377
121063,0.0494188,0.577893
126865,0.0475714,0.58109
118014,0.0484996,0.582409
122581,0.0475018,0.592738
128187,0.0426478,0.579158
133359,0.052159,0.5786
111739,0.04135,0.586112
124957,0.0470247,0.590459
127493,0.0452387,0.583373
122769,0.0422775,0.596303
127823,0.0481969,0.588071
129416,0.0533191,0.586489
124726,0.0467257,0.586165
123171,0.0424026,0.581988
126461,0.0457486,0.580772
125108,0.0453848,0.572165
132183,0.0467495,0.59275
126715,0.0452755,0.582295
124906,0.0503191,0.599739
126246,0.0466793,0.58144
128354,0.0454891,0.580033
126010,0.0438843,0.574712
127034,0.046742,0.568309
119222,0.039968,0.58568
127621,0.042943,0.589108
125725,0.0486701,0.572261
118998,0.0433741,0.584001
121109,0.0437207,0.596657
128081,0.0481675,0.595159
130124,0.0515684,0.571647
128164,0.0445574,0.580151
125170,0.0463308,0.573256
124607,0.046453,0.587628
129088,0.0481859,0.580855
125955,0.0447169,0.580946
129675,0.0450946,0.580663
128564,0.0428783,0.581971
123485,0.0474381,0.592626
131662,0.045229,0.587167
121684,0.0471866,0.585328
129628,0.0494921,0.585587
126912,0.0421023,0.588888
129177,0.0474067,0.595799
129367,0.0478593,0.592783
124938,0.0475069,0.583317
122291,0.043718,0.592084
124601,0.0544255,0.598185
121668,0.04985,0.599069
126484,0.0430378,0.59202
128604,0.0458543,0.578621
115899,0.0482822,0.571226
128751,0.0438539,0.581541
123091,0.045778,0.56013
130150,0.0451076,0.602193
124621,0.0483268,0.588918
119698,0.048075,0.568243
128434,0.0439219,0.575058
122205,0.0431036,0.581932
122376,0.0490046,0.571905
130708,0.0460304,0.586578
121598,0.0521424,0.573451
121524,0.04873,0.579306
125677,0.0494544,0.584104
128156,0.0494413,0.588158
129615,0.0456663,0.585191
130342,0.0483352,0.592223
120324,0.0491834,0.581127
119986,0.0476664,0.578405
118207,0.0481071,0.587935
125437,0.0448279,0.568883
131598,0.0461478,0.588296
127914,0.046704,0.578478
128157,0.0475467,0.590085
126573,0.0452735,0.586772
117039,0.0437797,0.576111
125624,0.0391012,0.576311
127511,0.0491684,0.574915
124418,0.0444989,0.579928
123726,0.0467327,0.585451
108496,0.048148,0.580413
123909,0.0449222,0.584594
129349,0.0510976,0.577453
131252,0.0455754,0.581408
123292,0.0475626,0.578407
122239,0.0484194,0.589885
128295,0.0480711,0.582841
131100,0.0486338,0.590668
120514,0.0473663,0.574435
120422,0.0457004,0.578254
127238,0.0487675,0.598858
130789,0.0414656,0.582121
130807,0.0479101,0.57836
130673,0.0495896,0.575792
123948,0.0496625,0.592462
122491,0.0437148,0.585467
118320,0.0442691,0.583777
126463,0.0438838,0.583376
130721,0.0455962,0.589825
127679,0.0483803,0.594052
123883,0.0413089,0.57608
132939,0.0475295,0.597909
131613,0.0465815,0.596677
126925,0.0524994,0.593677
126377,0.0501552,0.574839
122836,0.0457131,0.584124
122998,0.0481307,0.576956
131662,0.0444048,0.581983
127676,0.0431608,0.593349
116066,0.0500648,0.570697
128827,0.0462944,0.590982
128620,0.0474653,0.595144
123763,0.0380259,0.587077
128206,0.0459096,0.582933
120075,0.0464677,0.586234
122331,0.0496365,0.572018
132007,0.04865,0.597995
122353,0.0470498,0.590076
121961,0.0490279,0.577451
130828,0.0467873,0.592205
129529,0.0452383,0.586274
127943,0.042092,0.583213
123270,0.0496504,0.57828
123834,0.0433551,0.586224
124171,0.0457011,0.586606
132131,0.0430544,0.584008
128357,0.0465227,0.576817
118294,0.0424995,0.573317
123861,0.0432196,0.588515
123714,0.0449829,0.569903
125802,0.048135,0.581115
121242,0.0430374,0.585292
127456,0.049838,0.58459
127528,0.046456,0.581469
127686,0.0455385,0.573896
122661,0.0483167,0.583026
127579,0.0480227,0.570031
122530,0.0498549,0.572272
124978,0.0448168,0.57931
128108,0.0434103,0.587504
129906,0.0470982,0.593372
123062,0.0476584,0.571488
124683,0.0436128,0.572275
125947,0.0450254,0.593964
126743,0.0467069,0.578576
114207,0.0448079,0.557724
123614,0.0469019,0.57307
111999,0.043167,0.590867
124912,0.0433834,0.585644
78126.7,0.0487813,0.585937
115782,0.0517691,0.577015
132024,0.0462498,0.579842
129341,0.0431081,0.583605
121106,0.0455579,0.57756
128899,0.0461636,0.581882
119281,0.0455291,0.597501
124922,0.047322,0.574203
124275,0.048767,0.572513
121087,0.0462427,0.591744
124826,0.0431771,0.581365
129690,0.0485612,0.590882
125643,0.0501825,0.585631
125377,0.0454236,0.569869
121080,0.0466254,0.602139
127884,0.044332,0.589503
130536,0.0461332,0.582851
124198,0.0451387,0.567856
127151,0.0439419,0.586299
121211,0.0449757,0.588234
126811,0.0455547,0.588805
125567,0.0412076,0.583286
119014,0.0436315,0.594615
133174,0.0448402,0.595038
130702,0.0413436,0.585137
118285,0.0488232,0.57389
131585,0.0470586,0.570457
122412,0.0478627,0.586483
129952,0.048014,0.576447
133573,0.0465239,0.5918
130601,0.0461777,0.593391
121122,0.0438983,0.585959
134012,0.0398369,0.587761
126380,0.0487685,0.593472
122057,0.0508243,0.587701
122885,0.0473071,0.580091
130269,0.0486399,0.578369
119871,0.0483407,0.570613
131222,0.0446998,0.591982
119439,0.0434205,0.569709
124696,0.0428807,0.573559
123876,0.0433359,0.575257
121439,0.0476703,0.576812
123859,0.0426802,0.590805
124913,0.0448225,0.591728
138902,0.0462033,0.596964
124954,0.0487196,0.573159
129942,0.0446916,0.598933
127083,0.0447876,0.585704
131154,0.0489577,0.58453
131881,0.0461199,0.586775
126208,0.0562607,0.581152
127094,0.0442732,0.574563
131903,0.0490617,0.591204
121662,0.0524497,0.590571
129589,0.0444035,0.583186
119714,0.0415328,0.567001
129641,0.0422662,0.573271
118509,0.0429043,0.598807
126272,0.0504242,0.588721
118913,0.0441924,0.571111
113795,0.047772,0.588132
121047,0.0451185,0.582435
116222,0.0501652,0.595141
128945,0.0448371,0.588584
105874,0.0471246,0.583463
115603,0.0424524,0.576564
126413,0.0471346,0.585371
131232,0.0435855,0.586363
123502,0.0401255,0.582083
129965,0.0462654,0.588724
122532,0.0425254,0.58177
129698,0.0444536,0.583224
125430,0.0464377,0.594595
118350,0.0468233,0.579345
126758,0.0449606,0.58732
123993,0.0480125,0.588069
125225,0.0447918,0.560571
127451,0.0424389,0.579042
120088,0.0470914,0.581169
132849,0.0461902,0.602183
127915,0.0410886,0.587293
124474,0.0432047,0.574863
123517,0.0391855,0.580114
122652,0.0488918,0.575853
109007,0.046189,0.577261
126231,0.051103,0.587863
121585,0.053181,0.57401
123267,0.0446785,0.575105
91349,0.0528697,0.589837
125522,0.0486584,0.569219
120663,0.0457062,0.585303
125763,0.0529308,0.583403
106350,0.0467898,0.587866
128538,0.0461035,0.585197
120456,0.0458534,0.576161
116473,0.0449281,0.587278
126464,0.0405728,0.581754
125692,0.0466694,0.570001
131739,0.0431565,0.576804
125277,0.0422319,0.580374
129922,0.0432198,0.580698
129333,0.0455639,0.594113
120789,0.0457373,0.59019
124912,0.043704,0.596504
128216,0.0461387,0.584069
131248,0.0489805,0.578489
117678,0.0457329,0.583389
128782,0.0451451,0.591523
116645,0.0408474,0.586793
128049,0.0474806,0.579473
126843,0.0480253,0.571175
132194,0.0420857,0.590431
129041,0.0471486,0.595838
131280,0.0443643,0.581341
125828,0.0451951,0.577797
121779,0.0496287,0.579538
130388,0.0429449,0.585994
124017,0.0477623,0.578118
128879,0.0418779,0.585584
118154,0.0530215,0.587415
120355,0.0444651,0.575111
125557,0.0426976,0.583508
126361,0.0472503,0.576487
129327,0.0532175,0.581394
127460,0.0481611,0.592221
123083,0.0459387,0.583614
127393,0.0438732,0.58389
124216,0.0486133,0.582062
115836,0.0437181,0.585254
127117,0.0476336,0.60731
132554,0.047742,0.592917
118326,0.0434133,0.58717
129451,0.044858,0.584812
124865,0.048876,0.578409
128105,0.0461536,0.580379
131212,0.0506768,0.596809
131164,0.0457566,0.580479
121658,0.0460455,0.569827
129051,0.0460388,0.592304
116372,0.0453168,0.583057
128898,0.0392855,0.588345
121911,0.0460166,0.582212
121548,0.0485717,0.587434
127301,0.0447368,0.607678
123244,0.0466983,0.593473
124309,0.0482017,0.583493
122375,0.0495856,0.573263
120355,0.0483409,0.578177
128636,0.0461658,0.580872
127811,0.0486166,0.607737
127144,0.0503807,0.566071
130403,0.0518836,0.588522
129077,0.048831,0.587525
126609,0.0438988,0.594559
125884,0.0440222,0.591247
128762,0.0475297,0.575771
127927,0.0496078,0.598244
88716,0.043686,0.574643
129659,0.0474176,0.573855
114444,0.0417979,0.594592
130290,0.0458886,0.575915
129376,0.0445314,0.582995
128350,0.0486998,0.588999
125028,0.0463071,0.575723
125902,0.0486329,0.583136
128480,0.0463324,0.589411
125655,0.0440224,0.573841
130452,0.0445299,0.601823
120088,0.0458965,0.579987
129103,0.0494219,0.593332
125150,0.0441774,0.576968
123320,0.0458318,0.571359
121368,0.0460811,0.579745
123563,0.0456913,0.579304
127482,0.0469106,0.578164
124849,0.0495496,0.582588
121231,0.0435697,0.581687
123652,0.048914,0.57843
123170,0.047055,0.593127
133746,0.0415192,0.587053
115813,0.0443729,0.579689
127021,0.0465795,0.581833
121294,0.047768,0.574072
126970,0.0460157,0.573537
124917,0.0444568,0.583496
130486,0.0407401,0.589021
124972,0.0499167,0.580294
122149,0.0392626,0.577045
130520,0.042327,0.59207
131028,0.043548,0.578331
125014,0.0436234,0.580043
127210,0.0476688,0.596357
125505,0.0460794,0.566954
126587,0.0476084,0.583662
108129,0.0445101,0.573523
127565,0.0459321,0.599632
126919,0.0534737,0.573409
99912.7,0.0451781,0.5689
131597,0.0409617,0.588353
121589,0.0414416,0.575266
129048,0.0437574,0.588851
122044,0.0457165,0.583327
129930,0.0437163,0.594339
125682,0.0452266,0.593136
127114,0.0528056,0.589392
124499,0.0471689,0.577687
125536,0.0500153,0.588246
125304,0.0466927,0.582795
119636,0.0436722,0.571396
127210,0.0449488,0.585811
131837,0.0436846,0.591461
127367,0.0524527,0.58428
126451,0.0392033,0.582067
125262,0.0481317,0.585297
127146,0.0496845,0.571701
132465,0.0423816,0.586491
132360,0.0408346,0.583549
125110,0.0440791,0.572325
123697,0.0479,0.57862
129253,0.046495,0.588582
130227,0.04405,0.579461
121948,0.0465538,0.596922
125075,0.0490787,0.587424
128993,0.0472037,0.59228
125586,0.0464125,0.589887
131874,0.0484765,0.612445
122043,0.0425487,0.59636
118919,0.046782,0.586715
125117,0.0450991,0.589368
124358,0.048293,0.599909
120129,0.0447134,0.570095
123895,0.0458309,0.584983
126856,0.0463508,0.592975
126775,0.0501555,0.571374
127483,0.047465,0.58467
128242,0.0487351,0.580356
122405,0.0429164,0.5848
130865,0.0445756,0.582918
121631,0.0473313,0.586696
120628,0.0421217,0.586953
128528,0.0502405,0.577711
128257,0.04733,0.574374
131513,0.0481485,0.586109
115098,0.0467975,0.569197
118875,0.0505633,0.588177
121798,0.0467666,0.58854
118990,0.0433133,0.575914
125377,0.0433294,0.582084
127350,0.0428926,0.568453
121301,0.046317,0.573091
122980,0.0490165,0.592812
131780,0.045504,0.591141
133681,0.0511094,0.585367
122391,0.0411,0.581146
129383,0.0470691,0.597026
130436,0.0487734,0.585161
122548,0.0489016,0.581927
126202,0.0511751,0.566635
129747,0.0492111,0.582607
126940,0.0440115,0.583409
123562,0.0398981,0.583031
128046,0.0480546,0.580639
124026,0.0429572,0.570679
108747,0.0436151,0.576503
123370,0.0454735,0.588936
121450,0.0513611,0.573458
125099,0.0439245,0.58538
127814,0.0488376,0.611032
133504,0.0453965,0.58153
126478,0.0448783,0.590474
122165,0.047518,0.591974
134846,0.0442928,0.59641
130770,0.0454266,0.577269
125079,0.0472208,0.576867
129524,0.0486973,0.578214
122079,0.0472605,0.580792
130595,0.0495618,0.592611
129135,0.04194,0.578073
127816,0.0431507,0.580299
129866,0.0444765,0.585242
128428,0.0491229,0.593574
132960,0.0429282,0.585074
111451,0.0488884,0.580488
116437,0.0485917,0.56698
125587,0.0457717,0.570155
129286,0.0550037,0.59105
114132,0.0446007,0.588191
122594,0.0470067,0.5877
123990,0.0510024,0.586833
131258,0.0426722,0.570651
42687.7,0.0478026,0.58643
124931,0.0444478,0.595917
135519,0.0514105,0.601591
129919,0.0450839,0.577421
131025,0.0436517,0.580141
130074,0.0491837,0.574
68417.3,0.0482579,0.604681
125080,0.0479013,0.593257
133030,0.0480101,0.577734
124665,0.0439612,0.575186
128620,0.0429656,0.586072
127454,0.043543,0.58964
130725,0.0501649,0.587481
121581,0.04145,0.568506
127179,0.046737,0.589343
131799,0.0411238,0.584879
125480,0.0496497,0.589189
128042,0.0485911,0.594895
127171,0.0480742,0.584548
128438,0.0490354,0.58719
113993,0.0460466,0.570373
129839,0.0437006,0.592303
122547,0.0500007,0.58884
114680,0.0454291,0.577821
126483,0.0474686,0.585699
122124,0.0456185,0.585123
131175,0.042896,0.586015
120947,0.045795,0.574731
128313,0.0477313,0.592446
124490,0.0427586,0.583384
130962,0.0497511,0.58759
122052,0.0402229,0.578524
117801,0.0498472,0.571727
129208,0.0442192,0.567055
120941,0.0476005,0.585745
123809,0.0467547,0.569631
124649,0.0433714,0.578885
125674,0.0485022,0.58756
128978,0.0471512,0.584375
132779,0.0471975,0.582325
127591,0.0499813,0.579982
126867,0.0439599,0.581444
127702,0.041401,0.584035
125681,0.0487604,0.566558
125826,0.0421196,0.589985
124056,0.0437903,0.583551
124525,0.0428566,0.585352
118205,0.0419858,0.580424
121494,0.0510766,0.581749
118142,0.0443999,0.584174
132329,0.0438365,0.589323
129042,0.0444763,0.586178
127356,0.0520371,0.577699
128373,0.049917,0.578085
123055,0.0430579,0.581252
102362,0.0486683,0.580161
122407,0.0475114,0.582626
124063,0.0469068,0.578259
126276,0.047202,0.58017
116088,0.0421515,0.585336
125263,0.0457049,0.582674
113962,0.0409836,0.578048
119612,0.0488537,0.571469
124303,0.0446547,0.57423
125567,0.0489802,0.579208
125943,0.0497179,0.588349
115691,0.0472161,0.585054
121645,0.0496485,0.594923
130984,0.046064,0.597496
131400,0.0473157,0.583044
115268,0.0494481,0.590962
126150,0.049668,0.574586
125022,0.0476415,0.586517
124053,0.0449332,0.567165
128693,0.0425398,0.583676
130856,0.0443132,0.588659
131248,0.0444205,0.56634
132748,0.0464663,0.593436
126556,0.0447776,0.59032
128615,0.0456804,0.591793
130968,0.046602,0.585078
131382,0.0483969,0.581396
131258,0.0424584,0.588844
125290,0.0424368,0.574208
126596,0.0449941,0.579078
123860,0.0464362,0.58068
136792,0.0477026,0.579884
128659,0.0429971,0.58071
127052,0.0459695,0.583179
118913,0.0435435,0.586757
113845,0.0491204,0.58559
132970,0.043304,0.58285
127164,0.0417999,0.576653
119950,0.0429627,0.567816
121957,0.0498177,0.59038
126694,0.0463345,0.573168
121601,0.0501701,0.578523
120122,0.0435876,0.590179
123053,0.043273,0.569271
117915,0.0475566,0.591074
129083,0.0486709,0.592631
104678,0.0503558,0.573821
128738,0.0485067,0.576166
126095,0.0489677,0.586379
128402,0.0474445,0.584547
106387,0.044084,0.589522
133161,0.0474184,0.596492
128000,0.0472218,0.577152
124980,0.0492188,0.57492
129365,0.045324,0.602133
127910,0.044507,0.585986
128707,0.0460638,0.585341
118046,0.0450603,0.58753
122515,0.0466786,0.571779
127962,0.0441743,0.57024
126992,0.0467461,0.581954
122086,0.0433431,0.577699
127451,0.0461956,0.582208
130430,0.0493102,0.578042
128574,0.0517496,0.600409
127399,0.0486142,0.56557
123300,0.0429369,0.579396
130098,0.0466909,0.586888
126542,0.0498602,0.575687
121271,0.0444844,0.571583
128739,0.0450232,0.587965
122652,0.0488409,0.592102
129997,0.0507909,0.59726
129642,0.0423401,0.581551
128510,0.0482966,0.576675
128978,0.0447591,0.586538
126083,0.045906,0.576065
123661,0.047965,0.576859
129878,0.0456771,0.589777
127643,0.0442495,0.588599
114949,0.0420396,0.579705
125682,0.0444136,0.576865
122864,0.0394275,0.594035
126571,0.0477622,0.57474
127090,0.0465396,0.579924
129660,0.0475614,0.581999
124401,0.0457011,0.581494
127154,0.0493659,0.580697
128130,0.0452187,0.5709
123606,0.05119,0.579167
123295,0.0451594,0.585835
130509,0.0447862,0.586622
127073,0.0481386,0.580859
119208,0.0497224,0.595442
125350,0.0483214,0.585975
130099,0.0448894,0.588114
115903,0.0499256,0.58527
129541,0.0487756,0.589103
121758,0.0485336,0.583958
127696,0.048275,0.57277
126627,0.043502,0.588338
125012,0.0419521,0.570461
133264,0.0426326,0.578194
124244,0.0458506,0.576547
127640,0.0437918,0.580668
130562,0.0436387,0.592971
129216,0.0429766,0.59452
122943,0.0458556,0.598851
127838,0.0474597,0.565336
119475,0.0498586,0.586621
127535,0.0495579,0.597671
120718,0.0470594,0.588226
110987,0.0474351,0.583109
125850,0.049954,0.586543
127902,0.0488383,0.577024
125882,0.0452693,0.582732
121372,0.0458789,0.57655
126441,0.0524932,0.597215
125589,0.0450678,0.590119
115299,0.0449792,0.585135
126515,0.0482367,0.581571
128804,0.042838,0.569745
124107,0.0444932,0.575624
122608,0.0469521,0.578963
125575,0.0471669,0.574692
129377,0.0450051,0.589061
128899,0.0444429,0.57329
129204,0.0491548,0.585678
125485,0.0441624,0.584476
129930,0.0438123,0.580443
124874,0.0456605,0.578439
132620,0.0479504,0.590582
137028,0.0421155,0.585775
128696,0.0439067,0.575146
113839,0.0515802,0.585929
126109,0.0477023,0.593808
130430,0.0489645,0.588385
121274,0.0452577,0.58393
124946,0.0449294,0.581459
124729,0.0431691,0.589578
128690,0.0457894,0.596771
126214,0.0449596,0.578985
133429,0.0456623,0.576985
128066,0.0453327,0.58521
128351,0.0456269,0.582403
119878,0.0469252,0.581637
123836,0.0405874,0.582783
127048,0.051202,0.567845
119778,0.0450864,0.58555
123812,0.0503779,0.576907
128938,0.0502613,0.594367
126769,0.0481737,0.585585
128021,0.0426727,0.579116
121994,0.0448747,0.581381
134311,0.0453553,0.577998
125447,0.0432342,0.573134
112077,0.0486909,0.591553
120909,0.0439025,0.573464
121321,0.044827,0.586279
127051,0.0462318,0.58092
119101,0.0467816,0.577023
124846,0.0456298,0.58567
121177,0.0423466,0.572089
76948,0.0528569,0.604317
117671,0.0500271,0.595317
130445,0.0440561,0.576983
130926,0.044472,0.578846
126973,0.0486737,0.580816
132851,0.0463799,0.580876
111811,0.0409253,0.585635
125013,0.0478064,0.572508
127605,0.045984,0.597614
124398,0.0437658,0.580206
130341,0.0498906,0.570914
132579,0.0460149,0.591756
126794,0.0404412,0.583439
127422,0.0440365,0.587611
117753,0.0508749,0.589836
120636,0.0470751,0.588315
121563,0.0489003,0.576693
118579,0.0456439,0.592634
126962,0.0461716,0.581851
128290,0.0495279,0.588343
136284,0.0460376,0.580248
125028,0.045646,0.582889
131044,0.0425402,0.585838
120731,0.0445239,0.5752
130186,0.046487,0.588742
123221,0.0445543,0.576935
121029,0.0458769,0.587401
128441,0.0427032,0.590158
131294,0.0453982,0.60432
122230,0.0515504,0.587266
119728,0.0466215,0.580654
130533,0.0458692,0.579153
125221,0.0490921,0.577391
127778,0.0432981,0.575322
125487,0.0469326,0.57529
128397,0.0442678,0.575391
120595,0.0511131,0.588606
116965,0.0433461,0.565682
122030,0.04146,0.589441
124070,0.051652,0.575502
131843,0.0462037,0.581567
122052,0.0507991,0.570196
128671,0.0398464,0.575716
122680,0.047371,0.578904
122446,0.0481656,0.568091
123928,0.0438084,0.583375
120080,0.0496992,0.586938
119493,0.0453423,0.586641
126834,0.0438473,0.582919
133575,0.0449206,0.594561
129863,0.0444223,0.586938
126266,0.0507384,0.585759
122406,0.0402524,0.580017
120187,0.0437605,0.583062
113628,0.0474876,0.574317
129865,0.04148,0.586563
128283,0.0455307,0.578685
127565,0.0511128,0.58108
120648,0.0411647,0.596081
125886,0.0451453,0.578897
129619,0.0467427,0.600495
131611,0.0416577,0.577885
129232,0.0466993,0.601229
120613,0.0417038,0.580733
135863,0.0433062,0.592398
134529,0.0457122,0.598856
124953,0.0414275,0.589146
128359,0.0458178,0.576894
127121,0.0419815,0.576455
125513,0.0466431,0.579749
123015,0.0455006,0.578055
124560,0.043059,0.574334
125838,0.0454465,0.57824
122555,0.0468727,0.579882
120009,0.0469584,0.571986
127610,0.0425674,0.576103
120966,0.0509216,0.584685
118561,0.0467033,0.581468
126710,0.0438363,0.572252
124748,0.0483864,0.580246
112715,0.0526696,0.59312
127254,0.0516855,0.580473
123055,0.0409048,0.576974
115568,0.044815,0.559822
128968,0.0446326,0.577077
124387,0.0485911,0.583839
127105,0.0411931,0.583419
126000,0.048301,0.58102
125296,0.0492311,0.57691
124670,0.0481266,0.585586
132314,0.0459747,0.58481
130111,0.0435365,0.588271
121846,0.0498224,0.584816
125599,0.047955,0.585741
129538,0.0471282,0.591552
127945,0.0487402,0.580726
122754,0.0505899,0.588873
55615.7,0.0556691,0.585381
124964,0.0501437,0.580551
118505,0.0495907,0.577427
115789,0.0459894,0.593454
126446,0.0499623,0.576748
124927,0.0441499,0.576861
124411,0.0464062,0.569472
124439,0.0482113,0.573844
129263,0.0491287,0.587875
118785,0.044526,0.577409
133370,0.0471857,0.605882
125831,0.0434842,0.584451
119620,0.0416668,0.57546
120329,0.0459803,0.580321
122995,0.04777,0.575674
132804,0.0515558,0.585077
132618,0.0478698,0.588706
125119,0.0445024,0.586997
127459,0.0470086,0.588279
124609,0.04487,0.597329
120866,0.0443599,0.581578
127560,0.0437371,0.572472
127836,0.0424575,0.579352
116884,0.0463427,0.578497
122967,0.042908,0.581437
133352,0.0487864,0.584596
128257,0.0476235,0.582947
121986,0.0453749,0.570242
126899,0.0433984,0.590253
124977,0.0408706,0.570773
128152,0.0490297,0.578134
121246,0.0423142,0.588213
130937,0.0470201,0.597741
127606,0.0415071,0.597358
129704,0.0428773,0.589292
122611,0.0449172,0.575719
126154,0.0493128,0.597678
125645,0.0439345,0.591074
116056,0.0444028,0.585119
125406,0.0480833,0.579282
130214,0.043734,0.585767
129810,0.045189,0.586361
121309,0.0407758,0.585921
124407,0.0463003,0.581997
129158,0.0483203,0.58658
129692,0.0412621,0.563578
132238,0.0423976,0.584348
126553,0.0400175,0.584194
132751,0.0492904,0.589732
133644,0.0458596,0.594471
130596,0.0418713,0.571338
123268,0.0440072,0.579133
123159,0.0421785,0.596359
118628,0.051351,0.581106
111880,0.041143,0.584122
124498,0.0485551,0.593355
131422,0.0503784,0.584016
118044,0.0442741,0.581195
117993,0.0454435,0.577437
128367,0.0458497,0.588815
130234,0.0445282,0.58173
126036,0.0447331,0.584567
127937,0.0486072,0.592581
122746,0.0438524,0.5814
127125,0.047633,0.586348
125555,0.0456387,0.577353
134214,0.0455705,0.593518
128343,0.0465409,0.583347
129676,0.0444588,0.584962
119630,0.0471692,0.591294
120958,0.0485009,0.593681
132865,0.051144,0.58678
123531,0.0443744,0.577794
129343,0.052638,0.593206
120390,0.045738,0.571866
123799,0.053564,0.58559
125658,0.0450903,0.58477
125732,0.0442777,0.580262
120805,0.0401019,0.587513
128354,0.0446677,0.585135
124929,0.0438247,0.596279
131377,0.0491417,0.587923
130010,0.042443,0.587047
123520,0.0484163,0.584209
128140,0.0464468,0.578602
129733,0.0456597,0.583302
126963,0.0493815,0.574786
127136,0.0433692,0.585889
126679,0.0418812,0.585586
123074,0.0412192,0.587074
102786,0.0476789,0.583751
133036,0.0449933,0.584669
126632,0.0478592,0.57395
119254,0.0458222,0.571549
122720,0.0454628,0.580044
119648,0.043799,0.578213
126737,0.0490691,0.572359
131557,0.0425482,0.584808
126945,0.0439175,0.569849
122236,0.0439194,0.582263
126280,0.0461417,0.584606
128082,0.0479145,0.590387
126046,0.0422757,0.578003
123167,0.0482044,0.57951
125526,0.0442829,0.596885
132227,0.0467131,0.59697
125005,0.0446807,0.583481
121051,0.0491222,0.576179
133248,0.0482073,0.583183
121851,0.0415264,0.574222
123428,0.0458893,0.568979
130576,0.0442973,0.585291
127339,0.0497357,0.583722
123179,0.0484046,0.580379
126184,0.0482502,0.595131
123306,0.0447735,0.577705
127866,0.0488313,0.582027
127717,0.0469049,0.584738
123820,0.0477443,0.57962
122797,0.0471356,0.589
129331,0.0502533,0.588741
129313,0.0472138,0.587269
127941,0.0465909,0.577071
124028,0.0453817,0.576092
124168,0.0513101,0.580902
129661,0.0432501,0.581705
125775,0.0485234,0.582413
127980,0.0472936,0.586212
127009,0.0487547,0.582254
125365,0.0471157,0.585841
123772,0.0447937,0.585298
127120,0.0449139,0.586796
131619,0.0493379,0.594545
130644,0.0445201,0.592323
121540,0.0460678,0.582602
126949,0.0458924,0.578473
127394,0.0449061,0.583627
124439,0.0429637,0.585375
126621,0.0495459,0.594036
129804,0.0451814,0.571473
96341.7,0.0511024,0.57639
126026,0.0452188,0.57633
127147,0.0502106,0.588512
126566,0.0471901,0.580895
121272,0.0450252,0.56805
128288,0.0472027,0.586325
123025,0.0417364,0.579342
124355,0.0465762,0.593808
128071,0.0470039,0.57504
130373,0.0490995,0.582613
129943,0.0437556,0.588855
124856,0.0474306,0.593572
124972,0.0442781,0.588368
132391,0.0428998,0.595463
128729,0.0445418,0.580611
124446,0.0456861,0.585965
119772,0.0440884,0.571031
126700,0.0471227,0.595051
127387,0.0481069,0.574254
120145,0.0454883,0.585213
105447,0.0428896,0.581757
129370,0.0452334,0.579586
129030,0.0432605,0.578087
119173,0.0481147,0.589072
117783,0.0521147,0.578908
125215,0.0459414,0.593619
132024,0.0444252,0.572638
118458,0.050621,0.593468
127450,0.0518436,0.59448
119747,0.0490434,0.589593
116415,0.0482988,0.592106
120905,0.0456312,0.579798
119505,0.0400863,0.580833
129758,0.0437846,0.586835
121799,0.0462903,0.563338
119508,0.045472,0.569414
123592,0.0460716,0.592405
104065,0.0495645,0.573699
124639,0.040712,0.574363
121857,0.0515221,0.57675
130290,0.0429028,0.572565
130715,0.0465473,0.594175
111405,0.0413808,0.58689
120416,0.0440399,0.563962
129928,0.046238,0.582888
128291,0.0439937,0.583003
119123,0.0458041,0.574847
128790,0.0457274,0.587709
126605,0.0438693,0.57991
125926,0.0461544,0.580619
130133,0.0480975,0.587034
127002,0.0454048,0.589802
128128,0.0453244,0.588345
128970,0.0455105,0.584194
126028,0.046693,0.59968
122759,0.0425493,0.585925
123791,0.0482628,0.568042
123640,0.0449824,0.57722
127374,0.0404625,0.587891
122464,0.0476097,0.577819
126877,0.050741,0.579041
126775,0.0467508,0.576647
130836,0.0441554,0.590583
125340,0.0447309,0.584913
124924,0.0417423,0.584099
130746,0.0450477,0.597904
125219,0.0477381,0.575524
119748,0.0510314,0.579271
125128,0.0444433,0.579562
129058,0.0437802,0.587914
128265,0.0462188,0.587191
125749,0.0416761,0.58604
118067,0.0470526,0.569812
128161,0.0478545,0.575421
127486,0.0482264,0.580609
123751,0.0486882,0.586924
120777,0.043059,0.588605
127407,0.0480534,0.575063
122467,0.0440629,0.574269
125108,0.0463702,0.590794
119006,0.0498755,0.572807
124946,0.0456632,0.590035
131552,0.0452982,0.588091
122139,0.0450629,0.579831
115961,0.0437264,0.586904
117397,0.0443485,0.584108
122896,0.0448099,0.577972
124984,0.0435716,0.584703
127351,0.0399405,0.58601
125801,0.0448493,0.586335
125607,0.0456142,0.576111
124573,0.0516809,0.585725
133848,0.0452465,0.575948
125035,0.0404394,0.571916
119322,0.0412913,0.580442
126780,0.050293,0.585933
115910,0.0449389,0.580442
126859,0.0464575,0.588059
124532,0.046786,0.583878
125410,0.0465797,0.571816
124309,0.0418056,0.578329
110693,0.0471467,0.569607
125213,0.046875,0.560736
92524,0.04698,0.580249
127845,0.046117,0.589609
130810,0.044255,0.596009
124868,0.0375081,0.596306
116353,0.0439441,0.578301
123581,0.0482236,0.583832
122547,0.050168,0.580524
131239,0.0421366,0.584997
127152,0.0435763,0.575237
130484,0.045525,0.590559
121654,0.0437347,0.578185
124009,0.0456707,0.573309
131134,0.0447752,0.590461
125953,0.0438736,0.583515
126199,0.0431035,0.594398
124220,0.045792,0.591342
114580,0.0454306,0.579539
127985,0.0455658,0.572833
131063,0.0433063,0.57525
131764,0.0478126,0.597086
129950,0.0501152,0.592005
120152,0.048651,0.577602
128744,0.0449426,0.580769
130404,0.0477602,0.588966
124212,0.0466813,0.5844
124763,0.0491306,0.578329
124603,0.0449343,0.586792
122103,0.0487028,0.58078
123898,0.0449905,0.582523
126116,0.0445775,0.583629
130906,0.0512118,0.592517
119858,0.0431452,0.584604
126469,0.046196,0.566313
125607,0.0456943,0.573798
127294,0.0449629,0.57901
125592,0.0443088,0.574324
131196,0.0431543,0.582941
123012,0.0446399,0.589012
131270,0.0479453,0.59212
119905,0.0449496,0.589662
123525,0.0472401,0.566149
119863,0.0415111,0.582127
117552,0.0428193,0.58139
118705,0.0495464,0.578228
125705,0.0443099,0.575964
125097,0.0476427,0.582952
130440,0.0520278,0.581605
126330,0.0451061,0.579668
112207,0.0448579,0.584469
125203,0.0486449,0.588792
130252,0.0422021,0.582782
126605,0.0492357,0.56856
123153,0.0452025,0.594594
126941,0.0467723,0.58502
129860,0.0472726,0.581164
126571,0.0452744,0.576226
125119,0.0438666,0.578621
127122,0.0415255,0.585131
128006,0.0471572,0.58757
124649,0.046732,0.574938
131406,0.0462651,0.583592
122785,0.0456983,0.577074
117419,0.0510296,0.571036
119673,0.0392135,0.578923
123323,0.0438464,0.585093
117111,0.0457692,0.580044
138452,0.0473322,0.583982
128319,0.0449156,0.588802
118904,0.0472341,0.577983
127703,0.0445736,0.592022
128169,0.0469117,0.584631
129604,0.0443978,0.574786
129504,0.0535656,0.585028
118917,0.0467746,0.593473
125867,0.0461326,0.57931
128516,0.0449341,0.577426
50516.7,0.0541335,0.568413
128015,0.0452219,0.572226
131383,0.0472851,0.575653
124647,0.0419219,0.579075
128544,0.0503439,0.594851
120512,0.044394,0.568553
132449,0.0447621,0.586728
122374,0.0453595,0.58577
127808,0.0465687,0.583285
129582,0.0488994,0.580416
119552,0.0450941,0.567172
129802,0.0518647,0.593219
129538,0.050122,0.572384
123077,0.0505481,0.585373
127997,0.0459932,0.590951
125740,0.0528024,0.601805
132695,0.043963,0.590622
118874,0.047506,0.578873
123412,0.0432252,0.578919
128730,0.0430088,0.577612
126813,0.0473885,0.577693
127140,0.0494273,0.59899
119857,0.0459824,0.584738
131177,0.0481671,0.589116
131293,0.0431714,0.58732
129753,0.0487223,0.586137
132043,0.0471162,0.582625
124420,0.0432394,0.57592
129611,0.0491407,0.584128
125377,0.0469274,0.585299
127057,0.0430846,0.577155
124604,0.0509585,0.586984
127824,0.0428612,0.596034
120185,0.0412417,0.575609
124507,0.0491078,0.596597
128006,0.0473319,0.565344
126210,0.0445735,0.589062
119482,0.0491617,0.579405
125496,0.0453346,0.602872
128231,0.0443287,0.587358
122213,0.0494375,0.579513
128991,0.0452949,0.576502
130107,0.0457948,0.589838
127622,0.0434673,0.60008
127417,0.046794,0.582018
126942,0.0449107,0.578496
123932,0.0501777,0.588218
120007,0.0522101,0.570204
126856,0.0468001,0.586977
129219,0.0461791,0.580464
115860,0.0451973,0.580282
130355,0.045601,0.589943
129876,0.04101,0.58172
128620,0.0406929,0.581881
124661,0.0459425,0.568241
121381,0.0509145,0.574662
127843,0.0492607,0.587122
127294,0.0445738,0.582011
125433,0.0451317,0.579484
131754,0.0425197,0.579474
123446,0.0493946,0.599161
131888,0.0445653,0.587946
119401,0.0510696,0.590263
131161,0.0450216,0.581892
110416,0.0472929,0.591264
123655,0.0441928,0.583167
126110,0.0391969,0.579942
126088,0.046051,0.585627
119070,0.0477739,0.594755
128423,0.0469779,0.580188
120347,0.0471392,0.575129
129851,0.0518795,0.583734
125682,0.0446342,0.588565
131152,0.0419584,0.582175
127952,0.0429426,0.584602
130526,0.0399364,0.581087
128654,0.0500516,0.587736
121446,0.0455706,0.570188
127482,0.0458031,0.572203
131135,0.0430968,0.585713
122964,0.0459055,0.594796
130223,0.0504277,0.581226
123274,0.0515536,0.581274
130042,0.0446315,0.57631
124920,0.0454748,0.584706
121534,0.048026,0.582516
128433,0.0528441,0.578566
129861,0.0425491,0.590751
130050,0.0452687,0.575986
129658,0.0453156,0.593292
113362,0.0448098,0.575475
122289,0.0490822,0.590376
126891,0.0485974,0.575978
124269,0.0435011,0.578543
123525,0.0480008,0.58848
129030,0.0465198,0.572518
128957,0.0440306,0.595175
128492,0.0456961,0.583445
128675,0.0509166,0.599522
125181,0.0472829,0.570602
125799,0.049002,0.581153
117470,0.0486957,0.572627
130746,0.0458175,0.589831
129779,0.0438362,0.583896
124399,0.0453051,0.583996
128099,0.0420294,0.579138
133725,0.0452983,0.583526
130431,0.0484281,0.587678
124927,0.0442223,0.578842
123343,0.0467521,0.578691
130142,0.0422384,0.586736
119625,0.0456958,0.594663
116317,0.0488536,0.570884
126613,0.0437228,0.582705
123666,0.048057,0.578853
127140,0.0437396,0.578099
127376,0.0461685,0.57788
128530,0.0451927,0.574694
124608,0.0457776,0.583923
128241,0.041826,0.578914
124626,0.0398289,0.576898
122471,0.0483182,0.592103
129610,0.0495884,0.591343
119528,0.0494651,0.588452
117688,0.0419066,0.575262
131750,0.043202,0.586528
124588,0.0463345,0.582359
127411,0.0452309,0.589439
133171,0.044299,0.589171
131069,0.0436314,0.587942
117996,0.0442676,0.582104
129339,0.0505844,0.569956
127318,0.0466638,0.582993
132396,0.0460931,0.598651
128053,0.0449111,0.588995
128506,0.0434379,0.587448
128705,0.050116,0.583617
128539,0.0451668,0.584072
127527,0.0483373,0.592138
129822,0.0468123,0.580287
56377.3,0.0403776,0.587021
123696,0.0450209,0.581474
127973,0.0431777,0.581857
131105,0.0414972,0.577716
121606,0.0456574,0.577056
128384,0.0444601,0.586447
128477,0.0501987,0.586771
123467,0.0437895,0.582565
33182,0.0630102,0.576638
131421,0.0471461,0.585173
130459,0.0528611,0.578086
113314,0.0452935,0.58078
131797,0.0496707,0.590033
123386,0.0482411,0.578822
122355,0.0453706,0.563532
117607,0.0417272,0.574757
108207,0.0495079,0.569718
128097,0.047304,0.585716
126524,0.0490256,0.573931
131173,0.0473809,0.57415
121970,0.0463848,0.586058
129415,0.0444857,0.576282
125778,0.043797,0.58075
126739,0.0504839,0.576977
128347,0.0467223,0.60188
125209,0.0454125,0.584291
125944,0.0444401,0.581286
119552,0.0457243,0.588184
124298,0.0467966,0.587681
128244,0.0453644,0.581559
117356,0.0445294,0.578402
127700,0.0459701,0.593293
129912,0.0499062,0.594425
129811,0.046113,0.587481
118333,0.046019,0.577755
130633,0.047209,0.588424
124814,0.0438123,0.579627
129282,0.0435327,0.571963
124781,0.0453075,0.575288
120389,0.0438372,0.573038
129803,0.0439751,0.581589
134328,0.0530678,0.59284
123412,0.0417534,0.581203
118877,0.0510278,0.585811
120071,0.0477898,0.578824
123578,0.0484627,0.577235
128521,0.038889,0.582399
123108,0.042743,0.581887
128637,0.0458308,0.586752
121008,0.0470247,0.570603
122178,0.0431651,0.594194
124823,0.047605,0.576841
127676,0.0460658,0.581084
122994,0.0463582,0.579935
125754,0.0458668,0.581719
126181,0.0434058,0.573141
116744,0.0452877,0.575802
118863,0.0403963,0.589216
126222,0.0462012,0.587869
125413,0.0464588,0.588348
113743,0.0447068,0.571433
130358,0.0483138,0.5865
126365,0.0443436,0.583908
132957,0.0448622,0.584561
38189.3,0.0616146,0.602594
131251,0.0492038,0.591641
124635,0.0483175,0.581831
125755,0.0445577,0.582692
122148,0.0488935,0.582503
133115,0.0428538,0.580877
127559,0.051586,0.576569
132314,0.0464786,0.584137
125669,0.0473264,0.579566
125997,0.04561,0.589859
126357,0.04585,0.577839
128730,0.0490531,0.580882
122413,0.0449924,0.587295
121846,0.0485572,0.594698
129921,0.0523655,0.575881
123291,0.046335,0.573172
130309,0.0439639,0.586525
125257,0.0446341,0.566595
124771,0.0462056,0.57969
128407,0.0419377,0.581495
131215,0.0463265,0.575014
125327,0.0490355,0.584348
112808,0.0490177,0.573417
129744,0.0454574,0.586046
130768,0.0436883,0.57664
128586,0.0443618,0.582412
129956,0.0388454,0.589526
130792,0.0488837,0.578395
130279,0.0481635,0.580285
127595,0.045922,0.578992
121170,0.0416709,0.572349
120549,0.0460379,0.593672
122427,0.0486289,0.573742
120334,0.0468644,0.573383
127473,0.0436372,0.575777
125029,0.0459992,0.583661
130330,0.0449696,0.584681
123032,0.0482451,0.579008
125946,0.0439917,0.573114
122296,0.0421102,0.590301
128277,0.0526931,0.584302
129413,0.0414599,0.584995
129603,0.0460742,0.592721
122671,0.0468733,0.607177
125590,0.0465271,0.577777
125764,0.0488275,0.57231
127260,0.0441963,0.585742
126694,0.0451,0.574924
126143,0.0492591,0.588939
134350,0.0451917,0.59904
115107,0.0453739,0.578887
125591,0.0454918,0.584727
123229,0.0469287,0.59312
127780,0.048434,0.582983
128419,0.0480567,0.580315
128789,0.041591,0.598591
116808,0.0435422,0.570012
132551,0.0432879,0.59812
125866,0.0394873,0.570126
130644,0.0483871,0.593242
119853,0.046514,0.590578
129127,0.0465987,0.593857
128688,0.0481445,0.595825
103191,0.0440995,0.590211
125045,0.0414529,0.575725
123858,0.0447736,0.598807
124191,0.0514436,0.589423
134015,0.0458104,0.592352
129321,0.0494364,0.582245
124311,0.0439495,0.591142
129817,0.0428399,0.580733
123515,0.0448672,0.571032
111000,0.0452523,0.572987
121664,0.0460073,0.56963
126219,0.0466107,0.589955
43418,0.0486574,0.618776
124657,0.0496423,0.576193
124149,0.0424093,0.58348
122102,0.0446929,0.575368
128041,0.0468146,0.593806
128708,0.0432333,0.601796
131629,0.0480518,0.581039
123828,0.0482022,0.581068
124390,0.0449631,0.57368
130455,0.0461396,0.582557
125171,0.0428723,0.577326
128327,0.0407807,0.585765
128085,0.0389434,0.590955
122149,0.0489605,0.589448
130179,0.0476666,0.586673
127215,0.0495462,0.575533
127107,0.0481337,0.57301
124525,0.044714,0.572736
125831,0.0464634,0.593161
129201,0.0477369,0.588931
128961,0.0434338,0.584673
127173,0.0468677,0.578806
120421,0.0444279,0.583382
128151,0.0455881,0.593187
120697,0.0437846,0.573655
129117,0.0470681,0.576524
131710,0.0455459,0.59013
131910,0.0480655,0.595061
109965,0.0410582,0.584254
120394,0.0459117,0.573962
127560,0.0421745,0.586136
125493,0.04785,0.589073
131308,0.0474735,0.589427
132801,0.0467616,0.591972
121317,0.0462929,0.580475
119658,0.0464872,0.579702
124849,0.0453961,0.584334
124004,0.0476217,0.583207
127326,0.0410842,0.597973
118443,0.0460966,0.59169
122934,0.042372,0.577997
109478,0.0461065,0.572667
132713,0.0446382,0.586321
122289,0.0483122,0.569405
131520,0.0496322,0.57876
130104,0.0474131,0.569871
130501,0.0407289,0.58203
130801,0.046934,0.583531
123220,0.0484491,0.565627
125396,0.0431189,0.580884
131641,0.0428093,0.587477
127157,0.0426126,0.588261
129099,0.0471601,0.590926
109259,0.048541,0.573728
123031,0.0420796,0.575964
128700,0.0450378,0.584378
127510,0.0444348,0.58517
120377,0.0462123,0.589648
125823,0.0474961,0.580128
119513,0.0482386,0.577355
126065,0.0453973,0.579927
120839,0.0457762,0.576217
129240,0.0465159,0.579616
130830,0.0499215,0.58928
124506,0.0428378,0.59057
129694,0.0466,0.578396
126229,0.0484487,0.584758
128222,0.0498591,0.579421
125373,0.0449834,0.575367
128701,0.0428846,0.585081
125353,0.0454134,0.584669
125411,0.0468993,0.571477
125327,0.0481435,0.588161
126588,0.0432731,0.572143
131833,0.0463124,0.583097
125324,0.0470894,0.58188
102834,0.0463484,0.580397
128835,0.0433542,0.583009
121030,0.0476021,0.583422
127732,0.04769,0.599525
126431,0.0460404,0.57934
129399,0.0517431,0.585387
123961,0.0464647,0.586136
127275,0.0458434,0.596901
123223,0.0484856,0.582213
129600,0.0432512,0.587596
125433,0.0419428,0.582378
121372,0.0494081,0.578366
127941,0.043568,0.59477
123911,0.0477256,0.572875
119152,0.048153,0.581363
126780,0.0457927,0.585321
120754,0.0467982,0.595106
126350,0.0515264,0.579153
122252,0.0519439,0.579909
132199,0.0482801,0.591854
127470,0.0469918,0.57814
124185,0.0443228,0.579591
116413,0.0434682,0.580897
123738,0.0506953,0.598741
118145,0.0484939,0.579868
107915,0.052315,0.581912
125978,0.0482038,0.592909
120122,0.0528636,0.580119
125269,0.0439087,0.579477
134090,0.0480903,0.601432
134794,0.0451727,0.589092
131466,0.0432923,0.580553
122675,0.0477059,0.587936
127788,0.0489655,0.581267
126782,0.0520828,0.59094
127241,0.0502286,0.585059
130506,0.0443531,0.602352
127190,0.0460407,0.594351
123882,0.0467044,0.574749
127292,0.047305,0.58037
131844,0.0491723,0.587183
121192,0.0460762,0.577674
134144,0.0487211,0.595341
124878,0.0440339,0.567638
125675,0.0455941,0.57821
129049,0.0494665,0.598986
130125,0.0450298,0.578832
128744,0.0435875,0.581607
125739,0.0472478,0.582695
121629,0.0483692,0.57684
124849,0.0468011,0.567906
131542,0.0461703,0.593191
123743,0.0479209,0.591754
126102,0.0455678,0.577108
121829,0.0485913,0.573468
129401,0.0518542,0.58738
124041,0.0474744,0.573516
130975,0.0462414,0.592586
115559,0.0468191,0.572409
120681,0.0433124,0.574444
123901,0.045921,0.572154
132375,0.0448939,0.593756
123782,0.0475543,0.579337
125734,0.0440546,0.587085
122636,0.0439062,0.576576
125569,0.0499996,0.588019
127949,0.0462767,0.585738
129735,0.0473192,0.580591
123742,0.0474901,0.574635
123182,0.0448572,0.570855
123939,0.0476416,0.569833
127139,0.0461608,0.58965
120419,0.0453108,0.585281
127548,0.042837,0.587884
114165,0.0466412,0.592147
124408,0.0416784,0.587579
133346,0.048997,0.590925
119111,0.0437414,0.575652
126450,0.0443384,0.573642
118602,0.0473117,0.573835
118766,0.0458733,0.578827
126148,0.0442586,0.588761
116741,0.0528238,0.586212
130730,0.0487041,0.589379
120618,0.0500552,0.578127
123471,0.046945,0.574605
117004,0.0465288,0.602351
107182,0.0512968,0.580662
125021,0.0456342,0.583082
125708,0.0422213,0.571181
121783,0.0490209,0.571911
127314,0.0418258,0.570672
130168,0.0483944,0.597501
127965,0.0423011,0.60177
123753,0.0438387,0.586527
126806,0.0443416,0.582121
126488,0.0528034,0.572537
123688,0.0488924,0.581467
129669,0.0440052,0.580239
122746,0.0469298,0.57443
127590,0.0462512,0.588487
131117,0.0460197,0.592547
127635,0.0471438,0.586548
131285,0.0417525,0.59014
126176,0.0421611,0.57887
128559,0.0395515,0.582231
125087,0.0494225,0.576339
130323,0.0450774,0.584486
128022,0.0464294,0.580693
128451,0.0457204,0.584974
125179,0.0439369,0.581172
129302,0.0480412,0.596406
127640,0.0478371,0.57853
124372,0.0487738,0.570595
131016,0.0482146,0.577086
126863,0.0478899,0.576831
125069,0.0401387,0.577053
131658,0.0492461,0.579874
128377,0.0496613,0.576774
123213,0.047036,0.596053
130448,0.0450146,0.585225
129630,0.0498858,0.579198
128988,0.0449495,0.584609
131469,0.0496924,0.591196
127086,0.0482919,0.590109
128038,0.0387636,0.567226
126270,0.0461397,0.583714
118284,0.0494655,0.575399
128275,0.048066,0.58541
127118,0.0510761,0.579017
133576,0.0480681,0.598244
126600,0.0440456,0.58111
127850,0.0445858,0.595342
124811,0.0495892,0.585225
125044,0.0488747,0.597914
130410,0.0439522,0.58009
124437,0.0466531,0.589378
121617,0.0453225,0.57582
130339,0.0493658,0.590341
126160,0.0455066,0.576779
132053,0.0451648,0.599096
126566,0.0439359,0.578828
122526,0.0506931,0.575315
132517,0.044495,0.587166
129139,0.0481132,0.590077
125102,0.0503212,0.578636
130329,0.0467392,0.593656
125745,0.0448798,0.589184
131516,0.0420467,0.594213
121339,0.0442956,0.571185
125699,0.0429771,0.586616
133035,0.0464216,0.583489
122133,0.0447392,0.569441
130976,0.0424854,0.583302
117026,0.0464546,0.577868
127230,0.0455512,0.594168
112212,0.0446543,0.596981
127212,0.0450839,0.589941
122005,0.0467272,0.573235
131867,0.0448441,0.585419
132100,0.0447906,0.585655
125139,0.0441778,0.580031
126713,0.0422044,0.578694
124828,0.0473447,0.587384
128414,0.0494144,0.590598
129812,0.0460808,0.593624
126667,0.0496248,0.580455
129499,0.0475727,0.591039
125645,0.0469921,0.576274
127374,0.0435051,0.573591
119761,0.0470418,0.58236
131721,0.0437924,0.575899
123840,0.0503695,0.579708
127038,0.0469986,0.578295
125605,0.0432638,0.573253
133319,0.0486981,0.573231
128959,0.0462592,0.590044
121061,0.0471696,0.597707
129424,0.0448084,0.571957
130401,0.0427977,0.59212
131438,0.0473715,0.586482
128107,0.0464232,0.586872
125444,0.044566,0.566169
131143,0.0464041,0.580576
125409,0.0492676,0.578591
130900,0.0459232,0.583014
127159,0.0416537,0.593993
100062,0.0495552,0.580515
124893,0.0522839,0.581109
125898,0.0436255,0.573262
133037,0.0461631,0.582353
126503,0.0425037,0.584457
133241,0.0510927,0.583263
125374,0.0442969,0.58294
122741,0.046109,0.577325
123375,0.0451111,0.584174
124370,0.0443537,0.588016
134008,0.0427448,0.591693
125877,0.0415351,0.581079
132022,0.0449567,0.585391
124207,0.0502726,0.581436
127130,0.0450006,0.589263
124928,0.0447551,0.576296
125333,0.0491849,0.590802
124411,0.0474374,0.575118
131628,0.0433502,0.590569
124922,0.0472103,0.585954
126153,0.0463614,0.592547
131319,0.0462849,0.591266
119889,0.044466,0.581004
125717,0.0465657,0.597752
123862,0.0498146,0.57487
123094,0.04835,0.581202
132827,0.0506164,0.585604
133676,0.0452881,0.586751
128561,0.045224,0.583089
125214,0.0492986,0.584368
20393,0.0621999,0.597313
130255,0.0476019,0.598606
118604,0.0435697,0.576515
126019,0.0497644,0.593307
129525,0.0486873,0.590627
129520,0.046759,0.587296
121834,0.0485144,0.576834
129566,0.0448855,0.573299
130256,0.0470829,0.580484
127080,0.0451558,0.581645
120617,0.0474599,0.580171
130548,0.042455,0.580357
122769,0.045828,0.572074
122464,0.0416329,0.579865
130976,0.0504181,0.582828
125243,0.0427608,0.584819
125245,0.042574,0.59063
125568,0.0495065,0.594905
123004,0.0474322,0.584887
115790,0.0486849,0.566962
119905,0.0473811,0.578178
127260,0.0484075,0.593556
127037,0.0471221,0.586385
135290,0.0504495,0.594774
127664,0.047808,0.592567
121798,0.0507745,0.580359
128479,0.0444396,0.5937
124452,0.0432022,0.572988
129053,0.0443716,0.583066
121675,0.0473436,0.583962
108540,0.0485501,0.586535
130738,0.04769,0.589924
90925.3,0.0450355,0.570992
119759,0.0424126,0.577155
129279,0.0497941,0.577422
124151,0.0487717,0.580732
123991,0.0469254,0.581195
123117,0.0512834,0.580525
120535,0.0520538,0.581246
127371,0.0444652,0.582495
127943,0.0486553,0.585417
129252,0.0460646,0.58873
128995,0.0473385,0.588453
124764,0.0442046,0.567499
117237,0.0448303,0.582371
125408,0.0492622,0.588806
129356,0.0469288,0.582729
119503,0.0457729,0.579898
132673,0.0444592,0.594865
123765,0.0428647,0.589128
129616,0.0476477,0.577406
117317,0.0438713,0.587068
128190,0.0451307,0.586286
131138,0.0473853,0.58957
121182,0.0434433,0.586511
135053,0.0503629,0.588765
126602,0.0431591,0.590931
119695,0.0450754,0.572334
104006,0.041224,0.588903
128290,0.0424124,0.578147
122924,0.0464317,0.589177
121226,0.0434498,0.585518
130535,0.0484332,0.589708
127162,0.0450168,0.590912
129051,0.0469615,0.578395
125249,0.0478035,0.585342
127914,0.0456263,0.583615
121483,0.041625,0.588272
118591,0.0498786,0.572063
127884,0.0478451,0.57791
131041,0.0478354,0.575389
125716,0.0444102,0.578077
127027,0.0452408,0.582817
124518,0.041256,0.576266
132567,0.0434378,0.577697
123890,0.0433463,0.578747
124064,0.0464827,0.587672
116949,0.0460233,0.572784
124739,0.0452752,0.571125
132614,0.045861,0.591514
129843,0.0463001,0.594191
129906,0.0443959,0.586947
126560,0.0461425,0.575415
130075,0.0443904,0.582764
122053,0.0469654,0.577733
128134,0.0493593,0.592828
118270,0.0457286,0.574148
128077,0.0456331,0.592085
124167,0.0425193,0.581443
125932,0.0428965,0.589267
128949,0.0477697,0.5852
121791,0.0467263,0.587847
128836,0.0478962,0.576547
129548,0.0475103,0.589816
123890,0.0465387,0.579833
123057,0.0458673,0.589333
129253,0.0454009,0.575399
124610,0.0459218,0.578922
130441,0.043951,0.590949
129586,0.0453717,0.586541
114696,0.0510766,0.579083
128989,0.0463644,0.583057
131439,0.0442956,0.590985
127815,0.0488927,0.576705
125636,0.0429984,0.565288
114997,0.044672,0.587646
120470,0.0459714,0.573803
126761,0.0479279,0.588552
125913,0.0471497,0.585201
133435,0.0448046,0.596343
129073,0.048754,0.583131
123096,0.0447142,0.571903
127950,0.0484625,0.590992
120993,0.0441177,0.576273
122296,0.0477169,0.594925
111930,0.0422573,0.575342
118727,0.0515038,0.580445
124845,0.0468206,0.593784
123699,0.0435758,0.571904
118037,0.0484247,0.584889
124398,0.0446529,0.574961
125884,0.0500226,0.587609
128967,0.0482475,0.583448
129525,0.048624,0.580255
128967,0.0498306,0.582253
130364,0.0497004,0.570924
130939,0.0465218,0.587839
128190,0.0467981,0.588759
131844,0.0472231,0.586303
127144,0.0504526,0.591306
120105,0.0453802,0.58217
121690,0.0471253,0.581933
124484,0.0464148,0.593743
122703,0.0415572,0.58325
130131,0.0510504,0.580869
126821,0.0448281,0.583295
124915,0.0421612,0.581519
122439,0.0435187,0.577153
121794,0.0456569,0.575402
122355,0.0472915,0.581108
125138,0.0439422,0.587631
118319,0.0440207,0.585882
130807,0.0393633,0.58852
132704,0.0432878,0.587077
127878,0.0471024,0.578923
125943,0.047819,0.585324
124388,0.046281,0.573532
129230,0.0460933,0.570119
122147,0.0449309,0.571062
125794,0.0455617,0.576657
130018,0.0487426,0.593733
127408,0.0479862,0.582448
105779,0.0487025,0.597117
123907,0.0431122,0.582328
128015,0.0442218,0.579377
125542,0.0462154,0.587381
131346,0.0424406,0.573154
129556,0.0499269,0.587935
118867,0.0414932,0.582525
128146,0.0492051,0.590803
129831,0.044333,0.593429
133788,0.0479217,0.592878
125268,0.0478137,0.586423
123397,0.0422347,0.590399
127507,0.0449162,0.573729
131991,0.0456292,0.59715
131526,0.0473669,0.587743
126625,0.0451436,0.575767
129054,0.0453555,0.595503
134723,0.0462927,0.584915
131634,0.0503685,0.589153
119580,0.0447173,0.581351
130905,0.0492189,0.57879
121818,0.0455895,0.588197
134928,0.0474244,0.599079
123131,0.0453203,0.588946
126209,0.0474362,0.597247
119639,0.0464558,0.569288
124995,0.0435579,0.579627
125756,0.0457791,0.584402
124030,0.0436236,0.576574
129333,0.0473162,0.588032
132210,0.0433853,0.586094
126090,0.0421791,0.584134
130101,0.0478084,0.579877
125157,0.0474583,0.597458
125030,0.049683,0.580808
130164,0.0426723,0.571241
131737,0.0439471,0.594013
122903,0.0472832,0.594566
130462,0.046171,0.589014
131546,0.046921,0.586863
121191,0.0494156,0.580089
126299,0.0464452,0.567922
124010,0.0508578,0.588743
128792,0.0491109,0.588177
128591,0.0486226,0.582207
128269,0.0500311,0.590965
132379,0.0470336,0.584153
131532,0.0436012,0.598474
117364,0.0418863,0.585618
117928,0.0509843,0.579247
125414,0.0453356,0.568808
108564,0.0462435,0.593295
127124,0.048625,0.589609
117270,0.0479136,0.578234
119670,0.0524766,0.57674
123332,0.0452065,0.580129
124339,0.0462812,0.579601
124454,0.0509184,0.578627
121436,0.0472286,0.568933
130034,0.0498475,0.577499
128019,0.0438922,0.594138
129505,0.0472825,0.581201
122976,0.0457265,0.582943
107792,0.0444713,0.582738
129482,0.043897,0.587773
128717,0.0461305,0.582433
133750,0.0453345,0.5812
127668,0.0471675,0.593504
129370,0.0458286,0.586477
117309,0.0445033,0.580953
122361,0.0463824,0.583295
131264,0.0421864,0.579012
130794,0.0547925,0.587906
121155,0.0476671,0.583793
126001,0.0458192,0.593694
110896,0.0435817,0.582262
132120,0.046288,0.595849
126514,0.047841,0.577225
125861,0.0461335,0.598231
102637,0.0418941,0.58723
121239,0.0461558,0.598232
121364,0.0424286,0.572674
123941,0.0483956,0.571603
129208,0.0464817,0.586934
129611,0.0452987,0.5797
122986,0.0415359,0.58401
119136,0.04131,0.599344
128629,0.0476765,0.576363
131132,0.0453712,0.597752
121185,0.0429048,0.588472
124230,0.0497992,0.572438
123032,0.0476947,0.589968
122251,0.0454736,0.583055
124103,0.0475276,0.600396
130861,0.046381,0.593458
128962,0.0410293,0.581796
128180,0.0551621,0.592257
126433,0.0501072,0.583661
114410,0.0419473,0.591937
117802,0.0455928,0.580228
128124,0.0421947,0.584547
119804,0.0482935,0.578954
127813,0.0443303,0.583712
120922,0.0503472,0.589169
122622,0.0453854,0.582473
124714,0.0488114,0.587384
130327,0.0455862,0.586713
131747,0.0479415,0.580465
122118,0.0445233,0.579542
124513,0.0514677,0.572061
129436,0.0450326,0.573067
119532,0.0489109,0.576268
128118,0.0487449,0.579575
131051,0.0461931,0.58536
124568,0.050068,0.569287
122658,0.0463402,0.581006
131546,0.0415892,0.580371
125881,0.0434589,0.580787
122269,0.0433552,0.591266
121486,0.049649,0.595608
130432,0.0456692,0.598078
125225,0.0423943,0.573775
123631,0.0458512,0.591732
129275,0.0453867,0.588826
122081,0.045547,0.587569
127282,0.042444,0.569959
123780,0.0443092,0.577173
122772,0.0439002,0.586176
126699,0.0474436,0.590908
126085,0.0508096,0.593092
121958,0.0462015,0.578818
128375,0.0463857,0.586457
112541,0.0443683,0.577963
126990,0.041658,0.575498
124206,0.0421915,0.584863
124814,0.0456434,0.567168
122086,0.0527518,0.578555
128380,0.0435435,0.588008
128821,0.0476575,0.574251
111365,0.0477408,0.580851
120742,0.0453861,0.587703
120570,0.0454161,0.585365
127927,0.0434421,0.600323
121476,0.0466776,0.569413
122163,0.0481868,0.582017
129765,0.0448236,0.578588
117301,0.0392124,0.583009
120675,0.0413612,0.596018
125411,0.0479011,0.587687
124564,0.0483433,0.558135
132611,0.0501084,0.586837
125298,0.041351,0.585385
118145,0.0447523,0.575306
123990,0.0490624,0.586511
121912,0.0457858,0.57245
129249,0.0414925,0.582631
120817,0.0447745,0.575647
123705,0.0481983,0.585894
129740,0.0450089,0.586408
118546,0.0438412,0.576506
132270,0.0420121,0.58424
120653,0.0457132,0.566439
124698,0.0496252,0.576116
125161,0.0430164,0.593895
110124,0.0430126,0.582698
122618,0.0425165,0.57096
127476,0.0464627,0.573532
131414,0.0465711,0.586228
129011,0.0482143,0.581617
128742,0.0439665,0.581224
130922,0.0456228,0.603768
131548,0.0485792,0.592076
124434,0.0466058,0.599262
119675,0.0420181,0.572605
127102,0.0479243,0.594464
129109,0.0483999,0.595997
119655,0.0450389,0.569755
127355,0.0441522,0.582584
127964,0.0449786,0.579081
129965,0.0459528,0.57277
129377,0.0464534,0.579937
124119,0.0461414,0.578658
113831,0.0442783,0.575125
131664,0.0447006,0.602439
127577,0.0485749,0.571306
124354,0.0445278,0.5736
126379,0.0518962,0.592416
130980,0.0452752,0.598897
126346,0.0420805,0.58802
127614,0.046706,0.59334
130733,0.0472104,0.590341
125836,0.0449652,0.586438
124529,0.0468401,0.587257
121032,0.0485856,0.579475
127758,0.0437404,0.596953
128238,0.0506985,0.578382
128599,0.0425361,0.573469
125554,0.0538443,0.595111
136329,0.0446145,0.593124
123851,0.0426432,0.579685
126894,0.0532335,0.585847
127942,0.0478832,0.587731
125970,0.0475731,0.585409
124573,0.0456705,0.582277
126537,0.0474068,0.585916
127770,0.0437962,0.587857
122990,0.044161,0.590149
133621,0.0403038,0.585907
123330,0.0457093,0.575598
119420,0.0412106,0.579254
114014,0.0431202,0.58427
120718,0.0515161,0.56605
129492,0.0507916,0.589006
129157,0.0493501,0.583089
131547,0.0454781,0.599097
122065,0.0410274,0.573023
118945,0.0439339,0.580062
127552,0.0492429,0.592272
131368,0.0479295,0.595754
123696,0.0476299,0.573676
124853,0.0496178,0.585445
128315,0.0444348,0.587632
127142,0.048129,0.584512
131151,0.0449239,0.584132
128155,0.0456825,0.578779
129146,0.0453455,0.57656
124698,0.0452617,0.580094
126888,0.0466606,0.580374
122748,0.0484352,0.58311
130118,0.0419377,0.574367
128165,0.0428098,0.586931
123023,0.0467408,0.584984
124883,0.0427908,0.589292
123955,0.0498126,0.58109
119055,0.0492128,0.560993
128306,0.0505349,0.586793
119240,0.0504879,0.574761
119611,0.0482449,0.576707
126473,0.0469601,0.589236
122866,0.0508501,0.570894
124473,0.0487156,0.593876
121222,0.0451866,0.596728
129449,0.046255,0.580078
128210,0.0474219,0.595885
131520,0.047673,0.594054
129670,0.0433176,0.588675
121221,0.0442101,0.589168
125711,0.0479523,0.582077
120673,0.0426773,0.573707
127093,0.0480883,0.589446
121809,0.0446565,0.585453
126426,0.0422746,0.570005
131779,0.0482002,0.58131
130955,0.0406815,0.576583
131036,0.0461785,0.594684
117478,0.0443205,0.575597
132489,0.0466253,0.600306
126130,0.0431274,0.581131
130665,0.0432081,0.587169
130272,0.0466468,0.582109
120603,0.0449623,0.573025
131069,0.0435062,0.581506
127931,0.0414228,0.580161
126170,0.0464191,0.584406
125397,0.0474082,0.585413
132082,0.0469105,0.581082
123393,0.044071,0.581853
119676,0.0467384,0.574159
126171,0.0481367,0.582015
122472,0.0449321,0.580626
130785,0.0463468,0.576542
120850,0.0502641,0.577923
127126,0.0496024,0.576098
128976,0.0406226,0.580158
131132,0.0507318,0.585273
128841,0.0457801,0.581884
108179,0.0460855,0.572431
125613,0.0494711,0.588741
130109,0.0481814,0.580164
118099,0.0434957,0.584531
124577,0.0439822,0.588993
129612,0.0438711,0.581057
129245,0.0436035,0.598193
119534,0.0520842,0.592756
121793,0.0466608,0.57314
130556,0.0423297,0.587391
127122,0.0445457,0.593194
128919,0.047936,0.584165
127878,0.0457563,0.587861
126986,0.0455033,0.579296
126818,0.0421641,0.589845
128412,0.0465027,0.591374
116485,0.0486568,0.581169
127942,0.0494307,0.591725
112567,0.0418391,0.583595
126585,0.0419972,0.580239
116647,0.0425529,0.588142
115717,0.0484563,0.584884
121011,0.0472186,0.574688
130582,0.0460575,0.579678
130718,0.0524916,0.598548
130632,0.0503305,0.593002
127349,0.0478694,0.576726
124363,0.0484632,0.595684
119002,0.0405984,0.578935
133301,0.0473741,0.583919
121679,0.0436203,0.58294
127546,0.0429332,0.586063
125311,0.04967,0.593467
127718,0.0457426,0.580686
123230,0.0455403,0.575655
124256,0.0495753,0.576045
133306,0.0425335,0.594789
116485,0.0508648,0.584002
119448,0.0463625,0.569147
128503,0.0413206,0.590232
129796,0.0426112,0.576208
126144,0.0437592,0.587665
125982,0.0468764,0.579254
127743,0.045436,0.594283
125658,0.0464429,0.580985
60044,0.0530075,0.586237
122735,0.0465495,0.582429
121025,0.0448696,0.593935
129884,0.0416703,0.594411
128031,0.0471209,0.581785
122329,0.0478895,0.578522
133473,0.0466965,0.582661
125529,0.0454633,0.591457
116546,0.0475233,0.602582
108095,0.0465906,0.572066
127077,0.0476615,0.583854
127304,0.0461651,0.598689
126648,0.0461953,0.591501
123297,0.0483466,0.576587
121675,0.0467366,0.579729
131575,0.0472073,0.579567
125264,0.0430464,0.585871
126063,0.0492044,0.592791
127462,0.0454267,0.583856
126640,0.04137,0.580239
121920,0.0416689,0.591638
124715,0.0469884,0.57963
129403,0.0510012,0.595964
127376,0.0484303,0.573593
128524,0.0479572,0.591333
129416,0.0436008,0.601614
132941,0.0450771,0.585948
128010,0.0436078,0.588298
118536,0.0463045,0.569612
115121,0.0466804,0.584086
124416,0.0463659,0.585733
126916,0.0468062,0.584836
123065,0.0451894,0.588733
118594,0.042341,0.583642
123237,0.0445176,0.592692
132751,0.0439844,0.585777
130434,0.0437822,0.580359
123838,0.0542466,0.577803
129720,0.0489759,0.596867
126953,0.0495036,0.586615
125064,0.0500321,0.572599
128191,0.0442274,0.584156
122325,0.0456122,0.571441
130604,0.0494946,0.58412
130267,0.0442481,0.586001
131440,0.0420284,0.594595
119340,0.0430021,0.578946
131968,0.0451514,0.583251
122554,0.0477153,0.582098
124496,0.0459134,0.57036
125135,0.0474988,0.589044
114922,0.0484561,0.580903
123263,0.0499092,0.585167
94125.3,0.0464636,0.576239
132239,0.0436029,0.599218
128808,0.0487776,0.592832
124577,0.0486716,0.583884
130772,0.0431708,0.583469
130526,0.0458947,0.582363
121585,0.0441896,0.580051
121577,0.0407369,0.580311
122207,0.0430602,0.593309
126068,0.0517439,0.573409
119175,0.0475489,0.579044
111354,0.0464767,0.587114
130335,0.0452027,0.58439
130923,0.0448204,0.594036
127136,0.0475921,0.584386
120567,0.0463708,0.582519
121729,0.0460879,0.574444
128940,0.047872,0.577075
123744,0.0469019,0.575236
119192,0.0441508,0.572459
129896,0.0415118,0.588089
118561,0.047104,0.593116
130588,0.0452804,0.588496
121983,0.0462438,0.574531
129192,0.047884,0.58425
126225,0.0498617,0.5971
121002,0.0497743,0.595176
122779,0.0496349,0.579737
121577,0.0484199,0.578275
124353,0.0501961,0.591787
118941,0.0455234,0.573625
123981,0.0438327,0.575209
119777,0.04298,0.58601
118444,0.0451291,0.576387
124588,0.0425623,0.581196
129536,0.0500867,0.584575
120503,0.045377,0.587674
127743,0.0485739,0.589531
131070,0.0477994,0.598036
124508,0.0441068,0.582051
124196,0.0470033,0.578247
122695,0.0447542,0.577746
111525,0.0410857,0.572361
122452,0.0456236,0.574588
122980,0.0505117,0.586132
121898,0.0432894,0.595838
114996,0.0459773,0.581038
129987,0.0462708,0.58492
132254,0.0427348,0.589789
123387,0.0504041,0.574469
121835,0.0479452,0.587496
125891,0.0470691,0.578123
107683,0.0431062,0.570155
120989,0.0447051,0.587901
129308,0.0459196,0.581244
123950,0.0467257,0.585885
122656,0.046675,0.566267
128178,0.0442048,0.581866
129859,0.0471907,0.580741
128221,0.0456227,0.571385
124282,0.0435339,0.580442
127132,0.0442862,0.574926
118966,0.0469439,0.575681
125978,0.0456159,0.593401
128012,0.0421398,0.598999
120979,0.0504147,0.571889
121909,0.0465835,0.579928
129042,0.0437214,0.575425
121587,0.0478954,0.566479
131434,0.044853,0.577769
125548,0.0428093,0.587966
131553,0.0486208,0.582393
126414,0.0434895,0.575312
124687,0.0441341,0.598014
124533,0.045743,0.570788
127355,0.0508368,0.58631
126083,0.0457085,0.59416
122160,0.0460819,0.582895
124554,0.0427032,0.586401
127828,0.0452921,0.584399
123474,0.0456505,0.583261
112673,0.0427018,0.585903
124685,0.0489804,0.575454
126777,0.0479624,0.576615
118332,0.0466806,0.568359
126642,0.045677,0.58323
130977,0.0500282,0.591249
127061,0.0505227,0.593982
120153,0.0482806,0.574397
129317,0.0437672,0.58442
122228,0.0452938,0.576648
131316,0.0434772,0.58831
116467,0.0463585,0.576545
130879,0.0443807,0.581904
134421,0.0383397,0.588956
125106,0.0448785,0.59611
125937,0.0429572,0.596886
121777,0.048849,0.583711
133581,0.0437942,0.585432
132680,0.0469788,0.576323
128959,0.0456586,0.59458
129237,0.0442449,0.582082
128705,0.0395371,0.584872
132654,0.0439724,0.59858
128627,0.0456368,0.581429
98129,0.0483152,0.57881
130587,0.0460384,0.587628
132751,0.0418271,0.589679
124560,0.0471321,0.583016
123210,0.0484258,0.579052
128839,0.0400236,0.58766
124961,0.0484956,0.593461
126059,0.0410533,0.577769
120670,0.0433931,0.599109
127918,0.046631,0.57943
120808,0.0477255,0.586406
127295,0.045728,0.584206
127591,0.0481385,0.59418
123822,0.0452356,0.582566
125681,0.0445044,0.571542
124951,0.0414022,0.591924
127869,0.0443895,0.580086
126626,0.0500171,0.576801
124952,0.0521746,0.575357
127864,0.0489086,0.58172
124974,0.0490206,0.587991
125533,0.0425066,0.580903
125554,0.0430916,0.581332
128393,0.0436668,0.591602
119631,0.0487629,0.569957
115232,0.0438399,0.57277
120844,0.0516319,0.573152
128645,0.0459616,0.587535
126358,0.0402596,0.578155
132382,0.0467583,0.578225
124524,0.0433345,0.578784
119874,0.0437156,0.572968
126880,0.0425639,0.580797
119624,0.0487826,0.575123
126312,0.0476245,0.575353
127486,0.0481231,0.576303
129784,0.0469881,0.601681
132383,0.045754,0.580426
128111,0.0469539,0.581071
130666,0.0509269,0.586598
129202,0.0496666,0.589871
124348,0.0496809,0.592695
117086,0.0460352,0.56356
117876,0.0452887,0.590226
130531,0.0401228,0.575457
129933,0.0480207,0.590108
132792,0.0537624,0.593541
128988,0.0451002,0.599451
113128,0.0413888,0.578787
121074,0.0451462,0.587348
132055,0.0448711,0.589046
122253,0.0459783,0.591393
128883,0.0437328,0.575495
132091,0.0462045,0.585926
117162,0.0407252,0.585629
127126,0.0497721,0.568456
100098,0.0431242,0.581924
134433,0.0494298,0.581661
118453,0.0519888,0.588618
120041,0.0509991,0.576003
124426,0.0428795,0.584789
125527,0.0478608,0.579648
125879,0.0494283,0.585845
129629,0.0442585,0.586292
124967,0.0444467,0.581805
124952,0.0425242,0.58194
131102,0.0411756,0.58411
128728,0.0477964,0.587351
127919,0.0438798,0.577909
124624,0.0420343,0.581846
129589,0.0412177,0.578271
128027,0.0449045,0.577316
120384,0.0415348,0.575322
126302,0.0454615,0.583439
115043,0.0425894,0.585359
127212,0.050854,0.575791
128678,0.0488559,0.582046
128319,0.0426246,0.584415
123899,0.0431163,0.586256
120438,0.0455908,0.585388
126238,0.0471875,0.572035
128691,0.0494832,0.587026
129770,0.0473451,0.581918
129392,0.0474644,0.580395
129954,0.040575,0.585915
123466,0.0466125,0.588761
124436,0.0506621,0.582191
125965,0.046395,0.589858
125929,0.042962,0.578846
126699,0.0476689,0.5789
125119,0.0447292,0.580443
133696,0.0509198,0.584419
131079,0.0453121,0.582919
129874,0.0429254,0.579011
114544,0.0508747,0.597984
122484,0.0470567,0.590073
130016,0.0448845,0.585401
125675,0.0470175,0.577987
130158,0.0465073,0.592415
128515,0.0439208,0.57491
136712,0.042664,0.581171
122836,0.0442869,0.587328
125933,0.04408,0.577891
122731,0.0484072,0.586278
124470,0.0460855,0.574946
127973,0.0481434,0.594395
129248,0.049215,0.592431
119402,0.0503156,0.572654
121724,0.0453461,0.579015
121631,0.047209,0.58428
124152,0.0487201,0.575931
111452,0.047793,0.593704
130325,0.0484918,0.587205
126566,0.044087,0.593284
126301,0.0488542,0.591963
123360,0.0439581,0.586146
130598,0.0534352,0.583267
119826,0.0443081,0.578193
132466,0.048124,0.574555
128045,0.0535524,0.606767
131668,0.0481479,0.593956
124467,0.0428076,0.57964
129352,0.048853,0.585171
122679,0.0484123,0.584546
126801,0.0454007,0.587594
121159,0.0509006,0.575599
120655,0.0464246,0.571588
124726,0.0495159,0.578087
125159,0.0433483,0.585252
124757,0.0434415,0.572597
126473,0.046619,0.577305
123169,0.0395558,0.589893
104535,0.0470977,0.585603
121613,0.0455924,0.573828
122015,0.0462661,0.57413
129899,0.0483027,0.583442
118758,0.0436675,0.579047
123997,0.044991,0.589341
122913,0.0471156,0.575509
118166,0.0491477,0.584813
124986,0.0497291,0.582877
115931,0.0480324,0.581147
120795,0.0414495,0.590227
126498,0.0433133,0.582503
129447,0.0461376,0.581454
124282,0.0439553,0.582417
131253,0.0489615,0.576654
126580,0.0488779,0.580601
128545,0.0447536,0.588421
123554,0.0482397,0.575324
129486,0.0455555,0.585611
125667,0.0467893,0.579432
127208,0.0449527,0.579563
125103,0.0414002,0.583347
131183,0.046294,0.572887
129647,0.0504702,0.573731
125044,0.0468783,0.582215
118799,0.0486315,0.587156
131853,0.0475648,0.586429
127320,0.0431198,0.570935
120788,0.0464515,0.584193
118159,0.0475879,0.580337
127433,0.0442917,0.586767
129358,0.0437237,0.58822
124270,0.0496677,0.599312
119308,0.046284,0.583222
129570,0.0522018,0.592625
107028,0.0441886,0.590551
130300,0.0511108,0.579152
126122,0.0472308,0.568398
131612,0.0450337,0.589023
127960,0.0464785,0.571972
125943,0.048422,0.590442
125749,0.0440608,0.580414
122825,0.04532,0.57378
130667,0.0464808,0.59212
122908,0.0479468,0.575345
122703,0.0511323,0.584252
128670,0.045613,0.59318
128057,0.0460872,0.575154
120497,0.0425476,0.582454
125221,0.0458821,0.57323
125850,0.05122,0.570377
133024,0.0420015,0.59113
121609,0.0464839,0.594927
126545,0.0414762,0.58344
130462,0.0431599,0.58143
121077,0.040971,0.586098
117379,0.0448843,0.574247
133632,0.0449904,0.594532
119996,0.0479928,0.578986
128723,0.0438889,0.577038
130715,0.0424988,0.577252
127647,0.0506827,0.595537
128895,0.0470229,0.590384
129298,0.0469604,0.600999
121722,0.0438849,0.565547
126166,0.0471242,0.577196
125804,0.0496654,0.573165
130456,0.0453781,0.591916
117423,0.046642,0.581385
123619,0.0452781,0.575324
121003,0.0501695,0.570998
121389,0.0448404,0.582063
131038,0.0466975,0.584105
126078,0.0491784,0.588889
127521,0.0444236,0.589938
111804,0.0500164,0.582184
127893,0.0485448,0.582917
131791,0.0473866,0.588758
123943,0.0473206,0.58696
129879,0.0464073,0.575725
126140,0.04861,0.585417
120289,0.0454724,0.581504
127008,0.0456681,0.571326
130563,0.0423171,0.576074
126446,0.051831,0.597737
130235,0.0414885,0.596253
126014,0.0509452,0.578206
127922,0.0459041,0.589769
121999,0.0428979,0.577767
127594,0.0448402,0.582178
121021,0.0488241,0.575041
131478,0.0474854,0.587125
126189,0.0420393,0.580577
126688,0.0420368,0.585359
119910,0.0517797,0.586982
125220,0.0455169,0.588193
130812,0.0449955,0.581105
129320,0.0453484,0.590423
131679,0.0464495,0.587227
121241,0.0450736,0.587544
131688,0.0459603,0.592825
121843,0.0450418,0.573283
129587,0.0449165,0.587011
130149,0.043569,0.590273
131414,0.0432719,0.584949
125307,0.0474359,0.581045
123894,0.0479037,0.589314
131171,0.0465867,0.587176
125777,0.0468205,0.577661
127124,0.0500524,0.590113
126148,0.0514417,0.57532
120825,0.0506198,0.575431
125520,0.0479006,0.589559
125766,0.0503573,0.571541
125833,0.0454842,0.593012
130598,0.0451733,0.585916
127157,0.0502039,0.585713
122929,0.0470444,0.578761
126282,0.0474421,0.602497
126120,0.0438325,0.58105
131998,0.0490128,0.592066
124804,0.0537536,0.582766
129910,0.042148,0.581537
129445,0.0443953,0.599231
130624,0.0437825,0.587243
129234,0.0423917,0.563857
126025,0.048573,0.570879
118780,0.0481695,0.588698
126936,0.0448381,0.588139
121766,0.0458881,0.585048
123291,0.0471598,0.581539
125436,0.0480016,0.590429
118362,0.0436142,0.576414
125450,0.0454788,0.578274
128337,0.0444431,0.579451
113055,0.0448786,0.564429
124483,0.0450943,0.577436
116739,0.0442992,0.590548
123517,0.0521393,0.586425
127810,0.039875,0.58506
125525,0.0411391,0.582681
128704,0.0417425,0.586489
129928,0.0473705,0.582996
121043,0.0469967,0.596024
127327,0.0464678,0.59787
121027,0.0490646,0.585659
129586,0.0442492,0.568746
121866,0.0492397,0.592893
131648,0.0462135,0.596595
121771,0.044206,0.587705
130238,0.0463797,0.595114
121686,0.0490998,0.576919
130422,0.0481178,0.586822
128832,0.0436054,0.582254
128459,0.0418527,0.591578
122165,0.0461692,0.594737
64169.7,0.0538871,0.581931
127606,0.0488374,0.585862
128139,0.0489795,0.569963
132207,0.0438889,0.578778
120930,0.0526153,0.594596
122981,0.0492781,0.584257
125408,0.0454633,0.594803
120380,0.0469699,0.583029
123576,0.0466134,0.589099
129458,0.0432882,0.579478
128996,0.0420956,0.581762
120968,0.0486336,0.573974
128222,0.0491887,0.583827
126281,0.04431,0.583148
120573,0.0481586,0.569779
120605,0.0464518,0.584391
128197,0.0432411,0.582911
116334,0.0472935,0.578133
131905,0.0437388,0.585152
121091,0.0459001,0.59357
127151,0.0439852,0.597993
121907,0.0476156,0.574635
129323,0.0494539,0.588998
128422,0.0457748,0.589163
128804,0.0462165,0.594853
125666,0.0425007,0.59419
118935,0.0497604,0.588599
127473,0.0461177,0.577259
128703,0.0443381,0.585678
119714,0.0464545,0.582902
129022,0.0448843,0.589205
128642,0.0482491,0.581322
132916,0.0430127,0.58672
126871,0.0462072,0.578111
125210,0.045915,0.571971
126532,0.0470517,0.579652
108335,0.0487044,0.579683
129715,0.0404873,0.588162
125008,0.0500242,0.581003
122083,0.0449251,0.589119
125252,0.0504885,0.581998
128693,0.0441042,0.580575
128329,0.0467834,0.582974
122041,0.0479011,0.577966
130755,0.0436638,0.591473
126232,0.0457937,0.594089
129002,0.0450476,0.577689
131827,0.0470728,0.586356
120178,0.0517642,0.579428
128511,0.0473131,0.577869
127464,0.0467033,0.596925
123189,0.0453647,0.57374
123468,0.0431187,0.57819
130868,0.055,0.576501
114927,0.0494975,0.588278
126507,0.0453046,0.576541
128602,0.0473563,0.593991
122643,0.0486124,0.579524
125488,0.0453793,0.587008
128361,0.0459637,0.569651
127936,0.0448979,0.592683
127253,0.0459477,0.580796
124034,0.0433592,0.595264
127031,0.0419618,0.592025
124631,0.0447348,0.585805
131674,0.0491417,0.6001
128262,0.0451053,0.573159
124380,0.044877,0.584913
132019,0.0467352,0.586571
129613,0.0467112,0.568122
122858,0.0435952,0.578208
130205,0.044611,0.579805
121817,0.0407096,0.580838
117535,0.0422991,0.583788
133493,0.0467337,0.592997
132207,0.0485441,0.583037
128047,0.0523676,0.575476
128782,0.0419071,0.581801
126404,0.0466051,0.588597
122832,0.0434103,0.575807
126537,0.0430415,0.587796
126016,0.0472714,0.591104
131052,0.0431801,0.583143
125891,0.0448666,0.587028
118620,0.0487428,0.572749
131479,0.0462457,0.596745
130378,0.0471762,0.590261
123395,0.0548195,0.57831
130928,0.0452262,0.586475
128130,0.045088,0.583154
118126,0.0527738,0.572084
126567,0.04255,0.577951
126644,0.0472515,0.577828
129729,0.0450608,0.586561
133767,0.0466174,0.590456
132847,0.0470541,0.588218
124962,0.0464099,0.586618
133643,0.0493299,0.585313
131876,0.0453554,0.581963
122024,0.0451828,0.58443
131102,0.0486093,0.581921
126752,0.0503992,0.569285
128953,0.0481217,0.586287
126759,0.0452858,0.578606
134980,0.0474242,0.593373
126534,0.0484856,0.574972
127485,0.0426212,0.572377
127142,0.0474529,0.593828
127947,0.0532677,0.579009
127836,0.049401,0.58257
128802,0.0446265,0.589653
126332,0.0481411,0.583561
132897,0.0466655,0.586251
127442,0.044454,0.586357
128614,0.0466719,0.576158
122642,0.0468488,0.577832
127138,0.04382,0.581813
127791,0.0495299,0.572568
132456,0.0488396,0.566513
129010,0.0488974,0.580812
129413,0.0466494,0.58792
121089,0.044557,0.571633
97398.3,0.0460209,0.586331
127066,0.046008,0.589485
124772,0.0432906,0.57991
131353,0.0450346,0.586808
128797,0.0442468,0.576027
129114,0.0543619,0.580015
117078,0.052417,0.569334
130662,0.0419675,0.573943
130594,0.0408952,0.589993
128976,0.0484628,0.588369
124592,0.0464454,0.582385
102457,0.0437507,0.586422
123211,0.0468525,0.579579
121566,0.0464864,0.599604
119730,0.0484908,0.588157
132639,0.0450395,0.589355
128944,0.048479,0.592059
122644,0.0461147,0.575491
130170,0.0403347,0.581893
117555,0.044666,0.573489
128723,0.047391,0.566717
114898,0.0483407,0.572686
128157,0.0494638,0.59234
121199,0.0407845,0.59111
122581,0.0496551,0.571063
121701,0.0477697,0.57732
125550,0.0458044,0.571593
125136,0.0458218,0.567466
128418,0.0416213,0.59181
118449,0.048066,0.590402
132881,0.0498919,0.57381
128509,0.0518241,0.589367
123245,0.045497,0.5909
127863,0.044702,0.582264
123513,0.0425179,0.584667
131000,0.0454282,0.590759
131759,0.0457249,0.586283
120595,0.0489578,0.580911
130247,0.0419695,0.591806
122086,0.0427361,0.58734
118923,0.0463806,0.573695
123939,0.0479457,0.580653
132281,0.0420731,0.592232
128869,0.042719,0.575103
104611,0.0444306,0.587147
124761,0.0456001,0.588465
123370,0.0460329,0.556979
124620,0.044315,0.595414
109456,0.0465762,0.593554
127466,0.0473343,0.579617
127184,0.0438023,0.57957
117208,0.0491358,0.583821
126050,0.0468214,0.584851
128658,0.0507466,0.582968
130363,0.0468619,0.575006
123775,0.0455488,0.591908
132573,0.0542961,0.587982
131649,0.0375065,0.579849
125127,0.0486749,0.589365
124983,0.0440215,0.591948
128723,0.045125,0.576665
126958,0.0490166,0.58081
125812,0.0475609,0.578423
120061,0.0460756,0.57946
118776,0.0464478,0.603611
134334,0.0416461,0.592281
123506,0.0470741,0.578328
125559,0.0446339,0.582666
124770,0.0441788,0.577775
131671,0.0464263,0.578552
127143,0.0510663,0.585526
122197,0.0439923,0.582445
134457,0.0472387,0.577121
122427,0.0408938,0.588281
126203,0.0483818,0.581884
131401,0.0468011,0.579391
131148,0.0540106,0.583802
130816,0.0462406,0.587657
129034,0.0454001,0.577944
117961,0.0490293,0.581129
123117,0.0456656,0.57836
130242,0.0439736,0.592946
128289,0.0503479,0.568681
120278,0.0467505,0.588462
121314,0.0482909,0.579566
133393,0.044699,0.586969
121329,0.049587,0.575773
121584,0.0438966,0.578847
129106,0.047414,0.594659
122591,0.0483867,0.587657
127510,0.0466136,0.592318
132080,0.0457717,0.594129
130054,0.0460116,0.589759
127311,0.045403,0.576662
122289,0.0475085,0.577076
132311,0.0484938,0.581679
131272,0.0449158,0.603727
128182,0.0463929,0.598719
121694,0.0451568,0.573603
125463,0.0447853,0.58169
122557,0.0408866,0.586123
126340,0.0465054,0.587379
121266,0.0419259,0.57738
125534,0.0441832,0.593038
132904,0.0435834,0.591389
125085,0.0512917,0.585002
118736,0.0500656,0.585429
105116,0.0459981,0.589672
120491,0.0481766,0.585438
126458,0.0469341,0.583462
129229,0.0445195,0.60026
127187,0.0476229,0.587139
126621,0.0446947,0.589148
111687,0.0502933,0.573527
132896,0.0415923,0.596003
117663,0.0500925,0.588617
129516,0.0452021,0.582476
124412,0.0469075,0.593206
127107,0.0496569,0.600159
127753,0.0428676,0.581693
124753,0.0468678,0.59593
114960,0.0532031,0.592028
126736,0.043818,0.599905
122890,0.0453139,0.580377
124235,0.0444946,0.589508
130581,0.0480436,0.581849
128788,0.040628,0.588028
124023,0.0453752,0.589435
122780,0.0471436,0.580115
120543,0.0524908,0.571912
126841,0.0477138,0.58491
125815,0.0469353,0.576553
129480,0.0456629,0.596845
131705,0.0470293,0.584257
130025,0.0484135,0.589129
134470,0.0433109,0.596572
118834,0.044789,0.582476
127121,0.0468178,0.568946
125168,0.0425868,0.593726
124567,0.0484991,0.577701
128438,0.0428612,0.587252
126434,0.0437328,0.5816
131129,0.0476463,0.584005
129089,0.0445924,0.582238
121752,0.048665,0.578376
123239,0.0465381,0.577427
124193,0.0474944,0.581385
130417,0.0480986,0.580519
127164,0.0479659,0.584521
121912,0.0443431,0.590225
135165,0.0455222,0.582
128157,0.042664,0.578919
131484,0.0480632,0.58452
117258,0.0479788,0.592425
131381,0.0483987,0.601769
125483,0.0440268,0.605747
127617,0.0445109,0.586533
129907,0.0490563,0.583221
99965.3,0.0504921,0.595513
128281,0.0413744,0.583847
124459,0.041183,0.585743
129027,0.0428644,0.584571
123910,0.0404635,0.576996
115017,0.0448165,0.59263
128732,0.0468144,0.580333
127574,0.0494594,0.594772
129144,0.0462075,0.579338
128355,0.0476825,0.58002
124695,0.0448587,0.565055
127306,0.043635,0.590565
123392,0.0492793,0.588199
128980,0.0478471,0.581567
122510,0.0496721,0.582128
130746,0.0458095,0.579402
128915,0.0456269,0.586049
120305,0.0494524,0.568509
131918,0.0483859,0.581331
128416,0.046412,0.584912
134666,0.0432,0.58849
122486,0.0463107,0.57985
126255,0.0475112,0.579704
129254,0.0468644,0.598694
131464,0.0456338,0.59018
129369,0.0484455,0.581809
121826,0.0454658,0.583373
118615,0.04916,0.580003
120240,0.0458031,0.581882
124139,0.0465282,0.59143
129077,0.0474473,0.582711
122067,0.0511596,0.590253
130881,0.045617,0.603564
126520,0.0435053,0.573692
119340,0.0514469,0.585106
131195,0.0436977,0.59636
127068,0.0477056,0.584864
113410,0.0475637,0.582069
129894,0.0449176,0.586979
125924,0.0478042,0.597539
104970,0.0514726,0.578913
127493,0.0469728,0.578388
130014,0.0466037,0.6033
132546,0.0518705,0.606419
125719,0.0463154,0.568359
125505,0.0515333,0.576383
128061,0.041474,0.592554
117966,0.0469168,0.573237
131091,0.0472887,0.590277
129127,0.049527,0.594279
129291,0.043111,0.577863
122746,0.0494545,0.598521
128277,0.0439974,0.580614
130676,0.0473551,0.583535
121837,0.0461458,0.564652
130943,0.0424612,0.586087
124304,0.0486596,0.59381
125534,0.0482973,0.568256
126553,0.0413214,0.575107
122154,0.0468239,0.582056
126285,0.0445159,0.584804
122600,0.0458389,0.591978
125068,0.0470293,0.579541
123872,0.0514068,0.587715
126378,0.0456118,0.586103
126692,0.0434418,0.580411
129245,0.0470676,0.568637
116379,0.0500977,0.585264
127074,0.0473731,0.581409
131444,0.0514861,0.584983
123721,0.0487311,0.582145
103193,0.0510074,0.584037
124702,0.0475554,0.591498
124404,0.0471827,0.574021
126579,0.0426599,0.58565
121603,0.0457046,0.575183
121857,0.0493007,0.582778
124540,0.0453467,0.581339
129512,0.0503533,0.596501
125682,0.0446146,0.579506
119829,0.0495194,0.584099
123420,0.0436233,0.578508
128595,0.0513346,0.590517
121568,0.0514713,0.572284
121157,0.0493073,0.572984
123372,0.0448188,0.575937
125060,0.0458848,0.574204
126428,0.0461705,0.586176
126234,0.0449865,0.579491
127919,0.0503745,0.590119
132285,0.0446382,0.574543
126807,0.0535032,0.57998
127629,0.0452434,0.58435
128661,0.0489985,0.590933
121575,0.050568,0.575118
126095,0.0519503,0.58473
126090,0.0471287,0.580859
124953,0.0430722,0.571579
126461,0.0510555,0.596045
123656,0.0448981,0.573248
126938,0.0442531,0.583671
125313,0.0489513,0.579413
121734,0.0425897,0.586012
118857,0.0518934,0.582276
131315,0.0485845,0.594761
127970,0.0472098,0.564664
120380,0.0511379,0.574244
129572,0.0481121,0.595302
127487,0.0462704,0.585056
129135,0.0468028,0.584834
129260,0.0530253,0.588256
120340,0.0483223,0.584905
130835,0.0483845,0.585795
126306,0.0494212,0.587704
129605,0.0471792,0.575749
126721,0.0495966,0.574328
130047,0.0462065,0.582417
128338,0.0510932,0.579536
129909,0.0511453,0.579721
119155,0.0483043,0.572854
121809,0.0503254,0.578508
116875,0.0480147,0.588359
129991,0.0504234,0.587344
121805,0.0491419,0.5767
124852,0.0527936,0.582217
129356,0.0480024,0.581743
122734,0.0488337,0.58703
126930,0.0460254,0.581631
121818,0.0509886,0.580904
128084,0.0466508,0.576895
126926,0.0448993,0.589119
126629,0.0471911,0.57668
124281,0.0451179,0.579892
134454,0.0460389,0.584921
118518,0.047619,0.578613
120077,0.0495247,0.579253
129161,0.0459758,0.582668
129002,0.048183,0.57589
126516,0.0477727,0.598837
121257,0.0454448,0.57268
123263,0.0432113,0.583768
117492,0.0528988,0.591228
125999,0.0452672,0.583033
129409,0.0527602,0.596446
126063,0.0433949,0.581733
133226,0.0436675,0.604184
131744,0.0447137,0.598232
129219,0.046656,0.584225
117941,0.0466465,0.583542
126402,0.0463517,0.590168
127254,0.0444939,0.581558
127781,0.0459466,0.590099
118579,0.0480084,0.586204
114593,0.0479536,0.587859
127343,0.0427349,0.58002
126055,0.0459534,0.591983
129648,0.0461944,0.576797
132686,0.0455826,0.590865
126052,0.0488195,0.577321
119227,0.0470209,0.573205
121610,0.0434659,0.584204
128465,0.0450106,0.580356
127547,0.047116,0.583013
129862,0.0417878,0.583215
126458,0.0479684,0.59139
125136,0.0451158,0.590162
126948,0.0472017,0.579761
123754,0.0481597,0.584033
126202,0.0493027,0.579813
121768,0.0447035,0.606321
124535,0.0472767,0.567218
122606,0.0447208,0.590122
133057,0.0447591,0.599728
128473,0.0441724,0.597114
100315,0.0494829,0.594901
125155,0.0471265,0.582298
107687,0.0478887,0.592198
120307,0.045931,0.587364
130193,0.0462448,0.591092
122287,0.0423494,0.584281
126074,0.0430291,0.576245
129187,0.0440292,0.566257
116644,0.0458605,0.567029
115989,0.0506713,0.579538
126187,0.0470211,0.593385
119855,0.0480588,0.582133
129000,0.0488647,0.581581
130612,0.0411202,0.5728
127754,0.046563,0.585175
128986,0.0428491,0.584331
130469,0.0480511,0.577291
123099,0.0452331,0.576922
122711,0.0447527,0.578041
123416,0.0483612,0.588251
107930,0.0427802,0.579589
127723,0.0436345,0.584354
124914,0.0481641,0.580299
123772,0.0460892,0.585181
120002,0.0443199,0.587032
122319,0.0531818,0.586892
122266,0.0440015,0.567778
132786,0.0469859,0.606725
129358,0.0499058,0.602189
124237,0.0496394,0.575618
116487,0.0436065,0.580219
127516,0.0488497,0.578445
126572,0.0494621,0.589447
86813.3,0.0487547,0.579112
127633,0.0439565,0.5978
122649,0.0473753,0.593731
125358,0.045072,0.589193
120730,0.0457735,0.573813
125916,0.0444092,0.584263
126772,0.0448112,0.58227
126000,0.0462863,0.572742
132335,0.0479253,0.605082
125754,0.0468993,0.587401
131538,0.0493407,0.592783
128895,0.0472488,0.574324
129474,0.0478841,0.594764
129825,0.0435665,0.576433
128507,0.0442203,0.604532
131547,0.0428968,0.5905
117189,0.0490414,0.573262
126144,0.0425895,0.603457
125714,0.0468011,0.584287
131251,0.050073,0.592952
128753,0.0478113,0.582794
130922,0.0467181,0.597787
124906,0.0456155,0.576261
127772,0.0489004,0.587934
119660,0.0484226,0.566426
128138,0.0478029,0.588795
133111,0.0444292,0.597062
122270,0.0447471,0.581062
130378,0.0446363,0.589084
130759,0.0459463,0.585662
124495,0.0494586,0.59057
118778,0.0470773,0.578824
116620,0.0478346,0.567969
127538,0.0456233,0.575742
128117,0.0484594,0.579006
130186,0.0418469,0.574543
120791,0.0452988,0.594841
130412,0.0463306,0.576925
122990,0.0446603,0.585088
127168,0.0474692,0.595452
127982,0.0469081,0.587313
119598,0.0496938,0.59302
125424,0.04838,0.575691
123197,0.0457607,0.594426
126249,0.0464621,0.593989
122079,0.0474805,0.588524
121183,0.0419368,0.578229
123744,0.0454587,0.589124
118838,0.0476096,0.575346
118352,0.0499968,0.597624
130959,0.0437642,0.584817
129520,0.0411439,0.588878
129668,0.0433267,0.591383
124223,0.042536,0.588083
130981,0.0462752,0.595961
129347,0.0481247,0.579117
130317,0.0520731,0.593848
123274,0.0492216,0.567821
125982,0.0502161,0.576745
121399,0.0511083,0.567191
129462,0.0455214,0.586523
120532,0.0484309,0.576291
117349,0.0511097,0.566068
123585,0.0503554,0.57189
121803,0.0471889,0.582806
123319,0.0463136,0.577421
121039,0.0452605,0.579623
126386,0.0424548,0.574277
128874,0.0474913,0.594682
130533,0.0501805,0.578367
42261.3,0.0550468,0.584569
119754,0.0449384,0.577939
128744,0.0408854,0.586722
130540,0.050265,0.587659
128513,0.0430657,0.579696
125781,0.0456402,0.581733
122820,0.048789,0.598563
126120,0.044379,0.57079
125222,0.0478928,0.577674
114902,0.0475554,0.579668
133910,0.0444525,0.585225
130849,0.0407689,0.58788
123622,0.044355,0.573324
128571,0.0433618,0.593948
126246,0.0437216,0.584165
126504,0.0430027,0.58112
126430,0.0448113,0.580594
120299,0.0456768,0.576767
129130,0.047154,0.574982
122143,0.0455669,0.57088
124113,0.0483568,0.581595
126993,0.0409777,0.573
123138,0.0446109,0.575955
121432,0.0463206,0.579542
125418,0.0438309,0.581619
48618.3,0.0599251,0.584567
130413,0.0420282,0.583796
128058,0.046914,0.587757
123849,0.040707,0.583105
119729,0.0497724,0.572117
127262,0.0500935,0.581183
128277,0.0442165,0.58758
129895,0.0458582,0.582913
126979,0.0460743,0.582022
130438,0.0488772,0.587544
106252,0.0439951,0.591937
108654,0.0448509,0.596301
126221,0.0404143,0.569224
131666,0.0451654,0.583282
128564,0.043907,0.594432
131064,0.0495296,0.589159
124958,0.0466322,0.580431
115453,0.0436411,0.594943
131859,0.0428439,0.584264
125118,0.0446203,0.591901
126719,0.0480916,0.578528
130725,0.0520606,0.580019
125026,0.0532062,0.571693
115885,0.0460619,0.58769
124879,0.0432416,0.586836
120504,0.0456678,0.58864
129122,0.0493758,0.577295
120464,0.0469993,0.585823
121086,0.0496132,0.584325
127081,0.0477489,0.587377
128288,0.0444377,0.579754
128581,0.0463112,0.589107
124919,0.0432112,0.579404
129962,0.0473786,0.593347
121347,0.0442372,0.570402
123622,0.0475809,0.59036
121914,0.0441009,0.581775
124424,0.0431529,0.579683
128635,0.0464609,0.585545
129109,0.0496795,0.581559
118954,0.0436811,0.581523
129893,0.0440619,0.585702
131450,0.0454522,0.60175
126414,0.0454813,0.59444
124324,0.0482578,0.568309
97926.7,0.0457431,0.575546
123329,0.0511525,0.581222
126601,0.0520876,0.593333
131271,0.0451238,0.591094
132521,0.0478032,0.593034
125434,0.0473941,0.582039
130563,0.0439436,0.576852
125740,0.0462389,0.58813
130874,0.0488961,0.587791
130697,0.043135,0.58488
126247,0.0468317,0.581934
123909,0.0460958,0.589082
130194,0.0454545,0.581079
124279,0.0500958,0.585988
129213,0.0432951,0.580599
126819,0.0484372,0.588295
123352,0.0487549,0.574964
123218,0.0460694,0.585284
130909,0.0488135,0.591839
118142,0.0454311,0.571245
124809,0.0469052,0.565316
120057,0.0490954,0.58012
128433,0.0437356,0.5912
118957,0.0510452,0.575221
124972,0.0525631,0.595998
131810,0.0408525,0.595361
126623,0.0450939,0.579449
130986,0.0466285,0.576203
121218,0.048807,0.578565
129866,0.0454539,0.583517
123614,0.0516394,0.568811
130278,0.044483,0.589251
125708,0.0448977,0.571232
132237,0.0460635,0.584182
129569,0.0444637,0.584584
107367,0.0443451,0.576015
120273,0.0474576,0.58373
125519,0.0513019,0.57093
127141,0.0464781,0.595548
123130,0.0484775,0.587647
126458,0.0494334,0.584918
127046,0.0471291,0.57404
120726,0.0483676,0.580066
130316,0.0466805,0.599531
120458,0.0444278,0.589529
121581,0.0483134,0.589948
131012,0.0468394,0.587561
129774,0.0541918,0.589991
127785,0.0449516,0.590989
127822,0.0477363,0.582255
132928,0.0456883,0.596093
131145,0.0479934,0.577289
129387,0.0461774,0.58582
126850,0.04216,0.569874
127936,0.0424632,0.578727
131956,0.0503071,0.592246
127549,0.0412243,0.592231
130215,0.0439386,0.578155
127191,0.0405706,0.585855
125748,0.0471588,0.592137
125276,0.049045,0.572748
126429,0.041447,0.585744
127983,0.0421979,0.577854
126319,0.0470262,0.574086
128782,0.0428622,0.577965
129852,0.0438315,0.601477
128332,0.0434727,0.579033
128816,0.0466179,0.585001
117685,0.0434045,0.581556
124994,0.0485304,0.581184
125782,0.0478177,0.58855
122962,0.0407683,0.583587
123497,0.0470238,0.59265
121849,0.0417477,0.577317
125257,0.0431191,0.589077
125184,0.0418006,0.574586
125547,0.0428599,0.579683
125394,0.0470182,0.594171
127225,0.046739,0.587958
127220,0.0437995,0.590748
126816,0.0463179,0.592752
123016,0.0470466,0.579896
127605,0.0466154,0.573285
124536,0.0469031,0.594169
122007,0.0498928,0.578676
118788,0.0476633,0.57981
117425,0.0483666,0.575947
129414,0.0536017,0.58899
127971,0.0459195,0.581194
118128,0.0429258,0.575858
131912,0.0437304,0.592384
124097,0.0443847,0.589305
74984.3,0.0414278,0.580597
122978,0.0451523,0.595777
121920,0.0473307,0.571514
131442,0.042912,0.588065
121138,0.0482434,0.587277
126274,0.041569,0.577926
119729,0.0550728,0.571131
131367,0.0430102,0.581976
123826,0.0460041,0.589981
123540,0.0429387,0.584358
129185,0.0500367,0.591435
124472,0.0492203,0.581251
116926,0.0422599,0.577635
125862,0.0456724,0.576223
127987,0.0432442,0.577601
125929,0.0456905,0.579442
130837,0.0450363,0.574043
126616,0.0437121,0.578904
128051,0.0439266,0.579531
116055,0.0513393,0.595481
123941,0.0447765,0.585952
131790,0.042915,0.571925
130941,0.0462453,0.591804
126855,0.0441711,0.588928
126999,0.044923,0.574217
117780,0.0441269,0.57351
116477,0.0436038,0.575848
125923,0.0385543,0.58674
125539,0.0473381,0.569715
126117,0.0473265,0.589853
127954,0.0430714,0.575992
125493,0.0419047,0.58787
129822,0.0447051,0.582733
120945,0.052674,0.567787
124292,0.0504921,0.574643
125353,0.0467198,0.588498
127255,0.0445104,0.575848
127992,0.0463988,0.581884
128606,0.0489841,0.579619
120737,0.046606,0.581114
121172,0.0477791,0.585948
123359,0.0495759,0.580841
127760,0.0470034,0.587688
130499,0.0476838,0.583024
123172,0.0448797,0.573568
128354,0.04989,0.58103
125905,0.0476421,0.570311
122878,0.0421038,0.576942
127740,0.0421215,0.580245
109977,0.0477992,0.586395
134960,0.0418534,0.593372
120516,0.0478414,0.578052
127206,0.0418273,0.604677
125607,0.046301,0.585863
128470,0.0414905,0.570083
126588,0.0425885,0.574292
125102,0.0465488,0.579284
89297.3,0.0576628,0.58082
122844,0.0488067,0.579979
127903,0.0473241,0.582727
127316,0.045446,0.583014
131506,0.0435721,0.589141
127143,0.0475677,0.585821
131454,0.0478833,0.581857
125951,0.0465949,0.58809
124781,0.0460811,0.578513
123107,0.049252,0.577664
119863,0.0388758,0.581489
124361,0.0437848,0.585244
123991,0.0448733,0.590696
132325,0.0462109,0.587285
131254,0.0432242,0.584165
120648,0.0488565,0.590333
120476,0.0456241,0.567283
121285,0.0474338,0.601192
123002,0.0414541,0.576954
129667,0.0446979,0.578771
117976,0.0427935,0.572392
131937,0.0483977,0.58246
129777,0.0438837,0.579051
129138,0.0534607,0.589215
130096,0.0486144,0.599327
129501,0.0451698,0.587505
128924,0.0458426,0.594432
121989,0.0456468,0.57747
131093,0.0527704,0.589559
120732,0.047749,0.583826
124396,0.0428399,0.57454
130053,0.043442,0.586888
131107,0.0444182,0.579401
116682,0.044971,0.580411
123521,0.0463303,0.586633
124106,0.0449823,0.579501
131210,0.0458277,0.58566
122609,0.0452862,0.575785
127221,0.0513037,0.576221
126798,0.0453763,0.583136
118694,0.0429475,0.567821
126267,0.0425302,0.578619
128299,0.0457378,0.5888
134626,0.0476356,0.589143
119172,0.0447064,0.576134
118634,0.0437442,0.586118
123531,0.0439687,0.577912
124793,0.0424994,0.588715
133159,0.0489929,0.580543
118487,0.0440833,0.584292
126814,0.0492159,0.590077
124297,0.0486479,0.586245
129558,0.0492708,0.579852
123511,0.0456977,0.584831
126257,0.0469162,0.57743
120727,0.0484279,0.577895
125904,0.0465661,0.567627
124748,0.0447605,0.575444
128261,0.043549,0.586893
128552,0.0443907,0.591049
128038,0.0446455,0.586197
122466,0.0392425,0.579344
126822,0.048671,0.592992
124429,0.0468522,0.585125
125595,0.0543031,0.594709
130426,0.0414518,0.585431
128177,0.0449355,0.574803
121435,0.0464055,0.576576
124207,0.0497768,0.588711
119986,0.044752,0.585306
127225,0.050069,0.591881
125529,0.0502945,0.59021
125156,0.0462326,0.58821
126705,0.0452917,0.578718
130788,0.0459949,0.593491
127270,0.0462069,0.588013
126211,0.0467872,0.581471
127462,0.0423942,0.58989
126113,0.0421653,0.586997
125171,0.0430853,0.581704
129860,0.0424156,0.587648
124482,0.0470157,0.593086
124668,0.0415496,0.585936
132069,0.047537,0.57995
132304,0.0459195,0.584877
134372,0.0529763,0.589888
126445,0.0455397,0.591455
116655,0.0469925,0.574433
116565,0.0477845,0.579994
129149,0.0490785,0.584437
123323,0.0419505,0.575416
107097,0.0463974,0.59399
130206,0.0449635,0.585618
114161,0.0457244,0.583592
118237,0.043622,0.570629
119243,0.0451115,0.568146
124695,0.0420551,0.578058
124110,0.0465845,0.577282
116749,0.0451659,0.576138
116828,0.0466526,0.596394
125699,0.0456828,0.585482
122092,0.0488493,0.571631
120215,0.0450637,0.58494
130974,0.0497698,0.585402
132158,0.0515667,0.590411
125788,0.045741,0.576903
127639,0.0451435,0.580265
107901,0.0486906,0.591579
127991,0.0485012,0.575939
124149,0.0482155,0.576698
128578,0.0454586,0.582498
128390,0.0511531,0.577128
125808,0.0486465,0.582757
126512,0.0488485,0.585359
132116,0.0424826,0.582662
123306,0.0441725,0.581286
124419,0.0513417,0.596348
126247,0.0511339,0.582259
125190,0.0516288,0.577837
130849,0.0464802,0.594609
126395,0.0462292,0.570248
114738,0.0465453,0.578679
130817,0.0430491,0.577811
124650,0.0479046,0.589122
124493,0.0414003,0.584326
123328,0.0404389,0.58267
127797,0.0490521,0.59537
120226,0.0468431,0.583871
122096,0.0475255,0.575863
131262,0.0478149,0.587577
121524,0.0522274,0.567069
121423,0.041056,0.585906
125066,0.0501965,0.578099
120709,0.0448909,0.579464
126841,0.0468885,0.568334
121787,0.0424586,0.58044
124039,0.0470012,0.57442
127141,0.0459019,0.57612
123252,0.0491716,0.58169
130479,0.0470596,0.593406
124481,0.0411378,0.588371
131958,0.0514675,0.591495
63033.3,0.0495703,0.57496
128932,0.0458759,0.5754
130736,0.0493027,0.585122
125726,0.0469232,0.57842
132961,0.0444509,0.582584
127291,0.0450265,0.586754
125220,0.0506912,0.584136
130257,0.0446944,0.580318
126019,0.0475846,0.581099
125396,0.0481563,0.583519
115408,0.043394,0.566373
125236,0.045975,0.585574
126309,0.0437958,0.596153
126400,0.0477949,0.588556
112888,0.0463585,0.578295
125542,0.046734,0.598098
130276,0.0475866,0.592991
117602,0.0462233,0.576844
125014,0.0462645,0.572468
119285,0.0466448,0.5637
127663,0.0492762,0.589556
124897,0.0453685,0.583353
127913,0.0416616,0.588701
118542,0.0453685,0.582439
121358,0.0507787,0.586323
126122,0.0467303,0.584057
126016,0.0461995,0.590711
132309,0.0439429,0.572297
126484,0.0474718,0.577555
130935,0.0487698,0.587902
125708,0.0426446,0.574971
128658,0.0487998,0.583368
128976,0.0405925,0.609311
124294,0.0467555,0.587422
127655,0.0471118,0.584172
129522,0.0498968,0.586213
130182,0.0445527,0.588219
127678,0.0446597,0.599755
127831,0.0486048,0.57763
124572,0.0456194,0.576666
130834,0.0425074,0.584787
128821,0.0375481,0.589186
124847,0.0488294,0.582357
125940,0.0507558,0.581352
123372,0.0469809,0.57081
124881,0.0470722,0.594214
118639,0.0446466,0.579291
126525,0.0528534,0.567568
125068,0.0454592,0.593069
127512,0.046275,0.584321
85078,0.04814,0.573591
128225,0.0515667,0.585447
125278,0.0454288,0.585933
127779,0.0421785,0.582282
131090,0.0447449,0.591605
121164,0.0427444,0.584291
129498,0.0492148,0.581519
131777,0.0471942,0.591188
126550,0.0442225,0.589115
123638,0.0485569,0.58002
133184,0.0413434,0.596498
127968,0.0481291,0.57641
124317,0.0436227,0.592699
122232,0.0491507,0.573258
125834,0.0441612,0.575198
130883,0.0470789,0.592006
127853,0.0520753,0.595218
54945,0.0461725,0.570734
127540,0.0463003,0.578951
129061,0.0459219,0.586471
128237,0.0408063,0.567617
129375,0.051764,0.582574
109734,0.0438352,0.579205
131828,0.048086,0.582293
120946,0.0441727,0.588486
127277,0.0423183,0.585491
125142,0.0433822,0.587009
126836,0.0471168,0.588741
126201,0.0497513,0.577955
125289,0.0465762,0.584341
119487,0.0445833,0.587261
121963,0.0510132,0.57788
134860,0.0486952,0.594646
126701,0.0493532,0.589289
121942,0.0437354,0.580419
123925,0.0455072,0.583381
121347,0.0492017,0.581819
126036,0.0535012,0.57766
127142,0.0500942,0.571176
113248,0.0446184,0.590276
130279,0.0481593,0.574632
125518,0.044661,0.587011
122372,0.0479794,0.583888
118012,0.0471678,0.58536
128609,0.0464848,0.589441
131724,0.048156,0.57945
125453,0.0476943,0.589022
124688,0.048476,0.580822
127965,0.050742,0.596988
127397,0.0477431,0.574029
120460,0.0476099,0.580886
123744,0.0486382,0.597084
130334,0.0495978,0.582791
132285,0.0433239,0.588642
123376,0.0457957,0.566306
134828,0.0445829,0.575849
118205,0.0431228,0.568969
123550,0.0498697,0.581072
126531,0.0457256,0.577471
121925,0.0439685,0.584503
129751,0.0448887,0.576893
135301,0.0437933,0.599774
130492,0.0494801,0.598309
122401,0.0462438,0.587385
128251,0.0462737,0.578713
122950,0.0478272,0.586149
125895,0.0468132,0.580118
121936,0.0437069,0.586861
127718,0.0460787,0.580369
128377,0.0434199,0.590297
117752,0.0512055,0.566228
127298,0.0445319,0.58129
134350,0.0449502,0.589174
126071,0.0445548,0.579908
131618,0.052977,0.597938
125824,0.0415281,0.596433
125614,0.0456161,0.585361
124469,0.0460805,0.584061
112630,0.0465177,0.585932
121826,0.0455367,0.579807
121880,0.0454295,0.575136
123288,0.0482342,0.566734
118715,0.0459803,0.574826
124479,0.0493362,0.586268
124957,0.0505663,0.574013
125097,0.0459163,0.5875
119531,0.0468405,0.560624
119378,0.0454792,0.579055
122098,0.0480246,0.59252
133727,0.0465069,0.589324
130845,0.0399662,0.5799
122618,0.0428624,0.577709
129452,0.0421086,0.578797
123583,0.0474465,0.587993
124096,0.0462529,0.574866
125954,0.0438421,0.597246
128781,0.0456512,0.581212
120864,0.0515652,0.582915
123451,0.0472891,0.571972
121549,0.0429357,0.587882
129327,0.0449261,0.585999
129326,0.0459996,0.581291
133965,0.0396684,0.57883
126023,0.0516026,0.576978
128673,0.0491137,0.578039
125729,0.048434,0.579469
120150,0.046458,0.59352
119489,0.0451677,0.566993
123618,0.053215,0.576138
120238,0.046348,0.58012
116311,0.0442624,0.587188
128006,0.0542687,0.589687
126990,0.0471817,0.577435
124739,0.0458031,0.566106
129778,0.0456709,0.580572
127022,0.0437758,0.581919
127801,0.0448263,0.577003
130703,0.0473869,0.578939
128531,0.0460442,0.569937
122815,0.0449731,0.581839
124709,0.0511994,0.576594
121891,0.0431179,0.579571
123843,0.0401084,0.57631
121088,0.0510717,0.592478
130195,0.0464672,0.583171
115948,0.0405598,0.588122
125200,0.0471246,0.569006
124961,0.0494587,0.562611
133838,0.043017,0.599277
126380,0.0412316,0.588364
127293,0.0459771,0.581245
116478,0.0415481,0.585668
128280,0.0490084,0.584288
121191,0.0426975,0.584948
131718,0.0472789,0.587228
127374,0.0432802,0.591192
128077,0.0451947,0.584324
128829,0.0430611,0.570136
128867,0.045602,0.575272
129565,0.0482792,0.5921
125774,0.048626,0.57913
124354,0.0457863,0.588328
128903,0.0456485,0.582271
127084,0.048547,0.572389
126704,0.049869,0.594713
113563,0.0465901,0.572378
129989,0.0446715,0.585577
119665,0.0479193,0.576635
123455,0.0428194,0.589194
117460,0.0474175,0.569526
126724,0.0423762,0.587067
126414,0.0471625,0.570147
120665,0.0438641,0.586284
117939,0.0532214,0.591242
127081,0.048292,0.582719
130054,0.0443968,0.5846
123024,0.0428245,0.585845
131540,0.0396889,0.581435
128617,0.0451286,0.588169
124734,0.0487275,0.5772
125377,0.0460393,0.577111
130157,0.0483466,0.577337
128361,0.0441774,0.589419
125522,0.0477567,0.575083
131204,0.0457552,0.589735
125082,0.0452182,0.576386
125786,0.0506041,0.580724
121350,0.0427335,0.578117
124515,0.0480841,0.589371
126882,0.0468294,0.579329
129040,0.0490137,0.581064
120191,0.0392373,0.584079
124491,0.0439375,0.597043
122596,0.043359,0.586385
118548,0.0427818,0.615109
118934,0.0456265,0.580965
121054,0.0436969,0.588841
119491,0.0447767,0.586911
130536,0.0457462,0.594974
128080,0.0484545,0.585552
121820,0.0452738,0.583607
128922,0.0471932,0.583698
126614,0.0414429,0.581125
126696,0.049489,0.594727
130249,0.0443564,0.587943
124520,0.0506219,0.574281
128277,0.0446041,0.576081
122441,0.0476114,0.590807
123734,0.0445837,0.583081
120123,0.046008,0.584231
126870,0.0475524,0.590152
123411,0.048755,0.574896
128848,0.0490991,0.582659
124715,0.0476409,0.582215
128616,0.0478873,0.592971
117416,0.0520312,0.576787
129524,0.0411153,0.601881
128001,0.0470233,0.58525
131660,0.0446692,0.584198
124928,0.0464912,0.588671
126481,0.0477195,0.582246
125926,0.0402124,0.597454
122562,0.0475492,0.586805
130170,0.0394966,0.579746
123167,0.0438271,0.587349
125225,0.0480832,0.592538
125825,0.0468441,0.582201
124311,0.0406965,0.586734
124354,0.044511,0.585116
124321,0.0440837,0.585714
122879,0.0476376,0.582386
124615,0.0445942,0.589768
125938,0.049585,0.586317
127338,0.045059,0.582623
121478,0.0478026,0.584258
128561,0.0436022,0.577804
72650.3,0.0464654,0.589834
129192,0.0427819,0.580191
127438,0.0489901,0.575319
127756,0.0480672,0.588415
127849,0.0413552,0.586532
131905,0.0462207,0.584474
127554,0.0492522,0.578489
132327,0.0396688,0.577271
128098,0.0463214,0.576984
124128,0.0485773,0.573509
127929,0.0472802,0.581116
123199,0.0501964,0.577107
125702,0.0476127,0.593614
128865,0.0478239,0.596143
121033,0.0475783,0.582994
121846,0.0467266,0.582715
128605,0.0455965,0.582843
126815,0.043154,0.583835
119191,0.0444989,0.579511
126410,0.0409167,0.57925
121436,0.0474566,0.596269
129352,0.0508749,0.575144
121007,0.0514337,0.576962
125201,0.0498428,0.573741
122905,0.0459332,0.58509
128899,0.0482141,0.579233
124594,0.0464706,0.588833
127494,0.0409573,0.585682
129394,0.0491394,0.572847
120255,0.0462995,0.581992
119416,0.0464291,0.580634
124044,0.0451364,0.57592
129871,0.045076,0.572102
129735,0.0430238,0.584206
128085,0.0502501,0.579517
127881,0.0428103,0.573811
128169,0.0477879,0.566291
127995,0.0459624,0.582718
131737,0.0506093,0.588271
126954,0.0474916,0.602151
124035,0.0496722,0.586439
129433,0.0472994,0.591287
115226,0.04409,0.580073
133441,0.0469534,0.58874
120887,0.0488942,0.582916
132363,0.0459106,0.586852
121215,0.0437893,0.588875
129717,0.0451138,0.579604
125855,0.0470332,0.582762
125711,0.0449618,0.571537
125315,0.041394,0.586901
127196,0.0434785,0.569991
121107,0.0413892,0.583975
114255,0.0487468,0.571275
127245,0.0502064,0.582624
133569,0.0402623,0.582957
118290,0.0494075,0.594716
130260,0.0427863,0.578209
125411,0.0539762,0.584714
127998,0.0442775,0.58088
133378,0.0455252,0.576684
128384,0.0447535,0.583901
129062,0.0444134,0.591929
129448,0.0516049,0.573265
103114,0.0447127,0.588935
127624,0.0468258,0.605211
123884,0.0439928,0.580866
125475,0.0435564,0.578087
121769,0.0484973,0.579125
121072,0.0516331,0.574513
119298,0.0470853,0.573274
128700,0.0436434,0.57634
128387,0.0440711,0.571619
126856,0.0456514,0.574459
122078,0.0446551,0.57684
124683,0.0466869,0.574429
115382,0.0462897,0.573812
125775,0.042109,0.574916
125803,0.0463053,0.59811
126981,0.0495921,0.566384
130896,0.0459701,0.590912
120982,0.0473862,0.582586
134030,0.0467702,0.587988
129488,0.0478002,0.580455
126829,0.0486978,0.576501
126934,0.0452628,0.574208
132682,0.0487963,0.595627
127903,0.0429604,0.59791
125411,0.0471675,0.586631
108913,0.0461437,0.57702
127397,0.0407502,0.594712
122009,0.0443434,0.573536
123000,0.0501212,0.585837
127258,0.0459799,0.588706
120074,0.0467468,0.583449
121004,0.0491533,0.571746
118677,0.0471522,0.585232
132464,0.0462016,0.593493
121532,0.0511259,0.576272
129030,0.0498223,0.584697
121872,0.0446484,0.577528
127159,0.042129,0.582153
132263,0.05073,0.588857
116755,0.0444698,0.591328
129663,0.048704,0.570922
121296,0.0419812,0.584916
128551,0.0427951,0.590132
133257,0.0455317,0.575178
120088,0.0429262,0.582972
125355,0.0488162,0.581807
127849,0.0408546,0.579332
127892,0.0473759,0.572256
120983,0.0481862,0.576218
132343,0.0490499,0.584689
129962,0.0472001,0.577465
114923,0.0476658,0.58001
125468,0.0425566,0.588046
123424,0.0455733,0.575217
122710,0.0459345,0.58787
126790,0.0443537,0.564291
124265,0.041515,0.582316
124042,0.0445549,0.574894
94525,0.0459914,0.583391
120905,0.0461367,0.584695
132496,0.0479497,0.58324
127726,0.041248,0.585374
127997,0.0425745,0.602295
134946,0.043876,0.601992
125464,0.0478673,0.595087
60026.7,0.0454567,0.585395
124960,0.044367,0.58001
129709,0.0471596,0.576672
125136,0.0499591,0.579254
122721,0.0449108,0.586415
120737,0.0455697,0.575192
125225,0.04682,0.598886
123983,0.0470964,0.580052
126182,0.0456275,0.584037
123603,0.050593,0.587712
127632,0.0429789,0.589899
119865,0.0434911,0.575865
120477,0.0451932,0.587979
133992,0.0488976,0.578464
124846,0.0446332,0.577588
128073,0.0470871,0.600259
124258,0.0436645,0.576832
128773,0.0470741,0.577982
130076,0.0444341,0.580933
129066,0.0498124,0.585499
127655,0.0482194,0.579116
113096,0.0444289,0.589999
115724,0.0451771,0.584222
129093,0.0470714,0.600006
131445,0.0453129,0.584248
125044,0.044472,0.586034
131980,0.0457038,0.57991
128109,0.0453145,0.572009
126542,0.0451607,0.581593
122452,0.0470527,0.581783
130059,0.0468771,0.58633
131841,0.0464892,0.574859
122556,0.0441775,0.573554
126448,0.0447995,0.583082
125638,0.0440869,0.587143
130253,0.0475138,0.585994
129457,0.0456686,0.598693
126318,0.0479664,0.581338
119528,0.0467961,0.589816
116809,0.0472387,0.572918
120094,0.0443925,0.583963
117895,0.0457834,0.587518
118017,0.0423139,0.57671
130512,0.0495823,0.584624
127435,0.0458503,0.574842
122897,0.0420716,0.582394
128812,0.044155,0.573925
131129,0.0415189,0.578656
134685,0.0439917,0.601756
125430,0.0504864,0.565292
121886,0.0478365,0.579021
129335,0.0470582,0.584188
127672,0.0469644,0.578157
123262,0.042639,0.579047
126034,0.0446119,0.578856
129860,0.0463514,0.591818
121154,0.0478854,0.582519
122159,0.0414856,0.578398
126903,0.0524706,0.606404
129169,0.047919,0.589248
128322,0.053269,0.593195
120207,0.0474773,0.579338
122076,0.0435525,0.586401
124529,0.0384619,0.588048
130140,0.0464586,0.590429
129673,0.0457597,0.593304
71683.3,0.0456152,0.570811
130636,0.0466653,0.593554
129384,0.0437623,0.598084
126382,0.0427411,0.584917
128016,0.0484695,0.583493
119234,0.0411878,0.575695
127715,0.0529138,0.599092
128979,0.0456819,0.578714
124578,0.0468014,0.560119
121049,0.0447907,0.573416
120323,0.0470603,0.578888
122537,0.0441456,0.574014
126215,0.0458101,0.572052
127312,0.0441545,0.580798
127058,0.0480809,0.591069
119837,0.0449969,0.571151
134584,0.0483043,0.589152
126083,0.0479671,0.596571
125161,0.0439015,0.588933
116882,0.0487698,0.584636
129457,0.0433864,0.583893
117522,0.0440233,0.583023
126854,0.0472723,0.57364
126257,0.0463104,0.578875
116328,0.0475212,0.57619
132047,0.0480869,0.579389
126980,0.0460481,0.578989
128127,0.0455541,0.579246
120734,0.0452885,0.576055
120844,0.0465045,0.58741
125640,0.0480377,0.584985
131490,0.0443276,0.591714
121537,0.0421712,0.586365
129992,0.0465612,0.584898
127404,0.0463579,0.585413
124120,0.0456161,0.591528
126842,0.0462227,0.582098
124839,0.045662,0.586448
124752,0.0420278,0.582395
125524,0.0461711,0.580395
120001,0.0495218,0.584337
123614,0.0463906,0.576387
121142,0.0472336,0.578053
127666,0.0484964,0.5838
126510,0.0430911,0.584456
118975,0.0453292,0.599105
121395,0.0462711,0.576049
127032,0.0494457,0.586726
126579,0.0439879,0.581048
132658,0.0478616,0.580417
124778,0.0496329,0.574256
129692,0.0483815,0.590827
125328,0.0472586,0.592162
70073,0.04988,0.593981
123500,0.0432861,0.581073
130933,0.0404746,0.579541
126941,0.0444506,0.591814
124622,0.0441237,0.560234
127710,0.0465674,0.575432
123782,0.0444956,0.570156
119392,0.043905,0.57815
119318,0.0483846,0.564957
124279,0.045516,0.577624
127993,0.0502399,0.599951
125712,0.0436508,0.56816
127264,0.042685,0.577398
133507,0.050191,0.597493
118775,0.0436159,0.575062
123685,0.0466045,0.574059
116237,0.0459114,0.580164
113735,0.0497609,0.594536
122948,0.0466481,0.584024
125428,0.04423,0.573711
122699,0.0445151,0.582274
123522,0.0498734,0.587976
126108,0.0431341,0.574611
124084,0.0531206,0.584185
127466,0.0473121,0.576585
128644,0.047546,0.598345
131708,0.0426494,0.587785
123841,0.0490424,0.582291
124002,0.0475607,0.570055
128790,0.0436144,0.575309
124842,0.0471607,0.568563
125090,0.0510114,0.564661
125540,0.0432598,0.583603
128657,0.0468083,0.587189
122883,0.0527719,0.568997
127414,0.0467067,0.565719
124261,0.0447648,0.596265
128507,0.0475435,0.595252
129021,0.0478622,0.580685
121809,0.0453503,0.580996
125914,0.0470187,0.579487
128971,0.0491702,0.590044
122849,0.0498669,0.590265
120093,0.0480356,0.58003
129853,0.0454597,0.584692
123385,0.0494414,0.589832
123758,0.0457743,0.567523
122101,0.0461295,0.580884
132419,0.0462148,0.594114
117557,0.0469065,0.575006
117160,0.0449433,0.585434
128439,0.0421366,0.594714
127945,0.0492887,0.589136
121736,0.0509878,0.591999
124360,0.0440757,0.589502
119523,0.0470209,0.576107
123669,0.0468171,0.571485
124725,0.0456305,0.580201
124148,0.0482913,0.595697
123798,0.0465119,0.579299
125060,0.0436602,0.581629
129611,0.0488851,0.589005
123815,0.0487778,0.568918
129574,0.0484999,0.573136
127130,0.0469503,0.585602
123908,0.0439187,0.576888
126422,0.0482332,0.582347
129705,0.0485805,0.578513
126813,0.0487007,0.584345
133141,0.0497539,0.599061
124103,0.0488612,0.576018
121091,0.0449857,0.593248
123265,0.0468805,0.584838
129161,0.0419191,0.58026
124775,0.0449447,0.585506
133575,0.0478899,0.590346
129744,0.0496775,0.585711
126569,0.0509543,0.575176
130524,0.0454358,0.583889
132280,0.047826,0.581392
117684,0.0518755,0.570494
122992,0.0491599,0.597002
131354,0.0440849,0.578441
123649,0.0501702,0.579322
121859,0.0476725,0.588799
129576,0.0473059,0.580003
128898,0.0412483,0.592371
123390,0.0457112,0.58211
130431,0.0451887,0.591535
121641,0.0455974,0.585489
122381,0.0437949,0.583714
120314,0.0534795,0.586453
124384,0.0446407,0.584203
124304,0.0449808,0.576647
132849,0.042316,0.58314
128393,0.0479656,0.582364
131341,0.0446407,0.584079
123939,0.0481166,0.57945
129131,0.0441626,0.587671
124527,0.0438589,0.580577
124282,0.0462898,0.590826
123194,0.0428206,0.572491
124865,0.0470848,0.576206
125266,0.0452032,0.605691
124336,0.0461776,0.592954
131566,0.0462804,0.593406
124505,0.0483196,0.577322
123809,0.0437586,0.569567
130139,0.0509911,0.59174
125893,0.0436093,0.578996
115414,0.0447461,0.584483
124157,0.0462359,0.582718
127281,0.0511679,0.592252
125847,0.0448663,0.574416
125476,0.0434899,0.588383
128532,0.0450516,0.596572
121673,0.0469367,0.584267
128901,0.0458096,0.58337
127380,0.0472504,0.588911
129291,0.0495788,0.580636
129981,0.0502788,0.593129
129347,0.047209,0.582433
123272,0.0448361,0.59202
121520,0.0481483,0.580328
129928,0.0462658,0.596227
131113,0.0447391,0.588988
127620,0.0416386,0.572445
125582,0.046491,0.574903
118979,0.0461821,0.578375
124173,0.0483183,0.572065
126646,0.0461872,0.580378
124108,0.0421396,0.574451
125350,0.0465018,0.589306
122551,0.0464108,0.581566
127867,0.044104,0.588557
127585,0.0470915,0.592613
125146,0.0498854,0.573382
127923,0.0453383,0.582308
124313,0.0495987,0.576219
130893,0.0430586,0.577716
122661,0.0462338,0.578199
128222,0.0469915,0.57634
99489.7,0.0467132,0.582416
127391,0.043892,0.586078
118764,0.037204,0.583186
113162,0.0486137,0.569321
121862,0.0427692,0.587612
125257,0.0420681,0.593811
116554,0.046037,0.581623
124230,0.0430757,0.57637
107347,0.0491029,0.575624
130614,0.052626,0.601896
94724.7,0.0444473,0.583041
132050,0.0485674,0.590992
128648,0.048922,0.574517
120589,0.0474503,0.578589
130633,0.0531963,0.579528
94618.3,0.0539328,0.575583
130687,0.046254,0.594248
125469,0.0485098,0.583
126484,0.041281,0.577176
127462,0.0458178,0.580408
127020,0.0446719,0.571418
126975,0.0469052,0.580965
129151,0.0459642,0.572853
124951,0.0437402,0.579767
119115,0.0491418,0.585002
127744,0.0494069,0.58548
117646,0.045538,0.591856
125739,0.0511406,0.569684
121432,0.0496383,0.584561
128944,0.0450654,0.575726
121799,0.0485414,0.584291
125844,0.0458757,0.589082
76979,0.0502064,0.600605
115622,0.0444001,0.568279
133779,0.0495163,0.588515
128104,0.0458708,0.582312
127712,0.0467043,0.575964
128696,0.0468816,0.596977
123123,0.0439889,0.573536
130804,0.0467008,0.58338
128476,0.0443408,0.575909
125257,0.0454699,0.580539
130508,0.0423695,0.576275
115225,0.0474376,0.580716
121441,0.0463474,0.591102
127464,0.0450544,0.574495
122116,0.0445905,0.597764
113738,0.0466909,0.583037
125323,0.0464015,0.577815
127504,0.0424007,0.589782
126955,0.0490662,0.579997
130537,0.0423521,0.579502
127023,0.048264,0.586288
125445,0.0449936,0.585567
126072,0.044132,0.602731
125152,0.0488983,0.591337
128227,0.0459366,0.571896
121771,0.0408179,0.564654
126679,0.0449175,0.572498
133005,0.0420787,0.589102
120835,0.0481822,0.58567
124145,0.0417109,0.580043
123880,0.0473706,0.586386
127576,0.0450166,0.580481
119493,0.0477597,0.566678
129922,0.0456492,0.583804
132333,0.04957,0.588806
125887,0.0441189,0.574015
122001,0.0450929,0.587676
123789,0.0420302,0.59483
123587,0.0465484,0.581675
118953,0.0440571,0.587782
131500,0.0460815,0.579316
125468,0.0496824,0.596283
128059,0.0490301,0.594698
128226,0.0455993,0.582608
118961,0.0438215,0.57555
125874,0.0512716,0.580251
124248,0.0464486,0.579241
122388,0.0470896,0.58748
123640,0.0485418,0.593251
126686,0.0512095,0.572269
129446,0.0469352,0.586264
118804,0.040632,0.589614
126466,0.0462703,0.587347
126805,0.0452813,0.590486
68577.3,0.0516155,0.583614
69689.7,0.0476391,0.57207
122045,0.0518838,0.602388
129231,0.0428764,0.596463
132307,0.0472874,0.596949
125410,0.0452453,0.580963
122518,0.0465599,0.580458
127867,0.0489768,0.591251
129883,0.0472597,0.58863
128898,0.0436044,0.577627
127555,0.0460124,0.589381
120007,0.0491284,0.573242
126835,0.0424461,0.590283
119336,0.0433527,0.574675
130033,0.0487444,0.579265
124998,0.0461227,0.567113
128569,0.044753,0.584592
124030,0.0442236,0.595009
117773,0.0450079,0.583924
127048,0.0468573,0.579923
125607,0.0472974,0.574741
131881,0.0437945,0.587526
129179,0.0455712,0.576808
126526,0.0475858,0.581845
126490,0.0455545,0.575148
122434,0.0462825,0.584964
131808,0.0491476,0.589498
128877,0.0461566,0.579785
130614,0.046806,0.585998
133185,0.0425603,0.580058
133480,0.0415465,0.585223
132796,0.0427519,0.578319
126349,0.046536,0.581136
39936.7,0.0506443,0.584834
125833,0.0426722,0.581338
125686,0.0477877,0.577391
119767,0.0454822,0.574486
123391,0.0467107,0.585999
132152,0.0481593,0.590846
132562,0.0474907,0.592621
122197,0.0488688,0.586385
125349,0.0423825,0.574416
120694,0.0505951,0.566486
127644,0.0478578,0.585249
127712,0.0440854,0.580235
128629,0.0476839,0.578746
123112,0.0469781,0.590474
120304,0.0485417,0.585367
125188,0.0500398,0.580172
91932,0.0487403,0.581201
122201,0.0456985,0.578567
125279,0.0446857,0.57257
128863,0.0464367,0.599303
124189,0.0503678,0.569471
130383,0.0406057,0.587611
124902,0.0459174,0.591508
131735,0.0492795,0.596231
125572,0.0473005,0.577211
127208,0.0461299,0.578026
132210,0.0470455,0.584437
123541,0.0432179,0.581928
131782,0.0452224,0.589561
128841,0.0446778,0.580805
127051,0.0455912,0.593848
131881,0.0456331,0.589016
131050,0.0435827,0.59264
127422,0.0488095,0.585488
126481,0.0443913,0.569963
119909,0.0482501,0.585899
117840,0.0448924,0.584993
116643,0.044554,0.574183
116623,0.0408094,0.581168
125146,0.0459983,0.577985
127469,0.0483579,0.588692
125465,0.0428673,0.57198
128206,0.0452473,0.593517
118550,0.0454745,0.581751
118961,0.0407764,0.58238
119470,0.0437866,0.579342
128148,0.0460274,0.572108
125391,0.047523,0.575261
121030,0.0433125,0.584111
128773,0.0433683,0.595831
124513,0.0427494,0.575615
123378,0.0474479,0.591868
109787,0.0481018,0.591595
125685,0.0448208,0.574615
126554,0.0485445,0.583269
135898,0.0471783,0.591308
127727,0.0466994,0.599305
130128,0.0459055,0.576432
128895,0.0442018,0.577288
120706,0.0509682,0.587887
121314,0.0486311,0.569225
128214,0.0443555,0.58928
128770,0.0457962,0.59496
131154,0.0442082,0.588831
125910,0.0383412,0.581277
131250,0.0495695,0.584118
121946,0.0427474,0.575029
123928,0.0488675,0.580131
128700,0.0459439,0.58073
127559,0.0468433,0.57689
133960,0.0455115,0.589422
120399,0.0427372,0.579153
120414,0.048922,0.56532
111865,0.0469465,0.58209
125797,0.0466008,0.575491
124985,0.0467349,0.600528
115853,0.0460796,0.576144
125730,0.0463911,0.593446
130571,0.0450715,0.575247
122447,0.049737,0.579373
125444,0.0422311,0.572227
132318,0.0405767,0.57471
125395,0.0448323,0.600786
128044,0.046389,0.582729
116857,0.0417041,0.585823
122758,0.0527121,0.579392
130578,0.046205,0.602341
119271,0.0445017,0.582111
123675,0.0486566,0.592816
130232,0.0453634,0.581435
126252,0.0489628,0.584117
129157,0.0449466,0.574259
124515,0.0447436,0.566835
124907,0.0484555,0.594899
121433,0.0500388,0.586805
131878,0.0431936,0.571297
125167,0.0459027,0.580597
121154,0.0436894,0.585585
124788,0.0436791,0.580621
115865,0.0425709,0.574492
123586,0.0419408,0.588469
124031,0.0452954,0.584116
124096,0.0451719,0.57709
128462,0.0488446,0.575092
131876,0.0453666,0.584739
122077,0.0494149,0.585028
130502,0.0457798,0.583512
123034,0.047493,0.571716
125414,0.0474315,0.58682
127973,0.0475149,0.588065
119687,0.0429389,0.584228
126432,0.048925,0.599298
125615,0.0471703,0.59516
126544,0.0446803,0.580205
131067,0.0457532,0.578586
123322,0.04665,0.569886
125820,0.0474424,0.582233
128413,0.04448,0.590563
119533,0.0398689,0.576293
123877,0.0396439,0.583425
126388,0.0470162,0.596595
127348,0.0413089,0.580355
129829,0.044834,0.575607
122666,0.042682,0.588545
125730,0.0524128,0.577646
129111,0.0413754,0.57863
125377,0.0461751,0.574017
127508,0.0468147,0.596904
121942,0.0497132,0.589682
126615,0.0420912,0.594767
130599,0.0471827,0.568672
127128,0.0501204,0.584124
117981,0.0433833,0.585645
119315,0.0478236,0.576143
123251,0.0440671,0.569103
120007,0.0475946,0.571712
125547,0.0431811,0.584224
132874,0.0432966,0.585634
127383,0.042244,0.579442
129120,0.048872,0.592112
119452,0.043201,0.566433
123816,0.0413956,0.580632
121832,0.0435029,0.57505
126144,0.0459946,0.578926
135483,0.0452474,0.599872
130373,0.0466209,0.59456
119222,0.050368,0.578475
127291,0.0433657,0.582889
133014,0.0423372,0.581807
130469,0.0426238,0.585346
130772,0.0422856,0.581421
120103,0.0479013,0.573487
128566,0.0412402,0.580748
126583,0.0465775,0.587966
128706,0.0468684,0.569239
116990,0.0423925,0.595653
128565,0.0459945,0.57854
120853,0.0434579,0.572787
127405,0.0468931,0.582932
120198,0.0453048,0.585076
129176,0.0464081,0.582631
129845,0.0482797,0.582083
129854,0.0505046,0.592508
126132,0.0405031,0.574121
121474,0.0456218,0.575576
127253,0.049705,0.586497
125299,0.0477213,0.586118
133036,0.04803,0.591896
123696,0.0474324,0.585892
131871,0.0452676,0.581841
125415,0.0425473,0.578093
126551,0.0444746,0.588063
127314,0.0413043,0.583239
126719,0.0464177,0.578098
127532,0.0444888,0.582995
120206,0.0484051,0.59242
131244,0.0478805,0.581607
126801,0.0520273,0.582819
125392,0.0466612,0.57709
128841,0.0470554,0.599681
129135,0.0483986,0.571375
123320,0.0463453,0.599071
126414,0.0491295,0.576419
127512,0.0501297,0.582173
120822,0.0415086,0.586574
128965,0.0411273,0.592312
124228,0.0476055,0.584985
128203,0.0408509,0.589616
118708,0.0421256,0.580934
126683,0.0463859,0.577552
129168,0.051711,0.593204
129009,0.04934,0.575642
122056,0.0417644,0.588603
118961,0.0453567,0.57125
126199,0.0439472,0.576538
127337,0.0524408,0.589063
128245,0.0472873,0.580128
127297,0.0439422,0.572535
126045,0.0498764,0.585842
127644,0.0470213,0.586295
122129,0.0389323,0.580628
120007,0.0475853,0.583058
123772,0.049921,0.581129
126243,0.0451637,0.583775
121587,0.0466461,0.57539
116122,0.045461,0.574899
122711,0.0464788,0.57314
125847,0.0407728,0.585636
117145,0.0448076,0.587217
121068,0.0486426,0.573236
123565,0.0448092,0.592255
129469,0.0459128,0.57808
131717,0.0408042,0.580176
130143,0.0481679,0.593432
118937,0.0445055,0.584221
132447,0.0490849,0.596684
130438,0.0483286,0.573908
130097,0.0546337,0.597335
133434,0.0413422,0.581943
126103,0.0458347,0.583591
131107,0.0490216,0.573676
112155,0.0448477,0.581244
133579,0.0487693,0.586331
131591,0.0448757,0.581084
124880,0.047548,0.579276
124522,0.0436146,0.577697
128349,0.0395389,0.568968
128111,0.0493036,0.585223
132029,0.0466819,0.586148
128507,0.0429514,0.58661
126312,0.0444074,0.589485
131073,0.0458633,0.594432
123667,0.0535218,0.582981
122447,0.0489292,0.593857
118827,0.0412775,0.58926
128346,0.048467,0.571607
130846,0.0435398,0.592185
124340,0.0466618,0.582021
128692,0.0428777,0.582604
129246,0.0458744,0.592935
123853,0.0463134,0.570979
118340,0.0484351,0.584883
123811,0.0468149,0.578854
127239,0.0489902,0.582742
128479,0.0436097,0.588909
121352,0.0419612,0.579302
123405,0.0473897,0.599777
124536,0.0458537,0.578343
123607,0.0412272,0.587531
129743,0.046439,0.574736
131694,0.0456295,0.590779
131433,0.0497582,0.577058
129693,0.0458944,0.58128
129506,0.0421406,0.577259
127651,0.0462557,0.587465
130547,0.050271,0.594549
126064,0.0481027,0.588403
120597,0.0420257,0.594314
118793,0.0419362,0.578413
126540,0.0445458,0.587201
120935,0.045787,0.561049
126943,0.0505694,0.582336
130841,0.0495813,0.57949
129497,0.0459292,0.600519
125185,0.040356,0.584024
130499,0.0418589,0.588614
129925,0.0436986,0.595875
125193,0.0468661,0.588563
125607,0.0488586,0.583952
129326,0.0429074,0.581155
129442,0.0464,0.585192
126178,0.0463196,0.584571
129837,0.0494183,0.586443
125865,0.0514764,0.573035
89849,0.0446768,0.586072
127482,0.0493106,0.568508
126148,0.0482048,0.574916
128803,0.0420331,0.58721
119004,0.0427849,0.577342
135445,0.0461546,0.590443
129847,0.0449372,0.588081
107512,0.0475198,0.593962
125032,0.048537,0.58571
125878,0.0477474,0.587898
132797,0.0459118,0.58786
113375,0.0448764,0.576428
126549,0.0448826,0.585856
132996,0.044944,0.575108
128632,0.0510654,0.565159
126488,0.0477504,0.587261
125146,0.0461703,0.577985
126793,0.0502336,0.58782
122353,0.0450974,0.589749
129381,0.0439742,0.589634
128700,0.0491583,0.585835
133423,0.0464789,0.594369
124227,0.0468796,0.57754
127357,0.0465482,0.572442
120968,0.04518,0.581493
117767,0.0459191,0.580566
133245,0.0460288,0.592176
125892,0.0442241,0.591229
126424,0.0439647,0.575962
127080,0.0508289,0.568618
123476,0.0508103,0.588912
122544,0.0454317,0.580587
126751,0.045985,0.580733
128155,0.0490158,0.572065
130533,0.0478621,0.582565
121135,0.0447654,0.575313
123972,0.0532125,0.572883
124612,0.0447742,0.592507
124871,0.0484343,0.571393
125571,0.0480214,0.580468
131709,0.0495063,0.580055
127820,0.0457249,0.586176
120608,0.0440907,0.582768
113796,0.0469812,0.574541
121225,0.0447222,0.584063
129231,0.0474905,0.577319
121225,0.0442875,0.569115
127562,0.0467025,0.57641
130853,0.0478404,0.597992
126335,0.04286,0.580943
129774,0.0455137,0.575385
122095,0.0490678,0.578558
123339,0.044063,0.58987
129925,0.0479218,0.587304
117405,0.0452867,0.581053
130606,0.0501575,0.581183
127145,0.0446196,0.594805
129077,0.0422291,0.591767
127094,0.0467732,0.580468
124939,0.0487127,0.576878
128093,0.0454834,0.593151
134590,0.045031,0.593845
127027,0.0472302,0.595606
127017,0.0444161,0.573356
132071,0.0483178,0.589179
125345,0.0457051,0.575986
131724,0.0448426,0.593878
127822,0.0471339,0.574436
134444,0.0448273,0.5901
128000,0.0452341,0.577836
123220,0.0457557,0.593699
124652,0.0482293,0.584006
126968,0.0483265,0.579276
127601,0.045807,0.586214
125141,0.0420163,0.589004
114604,0.0441864,0.592619
122443,0.0424427,0.584109
124758,0.0452448,0.596006
130055,0.0471814,0.581173
122963,0.048196,0.596139
126701,0.0498082,0.584766
134333,0.0454115,0.596387
124565,0.046514,0.579697
127027,0.0478334,0.573921
106634,0.0448182,0.581803
127684,0.0446383,0.579959
130896,0.0481052,0.583498
123590,0.0442814,0.574108
121780,0.0477716,0.582431
123893,0.0496201,0.577922
134446,0.048461,0.594882
125349,0.0432098,0.588421
124606,0.0457943,0.580032
127900,0.0429679,0.579191
118148,0.0411885,0.600835
127893,0.0472183,0.576681
131853,0.0465034,0.585914
120917,0.0421854,0.583045
130887,0.046853,0.597722
128729,0.045185,0.580495
135481,0.047443,0.59019
130433,0.0499485,0.589812
134838,0.0481215,0.60008
124633,0.045794,0.582061
119438,0.0445448,0.575282
129667,0.0507161,0.595483
120769,0.047199,0.582281
130495,0.0452535,0.59034
129313,0.0497333,0.582099
131696,0.0468011,0.578624
129301,0.0492744,0.583255
128268,0.0455321,0.588529
126616,0.0435793,0.576396
128029,0.0462481,0.588788
130401,0.047092,0.586066
129320,0.0492188,0.582976
128232,0.0477014,0.589279
128153,0.0462155,0.565797
125056,0.0465449,0.581955
116529,0.0427272,0.573638
129202,0.049409,0.600737
119279,0.0465648,0.577172
129356,0.0503084,0.595361
127642,0.0460972,0.581701
126883,0.0439255,0.585043
127830,0.0460806,0.579539
126017,0.046914,0.580339
115899,0.0469126,0.56683
124877,0.0414002,0.58763
124722,0.0488804,0.591275
128311,0.0455553,0.572242
128483,0.0507178,0.590934
122771,0.0450287,0.586474
123910,0.0530792,0.583601
127825,0.0475907,0.59299
124763,0.0462467,0.570157
123898,0.0422021,0.578552
132983,0.0490692,0.592463
118786,0.0495055,0.58272
115525,0.0480899,0.589444
126117,0.0478717,0.595046
119260,0.0447149,0.562393
123498,0.0415054,0.580937
125133,0.0511765,0.568224
129010,0.0438803,0.578238
124656,0.0445386,0.58714
123735,0.0450653,0.579985
121263,0.0470116,0.587154
123873,0.0412659,0.585539
110784,0.0448126,0.579185
123673,0.0468109,0.587052
130210,0.0497306,0.580113
119912,0.0457281,0.572224
120994,0.0417063,0.576413
133024,0.041015,0.592063
99521.3,0.0533199,0.581058
127380,0.0444775,0.569199
133004,0.0402727,0.59367
122340,0.046624,0.585491
122035,0.0499369,0.575343
120402,0.0443511,0.571374
131243,0.0454894,0.579162
126110,0.0428327,0.583554
122652,0.0475426,0.579
131703,0.0460363,0.58652
122160,0.0435424,0.577059
125328,0.0459737,0.568241
118808,0.0434667,0.567192
132630,0.0483664,0.58644
129729,0.0478753,0.576587
133551,0.0447494,0.584162
124662,0.0505542,0.571052
128657,0.04399,0.580598
131159,0.046887,0.583746
126678,0.0448163,0.586744
130412,0.0451983,0.581365
127785,0.04688,0.595974
124854,0.0484135,0.583473
123738,0.0454653,0.592874
127481,0.0519257,0.584013
120686,0.0463317,0.587255
124753,0.0441499,0.588006
123831,0.0452287,0.57465
126974,0.0437182,0.582753
124950,0.0448521,0.578439
118856,0.041137,0.582427
120723,0.0444934,0.588098
127937,0.0493669,0.58725
127953,0.0426717,0.581499
132261,0.0488193,0.58732
123554,0.0476847,0.577934
126198,0.0489513,0.579558
123506,0.045262,0.560633
124951,0.0449021,0.569367
128641,0.0475809,0.58308
126540,0.0409976,0.576656
118214,0.0484494,0.590654
126832,0.0483636,0.591558
130994,0.0453723,0.587466
124109,0.0468484,0.580486
125068,0.044624,0.583403
127492,0.0517239,0.579883
126811,0.0441988,0.586396
125261,0.0501485,0.562964
129990,0.0448079,0.584591
121686,0.0522553,0.59128
123196,0.0419597,0.583554
124850,0.0418292,0.594854
122831,0.0393512,0.579776
130740,0.0467371,0.578732
120881,0.0390977,0.57557
122788,0.0462335,0.585941
130703,0.0477135,0.579294
117713,0.0466229,0.579477
131936,0.0482098,0.571137
103694,0.050302,0.598525
123952,0.0441964,0.569442
132625,0.0448051,0.578137
111971,0.0462664,0.592975
130517,0.0461002,0.589245
132362,0.0420157,0.576619
131436,0.0537716,0.589408
129365,0.0430067,0.583469
127396,0.0424796,0.573114
128437,0.0478355,0.587482
120723,0.0497472,0.571734
132834,0.0456496,0.602967
126978,0.0469502,0.587948
124224,0.0477008,0.578032
121701,0.0521864,0.583566
123632,0.0457858,0.577614
123891,0.049448,0.576341
135549,0.0520477,0.589602
125701,0.0455289,0.579932
124928,0.0472225,0.586006
129384,0.0425186,0.600206
120723,0.0461597,0.573996
126691,0.0438795,0.576714
115740,0.0464307,0.580698
124874,0.0495754,0.576361
121086,0.0457198,0.573997
124391,0.0432448,0.577497
131782,0.0463745,0.588506
121624,0.0463243,0.573296
125952,0.0478808,0.58279
126579,0.0440418,0.566547
130303,0.0484518,0.593805
123240,0.0468597,0.587143
127118,0.0443756,0.588788
124869,0.047013,0.576716
126980,0.0482457,0.593117
121015,0.0488389,0.568455
127056,0.0459741,0.587875
127159,0.0443181,0.575865
129975,0.0438256,0.57418
128583,0.0456252,0.577798
120121,0.0489596,0.592449
125408,0.0449947,0.594364
123368,0.0472529,0.570861
132251,0.0466295,0.590574
126034,0.042169,0.591412
128956,0.0464762,0.584529
123512,0.0509994,0.57632
123776,0.0421016,0.582116
124742,0.0469838,0.573556
124343,0.0507933,0.578782
127932,0.046279,0.583583
116301,0.0440837,0.582098
133881,0.0486762,0.593799
125332,0.0440065,0.58452
119931,0.0471309,0.581263
125541,0.0485019,0.579444
125447,0.0490074,0.582493
124982,0.0506934,0.590873
128328,0.0468459,0.593896
132831,0.0432067,0.581329
130664,0.0482897,0.575886
131091,0.049364,0.587908
124429,0.0534778,0.589754
116591,0.0520833,0.568144
120402,0.0412524,0.581905
119850,0.0456621,0.575315
127162,0.0470384,0.584739
119252,0.0466483,0.583063
128753,0.0489914,0.580037
119887,0.0454024,0.584083
116114,0.0471702,0.583724
122202,0.0382038,0.568268
128322,0.0451142,0.58384
116544,0.0499921,0.585818
120329,0.0497688,0.582935
124765,0.0470213,0.568585
127727,0.0422502,0.586278
131074,0.0432758,0.579985
127357,0.0422303,0.574602
127303,0.0396466,0.576534
121981,0.0459745,0.570487
124566,0.0488907,0.594773
124003,0.0478619,0.577542
116963,0.0475066,0.570355
130424,0.0434548,0.578574
124958,0.0482261,0.582244
128453,0.0429013,0.574004
45764.3,0.0483788,0.597882
125261,0.0411493,0.583458
126231,0.0460905,0.582848
128541,0.0451773,0.58931
130464,0.0494744,0.590926
129707,0.0456512,0.602145
119781,0.0486769,0.575429
129493,0.0456511,0.582217
131079,0.0461149,0.603678
124993,0.047164,0.580741
124129,0.0430559,0.570048
132881,0.0497764,0.600014
124366,0.0458412,0.573099
120637,0.0501647,0.574198
124319,0.0497892,0.584927
128745,0.0481916,0.605818
131181,0.0438837,0.583999
125717,0.0463588,0.585709
127081,0.0486004,0.582632
101444,0.0441156,0.580971
107025,0.0477006,0.596543
116339,0.0416613,0.567553
121351,0.043265,0.585149
124797,0.0447485,0.580619
129476,0.0516576,0.585826
120831,0.0463897,0.589989
121438,0.0491419,0.556881
124924,0.0418436,0.586017
127707,0.0406256,0.580708
126929,0.0490348,0.586119
131067,0.0473694,0.592849
128413,0.0429527,0.575125
127352,0.0471392,0.581334
127615,0.0475487,0.595882
122090,0.0482273,0.585601
127933,0.0482473,0.597957
130009,0.0480981,0.587694
130690,0.044081,0.579616
126410,0.046583,0.584333
129548,0.0463519,0.594818
130396,0.0492302,0.591096
122870,0.0494498,0.581749
128789,0.0422264,0.579875
124439,0.0443495,0.582876
130073,0.0437449,0.591003
131069,0.0454225,0.591494
120378,0.04627,0.571221
123678,0.0468423,0.57524
124417,0.0422088,0.58523
130849,0.0492755,0.591529
122188,0.0489237,0.575498
128948,0.0450574,0.584076
132792,0.0455338,0.592216
133244,0.0462166,0.592121
127307,0.0427501,0.572746
126148,0.0439047,0.589533
126877,0.0517169,0.5749
127300,0.0499908,0.588335
130265,0.0413023,0.58774
128744,0.0388836,0.582183
131895,0.0401499,0.582577
134545,0.0419278,0.600123
124051,0.0472775,0.58536
119795,0.0437689,0.573976
118979,0.0435438,0.58889
123224,0.0450052,0.563871
130662,0.0484444,0.586873
126766,0.0432758,0.582001
121737,0.0467849,0.574094
108071,0.0446853,0.579448
119765,0.0474769,0.578896
129999,0.0485427,0.587389
123685,0.0452617,0.584796
125033,0.0428321,0.575424
127538,0.0478889,0.588923
126186,0.0453886,0.581685
126275,0.049017,0.573934
125843,0.0502983,0.60136
127114,0.044156,0.58488
130562,0.043155,0.581479
128464,0.0426372,0.588422
124817,0.046811,0.600315
130095,0.0455485,0.581955
128847,0.0520645,0.593064
124036,0.0473329,0.599306
124804,0.0439351,0.592933
127099,0.0453833,0.596334
125079,0.048968,0.569788
120975,0.0449727,0.583571
127635,0.0505681,0.579528
131128,0.0443581,0.578743
125960,0.0421255,0.581792
125397,0.0466154,0.583212
114999,0.0464227,0.58874
123971,0.0506313,0.569665
120304,0.0440664,0.593268
125198,0.0445792,0.576147
128290,0.0471065,0.57584
120077,0.0458645,0.586757
121438,0.0454988,0.57951
124638,0.0495167,0.582471
120742,0.0468032,0.576722
126181,0.0405266,0.582263
131631,0.0464577,0.588015
125268,0.0444759,0.577773
128090,0.047888,0.574026
122943,0.0472223,0.581111
126007,0.0448993,0.595598
120981,0.0413553,0.592874
129104,0.0483012,0.599989
128770,0.0509692,0.58667
131525,0.0500546,0.575499
130737,0.0469611,0.576949
128452,0.0445147,0.58068
117031,0.0444289,0.562979
122874,0.0425428,0.597039
125232,0.0454192,0.589494
128942,0.0492135,0.576046
126985,0.0449241,0.586782
122978,0.0488994,0.591061
118450,0.0512584,0.570946
127064,0.0455236,0.599076
127617,0.0444015,0.568662
132306,0.0482472,0.582782
123317,0.0449053,0.589359
129081,0.0482125,0.576773
129245,0.0452303,0.586046
126467,0.0478106,0.580831
135303,0.0443417,0.595209
126576,0.0468697,0.597491
130547,0.0473656,0.584253
127978,0.0464987,0.57508
126496,0.0463939,0.580062
130599,0.0410439,0.587076
124692,0.0444212,0.566407
122866,0.0394198,0.59361
127923,0.047798,0.583523
129778,0.045459,0.584872
121172,0.0489638,0.575475
127208,0.0445586,0.585647
128016,0.0557995,0.581025
127206,0.0460516,0.576479
121481,0.0470201,0.580457
129702,0.0508481,0.585014
117265,0.0429944,0.572093
110236,0.0446134,0.580005
124373,0.0474507,0.579415
127505,0.0470615,0.578178
126145,0.0464216,0.59256
125208,0.0472494,0.575023
128658,0.0470025,0.585521
127863,0.0516037,0.584896
126881,0.0445536,0.585213
128312,0.046741,0.59563
118063,0.047087,0.589045
119883,0.0455558,0.596036
134144,0.0467041,0.595767
126268,0.0468065,0.601791
122427,0.0480014,0.582857
120570,0.0480945,0.577109
125919,0.0440133,0.590022
132346,0.0423912,0.583546
87874,0.0447973,0.580388
125645,0.0487557,0.588663
125936,0.0440401,0.584666
119611,0.0449213,0.563138
129582,0.045331,0.592354
132410,0.0442662,0.593029
121147,0.049024,0.579135
130166,0.0419926,0.587546
120160,0.0443538,0.569699
130190,0.0525389,0.583294
123471,0.0431514,0.574475
118973,0.0466221,0.589743
125875,0.042946,0.578117
123230,0.0515723,0.574584
127929,0.0470493,0.589249
118382,0.0455271,0.565508
129063,0.045742,0.591335
126508,0.0459785,0.586963
125473,0.0477927,0.583377
120587,0.048601,0.587866
126150,0.0433254,0.577487
122314,0.04909,0.579096
133767,0.0426151,0.588146
127781,0.0465549,0.578584
129138,0.0488257,0.588874
128263,0.0427873,0.596606
125813,0.0475853,0.58734
109799,0.0457632,0.58368
126877,0.0464931,0.575743
123210,0.0439541,0.572275
128830,0.0475369,0.596065
129207,0.0416578,0.598505
130463,0.0470829,0.578091
116927,0.0455408,0.570138
132628,0.0451376,0.583659
125334,0.0483167,0.579105
129266,0.050538,0.594421
121919,0.0458419,0.574082
128056,0.0431978,0.597672
126918,0.0472823,0.58524
127349,0.04463,0.585548
121297,0.0410382,0.57555
129609,0.0437328,0.592181
124284,0.043465,0.567116
124209,0.0435295,0.58218
127495,0.0441618,0.580897
130149,0.0491252,0.592563
132667,0.0453815,0.577374
126368,0.048263,0.593888
124196,0.0468373,0.573871
131761,0.0460131,0.573572
77853.7,0.0479165,0.56193
134313,0.0482144,0.599588
124084,0.0406115,0.577431
126515,0.0442486,0.581314
124570,0.0452654,0.580569
126195,0.0457653,0.589536
130634,0.0506947,0.592698
122312,0.041599,0.579644
127355,0.049141,0.579667
123230,0.0446078,0.575497
130994,0.0474771,0.594374
124183,0.0478537,0.582032
112694,0.0469946,0.585044
122911,0.044017,0.580514
121338,0.0458096,0.573171
129013,0.0466298,0.57905
119248,0.0464734,0.563037
130790,0.044739,0.579803
129478,0.0438141,0.590243
127200,0.0469332,0.584662
129014,0.0488519,0.598532
126210,0.0462579,0.583139
126007,0.045245,0.579404
117858,0.0399731,0.583384
127914,0.0444946,0.580504
130872,0.0471348,0.595895
128138,0.0478397,0.586497
121417,0.0464873,0.590177
120696,0.044595,0.598491
135725,0.0487919,0.59352
128341,0.0489871,0.598492
128361,0.0447133,0.568308
134555,0.0457678,0.580632
121828,0.0491159,0.587016
122116,0.0380742,0.589067
129116,0.0462043,0.593834
126182,0.0461516,0.588737
126284,0.0394497,0.579444
127269,0.0457056,0.580377
109425,0.0454317,0.57331
126446,0.04655,0.58977
130596,0.0485741,0.594012
134803,0.043191,0.584356
130982,0.0489963,0.5866
125474,0.0429949,0.577175
127339,0.0475327,0.589179
122976,0.041085,0.578788
126365,0.0468625,0.581819
130010,0.0463575,0.581286
129415,0.0432887,0.591473
123920,0.0476081,0.58016
125726,0.0453834,0.576349
126968,0.0474451,0.57129
127079,0.0451437,0.591731
128887,0.0418539,0.56875
127937,0.0434619,0.584604
131252,0.0448084,0.591976
128110,0.046077,0.584674
131433,0.0486299,0.594756
119590,0.0464116,0.579677
122823,0.0499485,0.598145
128899,0.0437762,0.579306
127680,0.0469877,0.581046
105692,0.0435842,0.586411
125084,0.0459353,0.588053
126107,0.0473008,0.569374
127386,0.0439249,0.584511
128047,0.0417248,0.57229
127862,0.0451221,0.585115
122893,0.0506408,0.572705
130080,0.0452145,0.579209
128820,0.0451917,0.569651
126599,0.0430529,0.567671
122586,0.0503092,0.57702
130267,0.0469396,0.584288
123399,0.052639,0.581402
133295,0.0475626,0.588968
125770,0.0450746,0.595989
123939,0.0441837,0.581108
130428,0.0456067,0.586549
121788,0.0401663,0.590234
128632,0.0446449,0.589663
122460,0.0436871,0.591601
120268,0.0433409,0.590585
128415,0.0425383,0.590324
123940,0.0439311,0.582358
124425,0.0397959,0.574213
133215,0.047219,0.599441
118487,0.0458379,0.564821
131589,0.0454186,0.581162
133651,0.0455007,0.583348
124423,0.0438507,0.578149
119411,0.0481464,0.582802
133711,0.0459831,0.580823
95607.3,0.0446891,0.577766
129254,0.0506082,0.583835
116894,0.0428292,0.580111
124050,0.0435447,0.574789
124824,0.046843,0.574381
122867,0.0411003,0.5846
124266,0.0452641,0.588544
122409,0.0514356,0.582359
95529.7,0.0468337,0.580179
122590,0.0510816,0.586663
119129,0.0432133,0.568174
126767,0.0444469,0.581184
126417,0.0471484,0.591151
125771,0.0452717,0.572374
132796,0.0449235,0.588094
126870,0.0470757,0.585359
129308,0.0462882,0.585915
119443,0.047596,0.594338
125402,0.0443845,0.589747
127351,0.0464949,0.577722
125630,0.0449624,0.590269
126317,0.0472899,0.583441
128859,0.0489998,0.581376
126560,0.048194,0.581195
131259,0.0439822,0.597319
125408,0.0527483,0.580529
124364,0.0482743,0.574149
124808,0.0502713,0.584277
126593,0.046582,0.582031
124271,0.041525,0.582042
127931,0.0462565,0.571038
91156.3,0.043073,0.576906
115924,0.0475509,0.585496
123023,0.0455087,0.586854
85049,0.0566874,0.56986
127249,0.0459907,0.578433
123971,0.0520293,0.578776
121337,0.0444092,0.586919
130703,0.0526618,0.590227
130779,0.0447598,0.588875
123455,0.0467189,0.566109
127848,0.0514317,0.577048
129124,0.0453375,0.593503
125475,0.0430462,0.580646
128490,0.0501934,0.591809
128481,0.0421097,0.579599
125820,0.0425572,0.580651
131659,0.0429208,0.600996
129406,0.0483559,0.584463
133558,0.0450476,0.58551
129277,0.0457935,0.588299
125823,0.0409477,0.568835
122528,0.0419309,0.578513
123846,0.0480314,0.585574
130355,0.0471622,0.583161
129394,0.0422623,0.589115
125794,0.0474142,0.58093
131659,0.0465412,0.583792
132698,0.0449609,0.584821
120500,0.0436684,0.573286
120798,0.0451363,0.579079
125325,0.0480545,0.592699
127848,0.0431189,0.574866
120136,0.045167,0.585287
125014,0.0468512,0.57552
128095,0.0473323,0.576787
129203,0.0481092,0.587893
125806,0.0482812,0.605118
122009,0.0467644,0.584334
123607,0.0457267,0.572156
129760,0.0450638,0.59106
122314,0.0452958,0.587713
124163,0.0427743,0.581852
123791,0.0463907,0.583015
123842,0.0445515,0.58852
129450,0.0507859,0.576423
126566,0.0463607,0.568727
120466,0.0458958,0.574552
126617,0.0445346,0.576728
127000,0.0470228,0.582642
128145,0.0449493,0.584717
126523,0.046577,0.575615
126656,0.044882,0.581232
121113,0.0490689,0.584723
118715,0.0485059,0.578031
119582,0.0475104,0.589018
127823,0.0419911,0.568642
122821,0.0438413,0.568983
129775,0.0474326,0.590857
124631,0.0476906,0.57178
120848,0.0450568,0.576555
118051,0.0467106,0.583083
128779,0.0459209,0.581923
117678,0.050674,0.584753
127557,0.0428474,0.592539
132242,0.0511567,0.585559
120272,0.0523629,0.582147
127751,0.0468808,0.583087
125026,0.0512887,0.576252
123239,0.0409605,0.589647
127072,0.0512789,0.579825
122370,0.0482516,0.573764
112905,0.0445971,0.588946
119104,0.0459982,0.589825
127523,0.0490838,0.569941
127579,0.0453824,0.585006
126844,0.0475228,0.5778
124456,0.0393269,0.580667
122398,0.0444758,0.573869
121599,0.0453343,0.58063
124622,0.0456945,0.58153
112213,0.0474662,0.580084
123610,0.0463976,0.567968
125466,0.0431316,0.574414
129096,0.0440362,0.581857
132654,0.0429577,0.596473
115993,0.041615,0.583523
133496,0.0469819,0.587546
132637,0.0445949,0.600032
128168,0.0443566,0.577371
125410,0.0484999,0.580911
124499,0.0448264,0.584816
124457,0.046357,0.585961
127807,0.0417025,0.592925
53825.3,0.0594631,0.598095
127482,0.0459982,0.580846
130397,0.0403337,0.598783
123483,0.0476726,0.576496
129531,0.0433855,0.58149
129851,0.046467,0.588101
125634,0.0471005,0.580432
120895,0.0489483,0.585703
128108,0.0484989,0.574468
122592,0.045556,0.592396
124802,0.0393117,0.578833
126847,0.0468558,0.586478
124255,0.0415522,0.58326
126474,0.0450874,0.585871
127338,0.0427585,0.580679
122617,0.0429907,0.583374
127862,0.0482832,0.578659
128733,0.0444782,0.590987
133441,0.0442916,0.596342
122844,0.0474066,0.599585
120202,0.0426228,0.569545
123764,0.0450942,0.575883
127598,0.0476922,0.594018
126837,0.0431398,0.583572
128070,0.0432526,0.579858
131085,0.0481959,0.586135
126487,0.0454602,0.579992
132409,0.0457416,0.589325
121872,0.045829,0.579013
129253,0.0481085,0.596942
127280,0.0448039,0.58761
122409,0.045268,0.58916
125323,0.0484858,0.581386
125405,0.0513231,0.571253
127846,0.0444461,0.581579
127849,0.0411231,0.572871
124924,0.0423015,0.57296
132569,0.0435873,0.583028
127278,0.0453367,0.568865
111256,0.046122,0.591186
121016,0.0464376,0.590195
126149,0.0477567,0.581666
119168,0.0440145,0.576954
128091,0.0417809,0.588508
128167,0.0453917,0.57825
127415,0.0454625,0.571695
129393,0.0457292,0.577964
128482,0.0437903,0.590927
118160,0.0498604,0.57164
128099,0.0484797,0.588869
123856,0.0471739,0.580456
127145,0.0412762,0.576004
124851,0.0471051,0.584276
122093,0.0462829,0.583154
117488,0.0538395,0.57165
124083,0.0433187,0.569575
127900,0.0487526,0.580254
125782,0.0485046,0.593622
118187,0.0497002,0.585103
125411,0.0434129,0.585033
119422,0.0440429,0.565043
127635,0.0502363,0.580123
129593,0.042221,0.57233
122429,0.049489,0.580332
121127,0.0450443,0.598347
127419,0.0450025,0.57265
117297,0.0468202,0.572035
122116,0.0463608,0.585792
124738,0.0482498,0.577867
129033,0.0408631,0.5837
118207,0.0437325,0.5711
127607,0.0482745,0.576563
123428,0.0473008,0.574861
125236,0.0512096,0.593412
122694,0.044715,0.58269
127385,0.050287,0.578502
130767,0.0425202,0.579905
124578,0.0460303,0.586367
124859,0.0472655,0.586722
133626,0.0448641,0.597339
125082,0.0457377,0.584604
128179,0.0462078,0.580391
125142,0.0429184,0.585076
121801,0.041327,0.592212
133123,0.050103,0.587535
121053,0.0465835,0.58519
120915,0.0498624,0.580114
122762,0.0448537,0.588183
131976,0.0471837,0.584148
126949,0.0447353,0.576314
127407,0.047227,0.578991
129662,0.0468177,0.585719
136521,0.0461572,0.591685
107428,0.0474108,0.585639
124607,0.0481319,0.593835
121996,0.0442105,0.578068
120969,0.0430512,0.572932
123811,0.0454068,0.585736
126149,0.0459424,0.575577
122563,0.0456728,0.587363
131459,0.0505433,0.592478
96750,0.0508989,0.577323
128255,0.0455595,0.583973
129169,0.0447457,0.581443
125768,0.0430949,0.588723
124785,0.0402237,0.580354
114668,0.0502174,0.588302
124018,0.0427424,0.587044
121062,0.046035,0.569159
113941,0.0454352,0.590213
123851,0.0483494,0.589176
126435,0.0487065,0.589603
124103,0.0473173,0.583414
130268,0.0506135,0.574251
127855,0.0450611,0.58248
122727,0.0483957,0.592282
122588,0.0462943,0.587582
127477,0.0535414,0.576371
131547,0.0495143,0.596224
129801,0.0455604,0.595446
128482,0.0513226,0.590308
128513,0.0456251,0.57281
125366,0.0448686,0.588034
128757,0.0428095,0.579437
123550,0.0480034,0.577503
125972,0.0463465,0.57922
128043,0.0484719,0.596464
128789,0.0420652,0.574214
124017,0.0453829,0.578683
124258,0.0450945,0.583934
129649,0.0441356,0.586615
132220,0.0419778,0.586337
105219,0.04619,0.582162
116780,0.0423626,0.581714
125942,0.0506608,0.579207
123578,0.0449122,0.585852
129908,0.0459151,0.583278
127502,0.0494629,0.580987
122548,0.0435574,0.582127
130631,0.0412033,0.589072
128529,0.0447528,0.592866
122759,0.0426102,0.587016
128055,0.0466161,0.577666
125780,0.0481425,0.575815
133742,0.0440603,0.593625
128418,0.0454698,0.583567
125813,0.0459067,0.596635
130971,0.0471506,0.59554
126243,0.0421092,0.582844
118955,0.0420724,0.582417
125308,0.0492563,0.587469
132962,0.0462635,0.586581
126393,0.0458234,0.581773
124867,0.0468596,0.586388
125898,0.0506232,0.57257
122905,0.0490884,0.571067
128015,0.0478126,0.583268
123866,0.0507262,0.580131
122665,0.0418478,0.577675
127506,0.0462152,0.587776
126155,0.0435125,0.587737
132132,0.0429686,0.584162
125775,0.0482981,0.581562
130061,0.0434471,0.577671
126842,0.0486022,0.587561
129435,0.0470796,0.579526
117072,0.0466986,0.575911
124018,0.0492451,0.57428
117627,0.0445855,0.571166
123036,0.0476226,0.584162
134071,0.0409153,0.594249
125647,0.0473147,0.596604
120587,0.0457016,0.599559
118204,0.0470393,0.58737
127957,0.0512624,0.588725
129853,0.0450515,0.574758
131693,0.047157,0.58366
124892,0.0482505,0.577968
121602,0.0492442,0.582363
98135.3,0.0514221,0.574193
127768,0.0415123,0.581167
125112,0.0471645,0.575393
129322,0.0460849,0.605817
127238,0.0418188,0.603362
132824,0.0481329,0.586464
121099,0.0470952,0.589225
127416,0.0447432,0.590542
128598,0.0451437,0.58123
123939,0.0481423,0.590521
128933,0.046394,0.576986
133305,0.0412691,0.58455
122706,0.0416606,0.582046
125888,0.0406377,0.58813
132748,0.0458137,0.590943
122756,0.0436737,0.571145
123904,0.0501538,0.594101
118970,0.0449516,0.580629
122016,0.0423237,0.578441
124959,0.0453758,0.581083
126243,0.0486298,0.578967
124398,0.0516106,0.572739
126913,0.0443921,0.582423
127672,0.0468712,0.583139
124307,0.0535039,0.582787
133597,0.0451743,0.587547
125129,0.0475692,0.577604
116330,0.0440287,0.581101
130094,0.0446321,0.572029
123247,0.0431827,0.573243
123522,0.0454975,0.589333
132173,0.050042,0.589496
125067,0.046168,0.584143
123069,0.0430815,0.568754
118794,0.0526545,0.589394
109840,0.0462884,0.580257
120105,0.0484126,0.594876
134093,0.049404,0.591377
127114,0.0486779,0.582733
118590,0.044661,0.578519
121184,0.0419229,0.58872
134309,0.0513164,0.595452
123613,0.0457608,0.570818
130410,0.0464402,0.598723
134380,0.0428708,0.576972
127374,0.0452527,0.584695
124434,0.0444502,0.589891
124673,0.0494766,0.588062
121163,0.0498169,0.571297
123818,0.0453143,0.588142
125170,0.0382012,0.57499
128744,0.0483203,0.573301
124733,0.0462815,0.584886
120464,0.0428796,0.585192
127329,0.0436082,0.589756
128442,0.043583,0.587612
124505,0.0489659,0.583302
95675,0.0496555,0.571612
131357,0.0459662,0.593832
120672,0.0417607,0.584249
129962,0.0458418,0.581181
121701,0.0411684,0.574313
130452,0.0437716,0.582241
132047,0.0466029,0.598025
127481,0.0474622,0.580208
130328,0.0460224,0.596771
127134,0.0472318,0.571712
128865,0.0451858,0.586443
120219,0.0488641,0.57901
122534,0.0513741,0.582169
127266,0.046289,0.592923
123296,0.0455437,0.584378
128781,0.0523221,0.588111
122345,0.0464249,0.579954
127361,0.0483602,0.571627
118947,0.0495278,0.576925
127425,0.0432165,0.569359
121402,0.047003,0.585777
118676,0.0482012,0.582093
126877,0.0454506,0.581299
123570,0.0473927,0.586546
125439,0.0453079,0.590941
121249,0.0447807,0.582562
134423,0.0477427,0.586585
124935,0.0452412,0.568972
128547,0.0489871,0.589042
126331,0.0475836,0.579062
123248,0.0480615,0.587409
123099,0.0434995,0.589452
124286,0.0468977,0.578581
126136,0.0440019,0.579537
116876,0.0484559,0.589013
128415,0.0476411,0.573122
123532,0.0447225,0.572228
128710,0.0440022,0.583474
118634,0.0478603,0.588377
124658,0.0484938,0.584588
126702,0.0518434,0.575484
127671,0.0422155,0.586371
132766,0.0456697,0.595717
126688,0.0452793,0.57968
123995,0.0462568,0.597613
127642,0.0510985,0.57369
121397,0.0471725,0.586765
125976,0.0419953,0.575737
127549,0.0425655,0.58084
127376,0.0466034,0.589149
126940,0.043584,0.576127
131899,0.0486504,0.573814
131031,0.0439341,0.587651
129354,0.0431803,0.579329
126497,0.04859,0.590646
128195,0.0477652,0.584738
127078,0.0506918,0.592428
123961,0.0453114,0.588995
133375,0.0441326,0.598062
126739,0.0419262,0.565122
126936,0.0411733,0.585764
122611,0.0433785,0.584796
126103,0.0457673,0.586021
131498,0.0416165,0.584925
133715,0.0484155,0.58551
125899,0.045193,0.579055
127903,0.0427337,0.582242
131739,0.0508554,0.578523
133395,0.0451502,0.594786
126633,0.0502473,0.585547
126155,0.0470244,0.600289
130584,0.0479712,0.579807
124004,0.0491964,0.584352
130767,0.0459858,0.585882
130044,0.0498404,0.580969
94606.3,0.0494826,0.582632
129840,0.0486539,0.599145
128198,0.0464401,0.580247
123186,0.0474825,0.570085
126034,0.0414631,0.573246
123712,0.0488272,0.578849
127607,0.0476327,0.579141
131925,0.0459706,0.588838
116997,0.0487484,0.578233
126667,0.0484493,0.594318
120050,0.04802,0.584323
126873,0.0485913,0.586106
124775,0.0516657,0.566412
121973,0.0527086,0.584002
131590,0.043869,0.582259
129342,0.0458785,0.594691
131187,0.0475794,0.593237
125997,0.0443293,0.58959
116191,0.0438393,0.590187
126173,0.0445306,0.58549
120422,0.044231,0.585147
131745,0.0484919,0.595267
114015,0.0460173,0.581516
128798,0.0417513,0.598429
122499,0.0441776,0.579339
130124,0.0502866,0.575678
123464,0.0546532,0.591092
129402,0.0471351,0.583028
127134,0.044943,0.580671
127680,0.0439176,0.584657
127674,0.0418254,0.5761
128777,0.0473399,0.592214
130121,0.044458,0.592883
130219,0.0447974,0.588835
124357,0.0434166,0.580309
116276,0.0488532,0.583315
128998,0.0438435,0.583629
129305,0.0447069,0.59278
121447,0.0471008,0.573193
130223,0.040839,0.566355
125070,0.0460771,0.564999
124561,0.0469731,0.583433
129982,0.0467498,0.585873
127235,0.0447083,0.582964
124459,0.0479498,0.591806
121718,0.0462242,0.581882
128320,0.0468011,0.592297
113787,0.0431535,0.581398
120483,0.0435335,0.587589
126852,0.0514701,0.57534
126030,0.0427368,0.592728
124577,0.0516005,0.595985
126899,0.0447165,0.585067
122320,0.0426275,0.581822
127456,0.050249,0.59943
117587,0.0474843,0.582943
122941,0.0460524,0.583145
131300,0.0393548,0.578762
129552,0.0474664,0.569127
124108,0.0465391,0.591118
127755,0.0432798,0.591953
123186,0.0508497,0.578268
119038,0.0431114,0.579983
125356,0.048777,0.589445
130143,0.0450862,0.58778
130341,0.0453497,0.585621
127711,0.0460156,0.585443
122491,0.0488065,0.589688
127895,0.0452647,0.577767
127642,0.0439389,0.584381
125890,0.0451546,0.575792
126600,0.0475041,0.587429
124465,0.0439597,0.578058
122537,0.0467047,0.56811
125184,0.0444125,0.592213
122347,0.0475121,0.583868
123481,0.045105,0.582539
123894,0.0468205,0.591191
126197,0.047212,0.581139
123668,0.0436993,0.570451
124844,0.0481791,0.578214
132313,0.0455636,0.590301
125588,0.0460004,0.586421
124430,0.0482271,0.591545
126209,0.0484317,0.577669
127408,0.0462728,0.584202
125758,0.0449735,0.581593
128532,0.0472943,0.573775
117321,0.0431449,0.586199
123971,0.0406828,0.585246
123918,0.0450086,0.58276
127558,0.0449603,0.576926
124103,0.0469454,0.578943
120212,0.0504622,0.573113
119719,0.0468215,0.586231
125593,0.0426687,0.577723
128619,0.0427378,0.590014
127219,0.042632,0.583844
128779,0.0478386,0.578631
119715,0.0440315,0.584964
127191,0.0502512,0.58523
121256,0.0469608,0.587612
119728,0.04866,0.570355
120181,0.0462923,0.586337
128247,0.044632,0.582442
126733,0.0453807,0.584311
132171,0.0440981,0.586834
123532,0.0475748,0.594518
123896,0.0475274,0.578114
120104,0.042748,0.582475
130564,0.0472438,0.591396
128435,0.0445994,0.587562
125065,0.0483791,0.585483
103514,0.0471657,0.592239
121752,0.0449566,0.572159
124989,0.0454187,0.59374
125030,0.0496103,0.568867
127108,0.0432941,0.5818
130786,0.0373377,0.582711
127875,0.0473521,0.591589
127797,0.043883,0.579087
119189,0.0465294,0.577977
122831,0.0446731,0.581893
129633,0.0477519,0.581538
126817,0.0438873,0.584563
113199,0.0441791,0.56841
132062,0.0436259,0.582121
126605,0.046653,0.585502
123919,0.0433902,0.572233
124093,0.0496086,0.571757
127658,0.048748,0.583884
129798,0.0461301,0.589373
131309,0.0438672,0.59831
125086,0.0507103,0.58437
129547,0.0473566,0.578458
118164,0.0454517,0.579043
132750,0.041302,0.584979
100948,0.0441043,0.579799
127267,0.0407978,0.583832
122414,0.0465345,0.580812
123266,0.0441017,0.566344
126328,0.0454701,0.579436
121644,0.0454018,0.589256
124139,0.0426208,0.57432
127864,0.0446264,0.595762
125572,0.0395116,0.587332
123762,0.0401158,0.577936
131888,0.0425407,0.586771
120725,0.0421554,0.592164
130631,0.0423265,0.592765
130731,0.0438539,0.593788
128339,0.0414895,0.580315
120913,0.0481676,0.578813
123301,0.04835,0.582299
122378,0.0484708,0.571774
124151,0.0458345,0.575561
123455,0.0481679,0.590114
129399,0.049074,0.572725
126860,0.0460412,0.574992
133559,0.0507051,0.589017
124792,0.0478268,0.577886
124053,0.0515711,0.581377
117125,0.0523497,0.571705
129035,0.0439942,0.590332
124044,0.0476098,0.585336
125497,0.0448941,0.579635
126343,0.0436715,0.575244
125292,0.0467935,0.592867
123133,0.0478221,0.59227
124648,0.0484125,0.586383
131047,0.0439632,0.583317
130865,0.0474922,0.574909
127408,0.0466003,0.589394
127255,0.046053,0.575895
128115,0.0427464,0.576283
125546,0.0448064,0.589501
125638,0.0425666,0.583195
124342,0.047082,0.574641
126532,0.0443964,0.593123
131683,0.0488147,0.586314
128449,0.0497373,0.579713
120178,0.0488678,0.576282
123922,0.0411703,0.560115
122864,0.0457482,0.584814
128663,0.0464632,0.584959
126621,0.044624,0.573475
114338,0.0462807,0.582693
128115,0.0509248,0.583659
121011,0.040876,0.586244
125341,0.0474338,0.575187
127863,0.0497894,0.587766
129163,0.046877,0.583197
118614,0.0498711,0.568006
112759,0.0429613,0.569649
128668,0.0456916,0.592591
123640,0.0459279,0.586449
122539,0.0440417,0.565685
122889,0.0507172,0.582831
126696,0.0519887,0.570511
121598,0.0475643,0.591383
126409,0.0421643,0.582656
122391,0.0462717,0.582498
128846,0.0511422,0.59504
126819,0.045321,0.585737
122333,0.045138,0.575143
125743,0.0462311,0.573452
122686,0.0468635,0.592097
120282,0.0444977,0.568431
117907,0.0469056,0.574644
120651,0.0457384,0.577662
126178,0.0476242,0.590511
120585,0.0469873,0.579977
127156,0.0517752,0.588691
111920,0.0503775,0.595072
128487,0.0430946,0.589884
119821,0.0487737,0.589542
129696,0.0474685,0.590893
127410,0.04388,0.583133
132938,0.0439005,0.582181
128194,0.0490392,0.579064
130538,0.0451475,0.59161
133876,0.0459864,0.583873
127861,0.0463449,0.578679
130578,0.0476807,0.586129
128364,0.0483146,0.57938
125189,0.0446304,0.590032
127987,0.0478921,0.586536
128943,0.047603,0.590594
128614,0.0415152,0.580011
128292,0.0439962,0.587839
124316,0.0450913,0.592559
136859,0.0451252,0.593976
130726,0.0468992,0.586291
126587,0.0461167,0.580293
125291,0.0472708,0.572619
128963,0.0434973,0.580942
130676,0.0434334,0.578243
132421,0.052276,0.593592
118322,0.0463848,0.578515
126690,0.04431,0.577571
125729,0.0497857,0.568878
126030,0.049895,0.581738
131238,0.0483016,0.589764
129593,0.045006,0.583014
128200,0.0448034,0.574282
132470,0.0453959,0.593146
126868,0.0482407,0.596707
126506,0.0453204,0.595442
130263,0.0475483,0.606688
113524,0.046447,0.581388
114935,0.0454155,0.577152
126149,0.0464092,0.57006
130075,0.0460966,0.588138
130411,0.044848,0.580265
130920,0.0467666,0.585472
122690,0.0433969,0.582464
118076,0.0445175,0.588854
130538,0.0462799,0.581754
124752,0.0476455,0.578768
127633,0.0526022,0.592421
131571,0.0435647,0.596138
125148,0.0470745,0.592846
121727,0.0510517,0.590383
126320,0.045181,0.579579
127709,0.0465752,0.597229
132532,0.0440248,0.5875
132681,0.0487712,0.600915
128926,0.0453142,0.585724
130726,0.041377,0.573256
125947,0.0454322,0.587545
128716,0.044699,0.57158
127613,0.0438706,0.59166
128067,0.0473682,0.571896
125862,0.041653,0.579067
127546,0.0479109,0.598106
119567,0.0556903,0.600659
127085,0.0448921,0.581485
126693,0.0488775,0.583888
124724,0.0486653,0.581448
130084,0.0414765,0.599128
124039,0.0539751,0.579064
127075,0.0467901,0.588987
114965,0.0494202,0.583365
125545,0.0462059,0.565992
126073,0.0466954,0.574322
125490,0.0496022,0.585884
129239,0.0456982,0.584317
114242,0.0447016,0.584483
124806,0.0470089,0.605195
118893,0.048609,0.592369
127745,0.0485455,0.571901
124596,0.0490481,0.577695
128023,0.0533559,0.577564
125153,0.0463434,0.580789
134103,0.0489911,0.58495
120897,0.0460247,0.567934
122058,0.0454933,0.567652
124389,0.048499,0.587166
132739,0.0504471,0.595834
126795,0.0523605,0.600872
124420,0.0468421,0.577435
132840,0.0455285,0.586882
123819,0.0461601,0.581902
123906,0.0550188,0.586651
121809,0.0432483,0.579341
122353,0.0470056,0.591629
130499,0.0446103,0.58551
126076,0.0535345,0.576204
127918,0.0465698,0.567575
131437,0.0480504,0.58735
114796,0.0451879,0.589093
123672,0.0439464,0.576076
126382,0.0451247,0.573583
118801,0.0494199,0.569073
124740,0.0458588,0.591202
120475,0.0503088,0.58747
126479,0.0441055,0.579982
123440,0.0494204,0.586289
126027,0.0490884,0.576567
127664,0.046138,0.585791
126656,0.0498904,0.584962
128671,0.046176,0.576047
125079,0.0429043,0.587645
127600,0.0487705,0.584538
128591,0.0463374,0.577362
125648,0.0449548,0.58761
95081,0.0489615,0.596765
122447,0.0501715,0.57979
138414,0.0447509,0.595446
120332,0.0513332,0.573825
126813,0.0499107,0.578458
130708,0.0424098,0.581957
127359,0.0458415,0.571617
124477,0.0462902,0.578356
123133,0.0470874,0.582338
121002,0.0474862,0.578606
133082,0.0447862,0.585444
130394,0.0416478,0.574034
109993,0.0461494,0.587487
129213,0.0485554,0.594128
134941,0.0441797,0.586167
126510,0.0444256,0.589246
122426,0.0416333,0.584758
131993,0.0438802,0.581917
118672,0.0419711,0.583457
118960,0.046362,0.597953
125465,0.0502893,0.589252
124590,0.0413446,0.576531
125258,0.0425878,0.607498
124683,0.041858,0.583464
125415,0.0486125,0.596886
125980,0.0426151,0.593181
130666,0.0459233,0.588298
122411,0.0398028,0.583383
126844,0.0499926,0.578364
115777,0.0452476,0.582318
122402,0.0509546,0.592282
127811,0.044566,0.584183
124985,0.0465756,0.581338
123219,0.0475407,0.5772
126826,0.0488744,0.596057
125357,0.046078,0.587075
131485,0.0510107,0.582226
129632,0.0487684,0.589526
128488,0.0469791,0.586382
129401,0.0513433,0.588342
128293,0.0460632,0.579568
128411,0.0452926,0.583171
129590,0.0411485,0.58621
124607,0.0453814,0.598618
128648,0.0476519,0.570941
123595,0.0473779,0.568465
120887,0.0501333,0.57615
126979,0.0495674,0.585833
126896,0.0450712,0.58319
125918,0.0518135,0.564617
124860,0.0441445,0.587366
122207,0.0476407,0.572619
120304,0.0451691,0.584049
126836,0.0458645,0.592092
129828,0.0463629,0.577198
53279.7,0.0536243,0.598246
127496,0.0412647,0.583434
104652,0.0543567,0.594393
131395,0.0479144,0.586818
116030,0.0401086,0.591382
125959,0.0461237,0.587036
127257,0.0449948,0.589056
122345,0.0491583,0.589644
115556,0.0453154,0.588883
131595,0.0452919,0.587732
120231,0.0488348,0.571387
132558,0.0450719,0.571056
132531,0.0491319,0.592978
124105,0.0446169,0.570412
129215,0.0409617,0.587296
123039,0.0507553,0.595006
124064,0.0468391,0.576271
128319,0.0465684,0.576731
127920,0.0481567,0.565311
121499,0.0430315,0.583005
121568,0.0429524,0.587165
111398,0.0441349,0.571958
126653,0.0493883,0.576232
128317,0.0458288,0.578859
126885,0.0455562,0.580991
113698,0.0473897,0.578541
100933,0.0433712,0.587727
129302,0.0454181,0.583912
130142,0.0460466,0.583647
125415,0.0482362,0.5831
134202,0.0432076,0.581962
126737,0.0454575,0.580947
126817,0.0429778,0.579469
120597,0.0463782,0.572701
120409,0.0470784,0.586264
130436,0.0492412,0.581208
126452,0.0508648,0.585594
123947,0.0519631,0.577989
127684,0.0472693,0.585848
134901,0.0500044,0.588547
117912,0.0477798,0.583261
124192,0.045893,0.587184
126202,0.0487353,0.578679
118595,0.0468243,0.565901
125849,0.0456259,0.589154
125835,0.0466234,0.570521
124649,0.0463636,0.586571
131156,0.052123,0.595143
121989,0.0478136,0.585676
121009,0.041981,0.567532
122427,0.0465097,0.569715
127188,0.0420019,0.591207
123867,0.0476225,0.590512
129311,0.0470273,0.578354
129244,0.0460169,0.573493
113928,0.0483076,0.570453
124433,0.0461901,0.560491
125905,0.0459063,0.572138
124601,0.0450976,0.574919
129367,0.04216,0.585694
122140,0.0468646,0.570669
122201,0.0505729,0.579394
127862,0.0416902,0.582131
120232,0.048822,0.580374
129825,0.0492613,0.588515
127336,0.0434082,0.571947
123396,0.0462198,0.576368
121568,0.0477505,0.5775
129085,0.0433971,0.586075
129205,0.0435726,0.588828
123263,0.0421236,0.582876
128954,0.0445058,0.578241
120191,0.0467988,0.572718
93296.7,0.0489759,0.589917
122027,0.0448962,0.594692
128754,0.0480015,0.578285
123416,0.045271,0.590535
118016,0.0459516,0.586357
131147,0.0514689,0.591501
122607,0.0440294,0.585738
125252,0.0411218,0.591867
128303,0.0428859,0.583926
123745,0.0439386,0.573158
131334,0.0458463,0.594702
124921,0.0466549,0.57359
125632,0.0406706,0.591696
132777,0.0474403,0.575894
127397,0.0467486,0.596556
129772,0.0469158,0.576338
127063,0.0432189,0.58336
119680,0.0496174,0.564935
124464,0.0456283,0.577275
124682,0.0454589,0.574834
81572.7,0.0472536,0.577869
131824,0.0457524,0.586225
120442,0.0475518,0.576273
122502,0.0501921,0.57328
124832,0.0446656,0.576399
127837,0.0467629,0.57296
125675,0.0432982,0.587575
129144,0.0489444,0.599838
129799,0.0458229,0.582913
121565,0.0503984,0.592708
106067,0.0502222,0.603576
125843,0.0497994,0.578769
126146,0.0433343,0.566047
132699,0.0518369,0.580498
133980,0.0443274,0.580866
123443,0.0484461,0.572932
129382,0.0471464,0.587512
105752,0.0398844,0.57294
127221,0.0445815,0.604991
126537,0.0459443,0.581624
122671,0.0449117,0.57909
130419,0.0432986,0.583926
121134,0.0458915,0.575095
117460,0.0491096,0.587038
129015,0.0511073,0.594779
121970,0.0406622,0.579024
129256,0.0446212,0.597786
125767,0.0429584,0.577035
128267,0.0427842,0.581954
121963,0.0480561,0.587867
128747,0.0415157,0.588453
125977,0.0451837,0.582063
126152,0.0465001,0.586234
128447,0.0458548,0.591092
132329,0.0471641,0.585321
125592,0.049722,0.581657
119964,0.0426467,0.574606
116451,0.0426254,0.569231
126006,0.045236,0.585964
122020,0.0424504,0.577618
124824,0.0486561,0.573856
119893,0.0415823,0.575025
130403,0.0453625,0.590635
129450,0.0510673,0.596323
127854,0.0470728,0.592692
115231,0.0479059,0.570984
124454,0.0465977,0.570761
126491,0.0464945,0.589354
125626,0.0433137,0.584071
114636,0.0455383,0.580062
122221,0.049639,0.57232
115558,0.0429903,0.574287
123628,0.0459124,0.575481
128219,0.0437348,0.580249
131949,0.0454708,0.593134
122931,0.0436606,0.584499
124976,0.0470552,0.59327
130124,0.0475829,0.591217
124324,0.0525699,0.595484
126102,0.0411339,0.591783
125696,0.0526026,0.583722
121781,0.0449879,0.579972
121937,0.0544204,0.58326
128212,0.0456583,0.572064
128380,0.0494556,0.581886
124256,0.0456711,0.603533
117450,0.0459297,0.579263
123407,0.0460662,0.575677
130273,0.0462183,0.590595
127129,0.0436896,0.589052
123720,0.0415449,0.58143
127688,0.0451479,0.589523
127936,0.0462542,0.589228
129912,0.0468333,0.58017
121039,0.0423199,0.582114
126000,0.0482942,0.582004
125470,0.0488145,0.58251
122404,0.0461829,0.58331
122578,0.04317,0.581699
118017,0.0477582,0.588241
128625,0.0491,0.588109
125623,0.0459898,0.587811
126682,0.0479866,0.590218
130955,0.0445153,0.572426
123427,0.043019,0.597426
128065,0.0432293,0.577991
125369,0.0420321,0.586584
132661,0.0487307,0.593245
125409,0.0446181,0.581486
125747,0.0451907,0.576367
127948,0.047937,0.594683
134758,0.0480445,0.591193
130334,0.0494999,0.588799
127008,0.0454474,0.588817
129961,0.0521575,0.586726
128022,0.045781,0.579701
128983,0.0461841,0.584503
126425,0.0483892,0.580261
120349,0.0448703,0.571434
129443,0.0487128,0.577841
127810,0.0480892,0.607273
130272,0.0462654,0.578643
119756,0.0443122,0.590012
123591,0.0465933,0.593777
131408,0.04407,0.593308
128621,0.0401399,0.582751
128869,0.0399923,0.587667
128280,0.0449722,0.590057
121405,0.042855,0.580318
128155,0.0448414,0.581534
126085,0.0474893,0.576893
128972,0.0426661,0.581316
126434,0.0461611,0.581232
126992,0.0493131,0.581218
129274,0.0491694,0.567999
121905,0.0431709,0.59612
128706,0.0438495,0.586915
126262,0.0437939,0.571926
129978,0.0454419,0.582033
115231,0.0431026,0.566948
131500,0.0450543,0.591494
126260,0.0452642,0.577463
126569,0.0455024,0.583228
120212,0.0494949,0.57869
122230,0.0461382,0.57816
121382,0.0483485,0.591162
122921,0.0461807,0.573543
130641,0.0430093,0.579317
130695,0.0458122,0.592077
126970,0.0450934,0.573639
123334,0.0531644,0.581077
123943,0.0484362,0.575664
124603,0.0417293,0.572679
125857,0.0473182,0.593618
132104,0.0448765,0.595792
119895,0.0437344,0.591484
118230,0.0529601,0.574749
121915,0.0426168,0.586376
127153,0.046551,0.578669
137335,0.0506139,0.597998
126716,0.0449542,0.573547
132001,0.0427271,0.599189
125023,0.0463359,0.570619
129772,0.046469,0.581944
121000,0.0428135,0.582632
127535,0.0422665,0.580582
127478,0.0486248,0.570699
126129,0.045489,0.595359
119070,0.0507365,0.587873
125116,0.0401956,0.573368
112924,0.0438177,0.596516
126951,0.0427969,0.594336
123423,0.0478516,0.568792
122789,0.0411563,0.58013
128741,0.0505794,0.592442
126457,0.0440134,0.582174
126385,0.0439891,0.580334
128620,0.0440817,0.578522
118935,0.049257,0.577395
129077,0.0473865,0.58063
131089,0.0505391,0.594802
123088,0.0485784,0.588636
120838,0.0451375,0.579785
128821,0.0427747,0.579711
128221,0.0489008,0.582564
120187,0.0464081,0.601729
131862,0.0470554,0.585434
129578,0.0427031,0.5864
129796,0.048537,0.588512
124922,0.0443888,0.59283
125447,0.03947,0.572732
123139,0.0492052,0.586804
130610,0.0461756,0.585962
121153,0.0450572,0.58162
125678,0.047129,0.586423
120578,0.045598,0.577215
122526,0.0538307,0.581264
128085,0.045406,0.581387
124842,0.0478504,0.589405
115711,0.0455237,0.590778
125742,0.0495359,0.583087
120913,0.0401882,0.575893
127609,0.0456884,0.574564
129347,0.0443297,0.582348
130296,0.0414625,0.574369
126395,0.0420185,0.58907
131645,0.0422813,0.595287
104354,0.0523036,0.582877
124665,0.042922,0.58299
128028,0.0447488,0.588707
121590,0.0438123,0.580858
119417,0.041084,0.578875
123503,0.0425044,0.575387
124104,0.0442832,0.58196
117718,0.0466033,0.590008
127392,0.0516862,0.59576
124805,0.0458837,0.588234
122746,0.0473921,0.589237
132622,0.0371143,0.590509
130451,0.0458581,0.593468
121138,0.0455801,0.589349
126441,0.0439958,0.590461
124812,0.0470112,0.589022
125398,0.0472757,0.588977
123116,0.0434246,0.589172
122651,0.0490959,0.574541
118468,0.0460665,0.57502
131204,0.0471261,0.585253
120634,0.0447464,0.575625
123883,0.0459353,0.581092
132082,0.0482658,0.588018
131870,0.0453263,0.584557
123528,0.0460409,0.563123
129844,0.0452853,0.576476
124979,0.0459605,0.578185
130654,0.0448017,0.574874
124850,0.0417601,0.586632
122839,0.0423039,0.585526
122663,0.0442265,0.580795
127189,0.0427896,0.58803
126469,0.0482197,0.581399
123862,0.0476549,0.581885
126984,0.0476654,0.586692
133165,0.0452301,0.580299
127611,0.0490366,0.5808
124303,0.0437006,0.596132
131674,0.0430288,0.569342
122868,0.0457327,0.586731
133234,0.0424076,0.585613
128312,0.0453198,0.575469
127246,0.049973,0.596415
127861,0.0483924,0.583665
124905,0.0454976,0.583783
128270,0.0452068,0.576226
126516,0.0445541,0.583776
128708,0.0444953,0.592477
126664,0.0452569,0.584594
120954,0.0463211,0.580349
119854,0.0461831,0.584983
117012,0.0489277,0.57712
121190,0.0503867,0.592029
123032,0.0454375,0.588713
125211,0.0451052,0.585487
122280,0.0453772,0.575135
99259.7,0.0459923,0.580481
118970,0.0540179,0.574523
123376,0.0450137,0.571926
129810,0.0502822,0.594685
126956,0.045921,0.576235
127951,0.0410225,0.592567
125503,0.0449598,0.581409
116166,0.0516164,0.581896
122983,0.0416585,0.579934
125196,0.0444562,0.580798
119007,0.046134,0.573971
118458,0.0483227,0.569522
128509,0.0451049,0.590468
127209,0.0427595,0.579935
122624,0.0523068,0.580205
127946,0.0427878,0.56475
127008,0.050512,0.58651
123693,0.0426493,0.580259
124681,0.0532329,0.579571
122792,0.0437283,0.57347
128824,0.0420874,0.576131
127848,0.0440336,0.586748
129189,0.0442979,0.577081
123733,0.042029,0.580633
130641,0.0435117,0.581839
127626,0.0444021,0.579326
120111,0.0486888,0.588102
117810,0.0501373,0.584343
127913,0.0481896,0.597762
130148,0.0439633,0.581284
125707,0.0450075,0.590436
115120,0.0543577,0.601272
124975,0.0499099,0.56935
125517,0.0459402,0.591884
117969,0.0422874,0.578385
107309,0.0495205,0.581913
119543,0.0422101,0.574513
127612,0.0466819,0.582669
101828,0.0475847,0.574101
129599,0.0448552,0.581062
128498,0.041692,0.579737
131505,0.0417762,0.58359
129228,0.046455,0.581004
126777,0.0505578,0.5847
125640,0.0441666,0.580046
129067,0.047208,0.572009
124508,0.0525949,0.589569
129669,0.0468784,0.579152
123690,0.0432334,0.585561
120976,0.0442942,0.583327
133665,0.0428079,0.591748
126946,0.045059,0.577864
130476,0.0432571,0.578577
122570,0.0486049,0.573317
128815,0.0487675,0.5916
122847,0.0506683,0.578073
124424,0.0450628,0.591502
127315,0.0458083,0.581267
127098,0.04587,0.581996
129369,0.0469029,0.583575
127729,0.0449566,0.59434
131476,0.046593,0.585278
132174,0.042165,0.591429
132279,0.0454096,0.571341
126958,0.0461524,0.590301
120927,0.0473737,0.570943
127937,0.0482337,0.581696
130770,0.0459996,0.574294
120874,0.0447173,0.578599
125260,0.046922,0.587231
125120,0.046604,0.582005
131218,0.0490613,0.602208
128468,0.0470628,0.581931
124984,0.0437239,0.573582
123875,0.0460941,0.583039
126401,0.0438846,0.569363
116568,0.0489048,0.578688
124860,0.0438125,0.598342
125985,0.0482686,0.585796
125975,0.0415792,0.572189
126460,0.0451137,0.583248
125767,0.0505289,0.577898
126937,0.0400242,0.58442
127691,0.0426111,0.583969
124159,0.0458798,0.584971
121744,0.0440112,0.584826
128363,0.0436138,0.599943
121187,0.0468728,0.581494
129015,0.0428371,0.583797
119551,0.0484622,0.586511
124835,0.0397204,0.592554
127533,0.0440598,0.590095
124403,0.0435278,0.579267
133357,0.051832,0.590187
123663,0.0470526,0.57949
122877,0.0399453,0.584902
125064,0.0420495,0.580859
121143,0.0504701,0.582291
129280,0.0481365,0.575816
121748,0.0486942,0.576137
127608,0.0507602,0.593552
124277,0.0442774,0.567032
102420,0.0470656,0.591657
125348,0.0466682,0.593851
130009,0.0454337,0.587833
129229,0.0472997,0.593647
127614,0.0452002,0.587518
129699,0.0450079,0.573671
127419,0.0426673,0.578175
122701,0.0477636,0.570472
125723,0.0455532,0.588981
119155,0.0450267,0.586752
123390,0.04163,0.589881
124978,0.0472421,0.604326
130135,0.0438991,0.588262
127100,0.0452943,0.573663
129337,0.0466229,0.597389
104148,0.051224,0.579761
127547,0.0498463,0.586019
122211,0.0392283,0.585606
129612,0.0513892,0.572952
126658,0.048958,0.589086
124203,0.0484341,0.592591
119033,0.045734,0.580793
126697,0.043809,0.595708
107154,0.0416724,0.584402
122294,0.0491345,0.592837
124942,0.041118,0.570364
127301,0.0460411,0.583581
126813,0.044161,0.588682
121109,0.0435168,0.574124
100802,0.0518684,0.588078
127831,0.0460882,0.578823
125144,0.0470725,0.589285
125429,0.0434322,0.596174
124499,0.0491941,0.589033
124344,0.046603,0.579674
134018,0.0415929,0.58347
128846,0.0478832,0.582994
128639,0.0412375,0.578265
141595,0.0395697,0.586444
128053,0.0455818,0.57821
129667,0.0439894,0.57402
122834,0.0456723,0.579501
127738,0.0444394,0.585335
126855,0.0447993,0.579827
126418,0.0457616,0.580705
121564,0.0459537,0.588365
125615,0.0475823,0.580894
121487,0.0420238,0.579984
121143,0.041081,0.571614
129002,0.0479913,0.588739
128722,0.0503369,0.58257
119319,0.0477692,0.56835
124211,0.0482653,0.594931
132729,0.0486354,0.583249
126423,0.043884,0.591237
113427,0.0497345,0.565945
127776,0.0485323,0.580919
122001,0.0481712,0.568459
126320,0.0514727,0.597724
122644,0.0471249,0.582307
128194,0.0481653,0.580316
118795,0.0495517,0.57571
123807,0.0445325,0.57733
127415,0.0476379,0.588455
121645,0.0452724,0.58713
132888,0.04815,0.575944
130469,0.0436545,0.59549
124393,0.0418201,0.57822
120320,0.0499736,0.572477
121703,0.0524298,0.575015
123992,0.0458093,0.570609
116486,0.0473296,0.584169
129135,0.0444568,0.582959
130990,0.0434322,0.589911
121209,0.0477369,0.576991
124670,0.050243,0.577794
129390,0.0480693,0.59396
128980,0.0479314,0.585335
120993,0.046341,0.592778
123095,0.0465921,0.584301
125959,0.0469683,0.574743
118144,0.0472223,0.570368
123025,0.0522125,0.595281
123837,0.0460572,0.579899
119857,0.0488722,0.593745
127768,0.0471612,0.58605
128864,0.0480289,0.58015
122858,0.0445411,0.58717
126043,0.0470594,0.572166
126877,0.0496659,0.583081
121603,0.0464185,0.578012
130317,0.0475203,0.578071
118235,0.0417542,0.571959
127820,0.0427904,0.579119
128390,0.046948,0.59257
127276,0.0421138,0.5857
128100,0.0420579,0.583712
122723,0.0442011,0.571837
133740,0.0447287,0.596228
131243,0.0499825,0.583498
131849,0.0426476,0.577566
111359,0.0479913,0.591146
124525,0.04248,0.582152
129966,0.0468972,0.579228
126197,0.0474458,0.585169
128007,0.0414782,0.580562
130987,0.0466524,0.594082
132841,0.0405301,0.59185
129168,0.0474091,0.594726
123568,0.0495107,0.59551
116292,0.0475235,0.575281
129889,0.0458716,0.597017
129908,0.0490031,0.591957
130826,0.0468205,0.5883
125577,0.0459426,0.580401
114421,0.0457189,0.585754
128007,0.0446505,0.584128
123044,0.0473179,0.572564
127735,0.0464803,0.589882
125068,0.0482577,0.577714
125227,0.0477117,0.581947
130720,0.0478905,0.596584
122297,0.0486461,0.575406
126447,0.0440217,0.593573
122503,0.0440655,0.592357
132012,0.0432959,0.592503
118463,0.0482306,0.59725
131656,0.0474618,0.585742
128022,0.0451675,0.580818
131662,0.0486062,0.590873
123274,0.0472467,0.581347
125970,0.0465143,0.591018
122977,0.0507013,0.580633
129891,0.0463352,0.589352
129259,0.0430689,0.57584
120477,0.044873,0.582082
125996,0.0507662,0.582514
122420,0.0488235,0.580318
129082,0.0502597,0.585198
121716,0.0451877,0.569781
128457,0.0422419,0.584994
126282,0.0438284,0.585194
127537,0.0437816,0.583027
125588,0.0429132,0.573737
125559,0.0453286,0.587242
126101,0.0467552,0.584131
133966,0.0474758,0.585518
110178,0.0470838,0.591184
129079,0.0364745,0.577646
124536,0.0471388,0.571268
121170,0.0454819,0.581947
123937,0.0478502,0.569499
125902,0.044524,0.584085
105831,0.0458289,0.595246
129895,0.0439099,0.582594
130051,0.04584,0.585982
124077,0.042354,0.590935
131877,0.0452933,0.590888
124105,0.0475253,0.576814
125004,0.0438519,0.598701
123111,0.0491523,0.586654
121837,0.046124,0.593334
126034,0.0461045,0.580799
120046,0.0514308,0.571098
125042,0.0537214,0.585111
128886,0.0455752,0.589474
119566,0.0484104,0.593154
127690,0.0472466,0.568067
133254,0.0470647,0.597716
122325,0.0470725,0.590954
125912,0.0477914,0.587264
117121,0.0464098,0.589207
129100,0.0500709,0.586394
122336,0.0447798,0.579666
127262,0.0446666,0.587041
119542,0.0508038,0.592967
116983,0.0458979,0.588795
128512,0.0446931,0.584261
126694,0.0473397,0.590202
126473,0.0467895,0.591063
126465,0.0447344,0.587214
125330,0.0450311,0.58158
121727,0.0431421,0.583133
129041,0.0457658,0.586968
125458,0.0424247,0.586762
125799,0.0483375,0.569977
121585,0.0411093,0.582198
131410,0.050061,0.596488
115032,0.0408341,0.581242
123076,0.050805,0.581494
122999,0.0456762,0.568232
130913,0.0415886,0.585427
124349,0.046438,0.583072
124564,0.0477235,0.58942
115034,0.04504,0.575143
111521,0.0464292,0.587706
133200,0.0469886,0.587534
125192,0.0457313,0.578448
126764,0.0445995,0.581943
131374,0.0470511,0.567064
131879,0.0480538,0.590617
120746,0.0478878,0.596376
131575,0.0452287,0.595979
127806,0.0463534,0.609865
116715,0.0487881,0.600493
126775,0.045084,0.573441
129649,0.0454244,0.587961
120794,0.0409481,0.583738
126628,0.0489476,0.577882
123499,0.0450861,0.585483
128532,0.0456664,0.586858
130639,0.049359,0.583964
127073,0.0478334,0.581
130874,0.0439962,0.600284
121782,0.0453527,0.593922
128343,0.0461758,0.581438
125354,0.0458129,0.57685
124124,0.0436731,0.579997
133818,0.0496975,0.598582
123974,0.0488187,0.574027
122867,0.0472219,0.57572
110658,0.0461565,0.577234
128479,0.048144,0.586893
123452,0.0517174,0.57641
118129,0.0520808,0.579819
127472,0.0429137,0.595378
115851,0.0431179,0.590056
129619,0.0462697,0.592124
131132,0.0481911,0.586078
126690,0.0480365,0.580764
129493,0.0420504,0.591881
130585,0.0473197,0.584665
126494,0.0445059,0.571438
126242,0.0484692,0.586306
126646,0.0467123,0.596312
134836,0.0431379,0.597793
121228,0.0466151,0.573952
125676,0.0473982,0.578126
117950,0.0413348,0.588271
129988,0.0539569,0.602144
130619,0.0470739,0.588226
129553,0.0458686,0.579261
122150,0.0433782,0.578907
120443,0.0480698,0.583023
119287,0.046731,0.567275
123492,0.0505272,0.568235
127680,0.0495093,0.596722
128200,0.0481097,0.571958
128769,0.0469489,0.575593
132039,0.0412391,0.58452
122517,0.0468226,0.58116
125697,0.0489349,0.584067
124634,0.0435932,0.583633
125127,0.0438367,0.573438
127475,0.0500538,0.596968
128610,0.0407248,0.582777
126942,0.048301,0.59136
122916,0.0450071,0.596151
127062,0.0454923,0.587772
126130,0.0443924,0.578146
132062,0.048169,0.581431
131531,0.047308,0.591423
123093,0.0414474,0.576544
120657,0.0479642,0.573154
130184,0.0450213,0.588398
130431,0.0429691,0.597941
130255,0.0468456,0.57718
118393,0.0457689,0.572627
123074,0.0441417,0.571506
125919,0.0447094,0.583879
124103,0.0441428,0.586263
127206,0.0476624,0.579686
128253,0.0470197,0.588138
131390,0.0403757,0.58025
131311,0.0481992,0.58957
122431,0.0430257,0.583737
124495,0.0498881,0.579465
130990,0.0424807,0.592217
125329,0.0486335,0.583684
125216,0.0446935,0.57971
129926,0.0466083,0.582297
116088,0.0471375,0.587248
120003,0.0497758,0.573544
118578,0.0467673,0.576338
127654,0.0428079,0.593522
120607,0.0476232,0.591591
124725,0.0469723,0.592925
127651,0.0398012,0.588531
128615,0.0486019,0.569898
128187,0.0458316,0.586811
120418,0.0455036,0.585951
121585,0.0472306,0.592145
108776,0.0476363,0.57469
120304,0.0479382,0.583804
129926,0.0462925,0.584282
119725,0.0478637,0.584569
132489,0.0501736,0.58369
124626,0.0467806,0.572364
125881,0.0472104,0.581958
123970,0.0523252,0.58275
125000,0.0410263,0.574868
124535,0.0439047,0.567925
127125,0.0483943,0.574163
131570,0.0452164,0.580474
122324,0.0475937,0.564897
123650,0.0439628,0.584711
128731,0.0430978,0.595392
116149,0.0436406,0.58434
118811,0.0413734,0.602264
128641,0.0462748,0.585563
122490,0.0479746,0.585758
127280,0.0469884,0.584511
124880,0.0455996,0.584845
130506,0.0442964,0.579249
121765,0.0436846,0.585078
123829,0.0488235,0.594901
130095,0.0426244,0.596007
130479,0.0442371,0.587753
130825,0.0472938,0.5855
124761,0.0403253,0.57964
131309,0.0437857,0.58563
126910,0.0409553,0.577689
112928,0.0448737,0.605133
123843,0.0440136,0.589234
123675,0.0448346,0.574089
129888,0.0432056,0.586086
128398,0.04872,0.581625
127202,0.0435391,0.578961
127109,0.0435528,0.582724
130191,0.0446346,0.598371
118045,0.0530797,0.568466
126937,0.051239,0.581533
132521,0.0481647,0.594657
121842,0.0465136,0.585045
127999,0.0480903,0.586571
132094,0.0461788,0.588441
124897,0.0434138,0.580763
124671,0.0460937,0.578442
129226,0.0431721,0.584863
126265,0.0450391,0.57752
118174,0.0483322,0.571924
118877,0.04059,0.577769
126855,0.0502346,0.572232
130345,0.049306,0.580659
128992,0.0452736,0.595913
126525,0.0491667,0.578569
132322,0.0427431,0.585889
125036,0.0428051,0.57771
124518,0.0523422,0.589364
129138,0.0490884,0.585513
122436,0.0476978,0.590949
128080,0.0434009,0.577175
127746,0.0455115,0.604931
129589,0.0442982,0.573216
133483,0.0499132,0.581119
128643,0.0446602,0.58826
124850,0.0486347,0.569359
124189,0.0459909,0.586372
126572,0.0490886,0.575819
124045,0.0440663,0.589375
132446,0.0434663,0.57497
123100,0.0542779,0.582043
124570,0.0455743,0.590792
127835,0.0490295,0.594966
131990,0.0460936,0.597587
132530,0.0467587,0.586131
123529,0.0425478,0.588137
126915,0.0438232,0.583674
132154,0.0500334,0.595301
121717,0.0481378,0.584327
123929,0.0455439,0.573881
127111,0.0412172,0.574915
124968,0.0454746,0.582069
130654,0.048964,0.578225
134079,0.0442319,0.587997
119766,0.0428137,0.589011
130452,0.050149,0.590056
123782,0.0420825,0.581632
109331,0.0459281,0.581742
129332,0.0476543,0.56868
128063,0.0421931,0.590268
127349,0.0438902,0.57684
120051,0.0464904,0.566343
116513,0.0457833,0.5829
123280,0.0485971,0.581104
124747,0.0439947,0.576002
126139,0.0525726,0.568583
131736,0.049817,0.59144
127442,0.0462585,0.598417
123986,0.0479317,0.587002
125791,0.0457115,0.56956
128352,0.0507566,0.585086
130758,0.0421827,0.58513
120006,0.0490625,0.575013
127490,0.0440859,0.588152
115785,0.0449272,0.575619
126588,0.0471281,0.595479
126680,0.0428717,0.596657
124638,0.0444692,0.578748
126101,0.0458183,0.575575
124997,0.0454565,0.575182
127482,0.0453444,0.589232
129967,0.0441067,0.574692
117349,0.0425077,0.568816
127604,0.0474292,0.57901
122694,0.0443353,0.591382
122825,0.0435892,0.593352
133040,0.0477561,0.590826
129843,0.042301,0.580651
128799,0.043438,0.576072
103329,0.0473539,0.595424
126747,0.0467614,0.578597
122184,0.0434578,0.588506
126058,0.0442414,0.585778
120435,0.0463391,0.586105
128955,0.0426301,0.577864
128691,0.0471714,0.581194
125900,0.0465072,0.572911
126876,0.0448433,0.583176
124261,0.0477606,0.581063
124003,0.0416695,0.582155
130435,0.0430847,0.585341
133632,0.0412621,0.588145
130235,0.0473537,0.582804
131706,0.0437975,0.570847
119015,0.0438603,0.579129
125660,0.0497433,0.577407
128906,0.0444124,0.593033
127825,0.0490996,0.573733
122615,0.0443385,0.578009
123702,0.0443773,0.586676
130467,0.0473332,0.57848
131829,0.0456155,0.579702
121001,0.0448665,0.587437
118695,0.0413769,0.592502
118757,0.0477958,0.580766
129738,0.0510415,0.57842
126536,0.0468616,0.575172
126449,0.0415025,0.575485
129583,0.0433971,0.589009
125930,0.0507349,0.576336
127796,0.0495828,0.578387
123546,0.0526074,0.569674
124702,0.0447239,0.581262
122299,0.0448421,0.592033
123930,0.041545,0.588929
127966,0.0468792,0.582053
125681,0.0480521,0.580426
131470,0.0456976,0.590983
123675,0.0508907,0.569125
105528,0.0414222,0.580296
118985,0.0429668,0.577094
121957,0.0466325,0.577445
130324,0.04528,0.595412
123825,0.0450233,0.575857
96524.7,0.0445034,0.58488
127192,0.0477466,0.588323
120903,0.0467948,0.579006
124271,0.0438938,0.575359
123686,0.0443196,0.574871
126532,0.0452885,0.594683
128970,0.0424427,0.577495
122516,0.0459239,0.591996
118585,0.0484626,0.583868
127317,0.044426,0.577083
130766,0.0518431,0.57669
123812,0.0482853,0.578793
124775,0.0510119,0.578429
122818,0.0476043,0.590438
130187,0.0463147,0.594287
126333,0.0473712,0.592822
120951,0.0473396,0.573414
124713,0.0432134,0.58289
126573,0.048928,0.583126
128822,0.0447266,0.591413
132621,0.0482804,0.583109
120803,0.0468597,0.588628
128311,0.0511071,0.577862
131733,0.0492768,0.578181
125202,0.0461279,0.582075
126492,0.0438834,0.580404
126952,0.0495057,0.580908
117251,0.046537,0.57889
123213,0.0463478,0.571263
115474,0.0476286,0.567193
117037,0.0421881,0.565073
124312,0.0466996,0.59855
121603,0.0495388,0.599117
111380,0.0450018,0.582685
128882,0.0459058,0.590707
121910,0.0440253,0.569166
118092,0.0463712,0.576584
124353,0.0433449,0.583641
122205,0.0452253,0.588838
134767,0.0470159,0.587362
123630,0.0427823,0.578593
121025,0.0481367,0.574985
125279,0.044852,0.580556
128853,0.0467579,0.585896
102507,0.0496724,0.58097
122454,0.0455908,0.564885
120502,0.0450357,0.581501
126239,0.0428246,0.589548
129967,0.0510842,0.59432
121330,0.0532866,0.580726
122275,0.04946,0.567504
130259,0.0429906,0.585361
127145,0.0417084,0.596299
129453,0.0475054,0.579044
130247,0.0454586,0.57591
129988,0.0474662,0.589412
115375,0.041498,0.584173
125017,0.0494744,0.587744
127369,0.0454085,0.591286
130343,0.0441328,0.586787
132261,0.0451966,0.583751
124542,0.0454968,0.584177
131178,0.0496399,0.584698
128850,0.0427732,0.581812
126611,0.0444367,0.576328
122992,0.0438236,0.579464
126239,0.0431611,0.586645
119527,0.0444899,0.590105
127658,0.0446675,0.583034
122251,0.0490076,0.575828
120357,0.0462069,0.576174
118840,0.0445031,0.578833
121782,0.0442001,0.57444
131235,0.0473989,0.605303
127419,0.0433319,0.573172
123380,0.041191,0.600028
127668,0.0419877,0.575113
125254,0.0392695,0.569575
122769,0.0432688,0.582936
125467,0.0513495,0.583623
121938,0.0450434,0.57528
131304,0.044925,0.582583
112553,0.047761,0.574427
109295,0.0415294,0.588618
116386,0.0486359,0.581681
121048,0.0547761,0.574297
125684,0.0445973,0.584263
120672,0.0474576,0.588944
123811,0.0460848,0.58475
124901,0.0430832,0.589767
131706,0.0456966,0.581428
127525,0.0451688,0.574871
125769,0.0434554,0.589585
129585,0.0486284,0.595953
125663,0.0435126,0.583788
131138,0.0471677,0.576382
120783,0.0483352,0.588605
132501,0.0461901,0.586199
129689,0.0482834,0.579405
127690,0.0424489,0.571669
126021,0.0480553,0.584629
131528,0.0465571,0.588061
127021,0.0448163,0.579515
124949,0.0432864,0.574535
120884,0.0453391,0.578207
120829,0.0450668,0.585617
131774,0.0446109,0.577193
124957,0.0425178,0.583253
126575,0.0452301,0.577756
124769,0.0456725,0.577964
128051,0.0512924,0.585087
132753,0.0476596,0.587953
118591,0.045867,0.580643
122631,0.0462056,0.57448
118759,0.0433765,0.576495
125934,0.0484835,0.579498
126830,0.0479943,0.587527
125390,0.0399131,0.575074
124864,0.0469432,0.577444
121800,0.0379837,0.586712
128938,0.051245,0.586061
124874,0.0466379,0.5793
113456,0.0468499,0.584301
127431,0.0473161,0.588173
130534,0.0445073,0.581569
126739,0.0470862,0.584647
112688,0.0462404,0.577413
131814,0.0486058,0.57822
130732,0.0476203,0.58309
129969,0.0458707,0.58619
125041,0.0439361,0.560716
129123,0.0508348,0.59563
124514,0.0433675,0.589821
128130,0.0454089,0.579649
120906,0.0448066,0.591224
126095,0.0532164,0.587411
120735,0.0499467,0.570332
125449,0.0439441,0.583293
112503,0.0451613,0.590655
127183,0.0409602,0.581213
124509,0.0507758,0.579484
127635,0.045764,0.590912
124061,0.0445283,0.57161
136727,0.0428333,0.584932
122676,0.0468873,0.578968
126741,0.049143,0.574573
119414,0.0457482,0.574355
126456,0.0484496,0.570076
121132,0.0455835,0.579859
128379,0.0467836,0.574183
130524,0.0468099,0.588041
124951,0.0510438,0.572664
126670,0.0457585,0.581108
126181,0.0476255,0.586637
124588,0.0465137,0.591481
91909,0.048622,0.577626
131084,0.0450007,0.577382
124584,0.0459078,0.568388
128401,0.0452816,0.572764
131105,0.0475866,0.588631
125833,0.048506,0.577801
132811,0.0444695,0.581063
125044,0.0451685,0.595714
120714,0.0497341,0.573144
129662,0.0453234,0.582314
121327,0.0473697,0.564611
128206,0.0390223,0.579797
127995,0.0474898,0.576343
121003,0.0476972,0.577862
125078,0.0401995,0.583704
124933,0.0496343,0.605937
125455,0.0505734,0.578666
124191,0.0443629,0.57914
133609,0.0476955,0.585578
121454,0.0514812,0.584975
124298,0.0441337,0.574402
125608,0.0498235,0.592658
124677,0.0461075,0.572668
119588,0.0452315,0.575029
123873,0.0493343,0.566637
130640,0.0508492,0.579853
123765,0.0494592,0.573922
122633,0.042087,0.587982
123470,0.0468543,0.575553
129366,0.0433402,0.58542
126837,0.0424401,0.588098
128239,0.043587,0.587727
126588,0.0438002,0.583874
115787,0.0418897,0.587078
132020,0.0477754,0.593743
119229,0.0451267,0.5771
128794,0.0479067,0.592481
130419,0.0411435,0.594096
128997,0.047992,0.589747
128173,0.0487291,0.581191
127140,0.042081,0.577485
127814,0.0445822,0.584658
124105,0.0431817,0.575839
116880,0.0460883,0.585006
127247,0.0519739,0.585236
126216,0.0438356,0.592322
120616,0.0402145,0.58479
129151,0.0445931,0.597808
131334,0.0442591,0.584026
132485,0.0479478,0.581541
127570,0.0470261,0.577193
129839,0.0486648,0.582175
132716,0.0512029,0.595241
125284,0.044758,0.583422
126894,0.0419852,0.581024
118670,0.050687,0.577816
129507,0.0421262,0.57649
130363,0.0434263,0.595829
127177,0.0484787,0.588566
122944,0.0466508,0.577446
131764,0.0532348,0.589095
124494,0.043983,0.582908
123181,0.0519941,0.586531
126305,0.0502333,0.595546
129346,0.0444857,0.592852
134060,0.0471501,0.592403
125462,0.0464898,0.587026
131821,0.0412849,0.584903
122867,0.0454584,0.583387
128418,0.047708,0.578755
123813,0.0509036,0.584911
119505,0.0495023,0.57972
128490,0.0498723,0.578835
127461,0.0467646,0.572053
127317,0.0468526,0.581207
124664,0.0461447,0.577612
122716,0.0468057,0.590628
125276,0.042891,0.581316
119070,0.0492076,0.575565
126059,0.0436704,0.589284
123654,0.0441014,0.581207
124880,0.0451858,0.586391
127009,0.0481687,0.596477
128742,0.0473111,0.576808
122025,0.050606,0.577541
120169,0.0497971,0.568649
131990,0.0502644,0.596719
117736,0.0451539,0.568008
121123,0.0480459,0.571894
130382,0.0413011,0.589084
96306.7,0.0457416,0.585186
116602,0.0482421,0.58451
134777,0.0461921,0.602065
121242,0.0512224,0.588344
127118,0.0490511,0.576409
127906,0.0464643,0.586301
124841,0.0477284,0.568683
117305,0.0482768,0.572546
125757,0.0447669,0.596305
125622,0.0443986,0.590195
124316,0.0470362,0.575618
130288,0.0445707,0.584402
127312,0.047435,0.586072
124394,0.0474948,0.597674
128727,0.0430311,0.583052
124596,0.048532,0.589156
130277,0.0463697,0.582586
130590,0.0436893,0.578651
122611,0.0507885,0.582081
109730,0.0443436,0.597968
122824,0.0423241,0.577709
123081,0.0481768,0.576121
126885,0.0444695,0.59137
124111,0.045975,0.591894
127614,0.0439977,0.583149
125077,0.0441029,0.592827
130435,0.0414478,0.580646
118883,0.0483062,0.579237
125367,0.045746,0.587575
125881,0.0441878,0.581398
118643,0.0444611,0.572019
118791,0.0438385,0.580806
129915,0.0456754,0.606974
122595,0.0431523,0.578865
122725,0.0426748,0.578749
128936,0.0444094,0.587474
122407,0.0499094,0.576948
127740,0.0441344,0.588461
124401,0.0452348,0.575682
129235,0.0423963,0.578566
132924,0.0428532,0.585083
126094,0.045504,0.569848
118525,0.0414051,0.579916
137517,0.0527852,0.595552
124937,0.0437374,0.574738
125478,0.0442965,0.582497
125567,0.0461342,0.573666
121576,0.0488739,0.589364
123743,0.0464879,0.582324
128574,0.042009,0.571426
128463,0.0434239,0.5774
130513,0.0483321,0.595209
127731,0.0494224,0.5886
130128,0.0512266,0.580617
77680.7,0.0402865,0.567649
128793,0.0440277,0.585001
117585,0.0477158,0.587358
122789,0.0540076,0.574559
124244,0.047224,0.57484
123354,0.0520257,0.57624
128886,0.0454083,0.589498
122828,0.0450597,0.576526
125021,0.0458069,0.574979
122694,0.0468595,0.581129
130959,0.0423714,0.582087
118627,0.0502212,0.573815
126429,0.0452684,0.58311
126341,0.0488304,0.579832
127120,0.0406214,0.573211
128163,0.0456848,0.578701
126795,0.0446771,0.585859
122792,0.0489814,0.574317
125660,0.0462127,0.586658
124800,0.046201,0.580897
110223,0.0489689,0.569577
128792,0.0436285,0.57042
115054,0.0502365,0.56533
118551,0.0499445,0.5894
133938,0.0457893,0.599468
121175,0.0467313,0.576311
129186,0.0488427,0.583159
124414,0.0461875,0.577628
123126,0.0445594,0.588206
130666,0.0430112,0.574798
121854,0.0468695,0.582529
123209,0.0482246,0.569687
122297,0.0496633,0.578076
127198,0.0444924,0.581098
129350,0.0449825,0.579826
120481,0.0458972,0.567994
129017,0.051491,0.591809
130458,0.049622,0.592969
120106,0.0458057,0.588064
103625,0.0500978,0.573196
119796,0.046281,0.562398
131465,0.0493377,0.578131
130486,0.0416331,0.58461
121602,0.0478188,0.590431
127557,0.0464628,0.589513
126502,0.0427363,0.57941
130605,0.0471364,0.587252
128076,0.0461481,0.588374
130860,0.0480638,0.581545
124916,0.0443873,0.584729
130838,0.0431855,0.571401
122138,0.0425919,0.575914
122295,0.0449486,0.570383
118222,0.0481209,0.577282
130863,0.046528,0.592479
124084,0.0418222,0.572024
125090,0.0451571,0.577588
131836,0.0454838,0.581738
128280,0.0467567,0.571531
123033,0.0463581,0.569233
124011,0.0502711,0.566877
120865,0.0473125,0.584077
127326,0.0452638,0.574757
129676,0.0431407,0.577813
126301,0.045687,0.581852
121652,0.0471918,0.582871
129692,0.0439268,0.573613
125706,0.0499,0.588353
128331,0.0440853,0.605165
128100,0.045815,0.598599
130737,0.0405716,0.58817
127033,0.0487816,0.589315
128362,0.0438627,0.595336
134210,0.0483565,0.591763
122714,0.0412914,0.577428
123892,0.0439856,0.574008
129681,0.0530781,0.587785
128666,0.0497043,0.591224
127142,0.0458431,0.577071
131173,0.0415347,0.575869
129173,0.0433444,0.577636
127055,0.0437055,0.589182
128413,0.0449604,0.586759
133654,0.0453501,0.581853
129042,0.0466879,0.58861
122696,0.045132,0.583369
130741,0.0445002,0.59019
128106,0.045453,0.581999
117364,0.049011,0.580438
126422,0.0437261,0.57333
133406,0.043382,0.602222
129240,0.0474196,0.594371
123770,0.0514212,0.583457
129849,0.0488175,0.578587
121597,0.0529152,0.589978
127743,0.0386083,0.588154
107701,0.0454689,0.57031
128913,0.0471472,0.581248
122078,0.0457382,0.589308
127292,0.0449141,0.579215
114129,0.041813,0.577027
135439,0.04594,0.59326
122721,0.0446764,0.583083
118148,0.044703,0.577348
130162,0.0460345,0.589577
123338,0.0501028,0.573801
127792,0.045822,0.584375
131690,0.046848,0.578856
125667,0.0482611,0.578589
124616,0.0487852,0.582698
131075,0.0438647,0.579473
126322,0.0476927,0.562582
122755,0.0476295,0.583272
118496,0.043361,0.577813
119544,0.0484782,0.577699
122327,0.0511485,0.575658
128957,0.0487794,0.576235
128182,0.0455217,0.578361
128413,0.0448632,0.592981
128046,0.0479883,0.578472
121578,0.0430288,0.577662
127403,0.039668,0.59811
130321,0.0466557,0.579642
132430,0.0482029,0.577441
120883,0.0463354,0.574998
120809,0.0429261,0.579075
124673,0.0415514,0.585656
132628,0.0436154,0.584745
123105,0.041654,0.573466
122050,0.0456634,0.578709
123242,0.0466272,0.589438
128526,0.0463429,0.58226
125336,0.0415014,0.579538
123761,0.0470887,0.592226
111287,0.0434655,0.581447
127373,0.04423,0.584359
130345,0.0462324,0.586014
128720,0.0449684,0.598893
127686,0.0457457,0.581555
121815,0.0480243,0.580196
129313,0.0478189,0.597171
108676,0.0413564,0.578163
122245,0.0416371,0.586797
129966,0.0442432,0.591889
133444,0.0456716,0.588363
117559,0.0450515,0.589976
122836,0.0499706,0.582594
127376,0.0523964,0.59364
129964,0.0434503,0.594749
127828,0.0471517,0.586362
132644,0.0491826,0.595787
130566,0.0480109,0.591061
130174,0.0473757,0.602044
121522,0.0412668,0.578833
129705,0.0440189,0.586465
131756,0.0480577,0.578137
129572,0.0433426,0.593689
120966,0.0438472,0.587276
134284,0.0432475,0.597971
127807,0.046374,0.594627
126710,0.0443906,0.587385
121820,0.0480969,0.578579
118191,0.0507373,0.578246
124556,0.0503721,0.577583
128232,0.050769,0.588145
132527,0.0419553,0.57254
124875,0.0465639,0.586466
129215,0.0495036,0.576187
113366,0.0432835,0.584175
121609,0.0453818,0.584945
119079,0.052069,0.575702
130823,0.0450364,0.592549
132345,0.0424455,0.597563
131643,0.0552341,0.596978
124559,0.0494626,0.58274
124998,0.0470917,0.578373
127794,0.0437885,0.588271
129895,0.0487794,0.581312
132982,0.0479352,0.576977
127913,0.0443059,0.578436
127124,0.0420741,0.588465
126209,0.0478044,0.580232
121923,0.0443493,0.581515
126793,0.0478466,0.578652
128490,0.0461987,0.588922
129746,0.0484708,0.582746
129892,0.0430386,0.582241
134601,0.0456231,0.585315
116513,0.0486866,0.565152
122530,0.0462372,0.58302
129381,0.0461256,0.578636
124125,0.0500611,0.5839
121865,0.0451028,0.588032
102965,0.0486093,0.569305
115931,0.0460935,0.586258
129553,0.0469997,0.577204
127445,0.0448206,0.576468
123651,0.048993,0.583582
129535,0.0459192,0.596407
121759,0.0456541,0.578811
130448,0.0438367,0.578947
122443,0.0413803,0.586988
139405,0.0481996,0.576382
127269,0.0450456,0.5789
124037,0.0480084,0.585543
126534,0.0491039,0.593453
122960,0.0473939,0.57816
134019,0.0511535,0.597554
130495,0.046824,0.578118
116374,0.0457036,0.575201
113975,0.0427882,0.586905
128147,0.045759,0.586241
123884,0.0522103,0.572079
121433,0.0493964,0.569256
50113.7,0.0526555,0.571747
134928,0.0479601,0.587287
124881,0.0459742,0.581558
126942,0.0495355,0.565546
118573,0.0478004,0.602346
129160,0.0445562,0.582847
124459,0.0514858,0.585924
118090,0.0462191,0.585405
131431,0.0449575,0.592657
130603,0.0426406,0.595679
131679,0.0454412,0.581494
128574,0.046089,0.587172
119128,0.0471938,0.570684
125474,0.0428551,0.574386
119327,0.0464573,0.568128
128932,0.0417297,0.583901
117759,0.0484034,0.583522
127016,0.0449512,0.593748
122886,0.0481276,0.590543
125857,0.0458063,0.581617
128994,0.0465768,0.575973
125853,0.0430502,0.583776
119589,0.048934,0.579355
130974,0.0490205,0.596134
129172,0.0466693,0.584465
121114,0.0448028,0.571829
119304,0.0505365,0.571846
117107,0.0427597,0.585187
123572,0.0469568,0.591315
124639,0.0460781,0.582378
130864,0.0460045,0.584748
123016,0.0433446,0.582961
124629,0.0466648,0.578485
116377,0.0433893,0.581717
127983,0.0482206,0.58884
126465,0.0471261,0.573799
125761,0.0424887,0.587738
126113,0.045539,0.595442
132097,0.0431574,0.601002
114837,0.0457048,0.580732
128631,0.0448524,0.582119
126758,0.0442394,0.579407
128821,0.0430587,0.586271
132225,0.0442284,0.593228
125636,0.0416439,0.587622
130902,0.0459961,0.589769
131794,0.0454907,0.598111
124373,0.050786,0.574775
127950,0.0460472,0.56796
122975,0.0448148,0.57273
127090,0.0463899,0.588532
125877,0.047175,0.577778
127822,0.0453115,0.577675
125467,0.0439899,0.578694
124394,0.0464048,0.5825
128481,0.0459175,0.573271
131410,0.0477111,0.57534
123282,0.0453096,0.579537
126953,0.0418874,0.586173
126405,0.0416834,0.580009
118106,0.0470892,0.574878
130395,0.044977,0.586886
128362,0.0500364,0.586377
122018,0.0429243,0.588274
120116,0.0459312,0.589376
136507,0.0446808,0.595962
126778,0.0472562,0.571582
124817,0.0472515,0.585625
129391,0.0401118,0.5854
123589,0.0445991,0.587763
128776,0.043281,0.57331
128056,0.0438268,0.580149
125909,0.047378,0.589414
128329,0.0469254,0.571963
126793,0.0476105,0.586247
123630,0.0441049,0.589197
127854,0.047414,0.573909
129067,0.0487819,0.568368
127373,0.0500829,0.581968
122583,0.044434,0.57822
129178,0.0441178,0.588065
132015,0.0476338,0.591194
129550,0.0424886,0.585643
124239,0.0462682,0.564802
120969,0.0424457,0.57921
121584,0.0509675,0.571646
122205,0.0451554,0.576658
128478,0.0453883,0.584217
129040,0.0408194,0.586477
130902,0.0447986,0.56998
124433,0.0420237,0.584768
125881,0.0441548,0.587821
122863,0.0434135,0.58188
130389,0.0461896,0.59242
126522,0.0497837,0.606017
124797,0.0444397,0.596004
123521,0.0468718,0.586815
124705,0.0437625,0.589074
126180,0.0500398,0.582386
131789,0.0523674,0.589863
120301,0.0483464,0.578777
130379,0.0409961,0.583062
118036,0.043559,0.569737
129020,0.0404412,0.580205
103546,0.0485936,0.581288
114354,0.0453507,0.575559
126671,0.044513,0.596549
126397,0.0465266,0.580112
129554,0.0473569,0.58953
122648,0.0478123,0.574045
127930,0.0453231,0.586121
128009,0.0465668,0.586295
128981,0.0487205,0.587327
128065,0.0455284,0.577984
127133,0.0457939,0.594629
129439,0.044082,0.598869
121418,0.03822,0.592025
44447.7,0.0510144,0.585663
125879,0.049758,0.58441
125449,0.0458494,0.583675
133973,0.0485141,0.598703
132753,0.0457704,0.591497
117653,0.0437916,0.591995
122676,0.0495399,0.575764
128907,0.051442,0.597854
127247,0.0479479,0.564571
131823,0.0479153,0.59146
124461,0.046778,0.58812
124799,0.0475228,0.574055
126678,0.0470563,0.582197
119440,0.0511095,0.578998
123674,0.0480952,0.57633
125213,0.0435902,0.591828
126016,0.0485066,0.580636
134827,0.0466188,0.594254
119127,0.0475613,0.589161
123198,0.0494685,0.567018
128790,0.0454761,0.584358
132969,0.0504572,0.593732
127837,0.0398265,0.582011
47759,0.0537322,0.590004
113885,0.046282,0.572775
129979,0.0432294,0.585648
108604,0.0517452,0.579085
129299,0.0458332,0.580511
131821,0.0437875,0.58997
132709,0.0440458,0.572983
123350,0.0475408,0.583182
129638,0.046953,0.581145
123866,0.0497891,0.588665
118056,0.0463062,0.595442
129889,0.0461635,0.593834
127954,0.0451292,0.577071
125384,0.0475153,0.581354
128694,0.0493413,0.577583
125169,0.0441772,0.568395
123338,0.046936,0.591331
130204,0.0463046,0.574456
125934,0.0434462,0.58213
123922,0.0430919,0.574325
126883,0.0505606,0.572866
129461,0.0491375,0.588266
42883.7,0.0529245,0.594966
128584,0.0448757,0.598578
132197,0.0409464,0.574858
123314,0.0443836,0.589751
117216,0.0443909,0.57409
124991,0.0486886,0.582382
128087,0.0453307,0.581312
124844,0.0444113,0.575026
125457,0.0471134,0.595726
124044,0.0464855,0.578593
124022,0.0482075,0.596245
128316,0.0494357,0.56941
115585,0.0427423,0.573063
126988,0.0511233,0.578582
124091,0.0473786,0.585546
131391,0.0427489,0.590447
125768,0.0460973,0.598085
127629,0.0427185,0.579003
124028,0.045574,0.584682
126093,0.0475674,0.577934
130262,0.0456061,0.583282
129841,0.0489148,0.578365
127385,0.0502783,0.590215
128350,0.0415444,0.579692
131476,0.0482856,0.599482
125513,0.0471521,0.575219
124806,0.0438406,0.588389
128405,0.0469012,0.599218
126504,0.0490205,0.570808
117475,0.04676,0.574526
128748,0.0476119,0.58604
126341,0.0409991,0.581232
129111,0.0469543,0.575818
127597,0.0500631,0.579998
118290,0.0410486,0.576063
128404,0.04878,0.5865
132662,0.0546699,0.586442
133717,0.0401201,0.586392
124871,0.0418503,0.581104
126735,0.0509776,0.587631
120940,0.0461992,0.577555
132469,0.0477958,0.581159
131250,0.0452453,0.584274
128242,0.0443402,0.577732
126264,0.0505313,0.583393
127358,0.0498489,0.580482
129611,0.0463937,0.592681
127785,0.0467649,0.588351
128780,0.0436315,0.58633
127252,0.0450133,0.586753
130986,0.044714,0.592785
126825,0.0449628,0.582054
105046,0.0486439,0.577799
129841,0.0481282,0.597523
125399,0.0481533,0.569857
122654,0.0520644,0.57319
132051,0.049945,0.591427
105706,0.047491,0.579083
121042,0.0460133,0.570517
124153,0.0380125,0.590832
129652,0.0441832,0.578097
122322,0.0485502,0.5842
125770,0.046144,0.582313
123922,0.0447618,0.56678
132716,0.0433758,0.578698
130068,0.0460049,0.595135
121204,0.0525239,0.577626
122577,0.0437575,0.578918
131938,0.0494201,0.587378
125286,0.045316,0.581274
127881,0.0465928,0.587425
120544,0.0439105,0.57469
126948,0.0479617,0.587788
122418,0.045535,0.57612
135093,0.0460039,0.581214
126789,0.0398809,0.590035
131362,0.0483316,0.588092
127219,0.0482919,0.585958
126039,0.0460136,0.573636
130914,0.0471138,0.593264
126278,0.0524518,0.591516
120296,0.0503463,0.58068
127041,0.0490277,0.591239
123004,0.0425597,0.589253
123778,0.0412713,0.582111
124151,0.0440809,0.580446
130262,0.0426261,0.588472
117513,0.0463961,0.571345
125217,0.0448823,0.586969
128373,0.0482266,0.589291
126485,0.0445333,0.584006
134680,0.0464873,0.573129
120172,0.0449164,0.575267
127603,0.0440369,0.584951
126237,0.0513247,0.588207
125120,0.0442267,0.588075
124482,0.0467256,0.574597
127455,0.0461518,0.565874
120069,0.0494415,0.583598
117618,0.0483302,0.57325
130039,0.0463128,0.57745
136455,0.0488663,0.593595
121060,0.0398424,0.582938
117239,0.0428373,0.589117
131634,0.0480318,0.587504
126999,0.0454629,0.58541
125437,0.0422403,0.583711
132048,0.0455428,0.590607
125644,0.0504496,0.593852
106392,0.0446892,0.579522
124061,0.0489301,0.573081
122841,0.041817,0.583457
128094,0.0507131,0.578774
124157,0.0449775,0.574736
124672,0.0475497,0.579677
130277,0.0452828,0.580751
128180,0.0416264,0.586476
125118,0.0480911,0.564235
120075,0.0461204,0.584118
130560,0.0457781,0.585153
124994,0.0449287,0.586048
124673,0.0456873,0.590613
131013,0.0423034,0.581694
123261,0.0499557,0.584593
133284,0.0493705,0.594126
127668,0.054858,0.581747
123679,0.0445761,0.583183
119527,0.0467837,0.57523
129702,0.0530493,0.57853
125479,0.0437546,0.569725
126019,0.0481088,0.584654
118443,0.0467988,0.575188
126541,0.0452706,0.5824
126674,0.0482833,0.571795
120967,0.0414018,0.587288
131830,0.0440066,0.583293
120780,0.0437996,0.579326
130456,0.0461456,0.576505
125434,0.0456213,0.577057
126108,0.0445607,0.598634
121244,0.041285,0.584186
120516,0.0449303,0.573584
128313,0.0470474,0.584699
130687,0.0450479,0.581075
118453,0.044008,0.585815
121959,0.0460888,0.579965
121857,0.0467975,0.578986
123638,0.045921,0.576684
121552,0.046087,0.580669
131680,0.0426906,0.586247
123188,0.0436716,0.587943
131182,0.0499291,0.590398
122528,0.0472816,0.588816
123552,0.0449732,0.589367
108629,0.0439597,0.588549
124886,0.0475796,0.567274
118814,0.0451045,0.575648
122417,0.0448723,0.596968
127998,0.0438671,0.588552
129961,0.0412054,0.583444
130144,0.045337,0.603812
127911,0.0471883,0.588428
125224,0.0459868,0.570134
124858,0.047062,0.577436
126082,0.0456995,0.585623
114661,0.0497254,0.576294
113632,0.0482367,0.570267
122603,0.0464002,0.590344
126842,0.0439874,0.57857
129814,0.0433474,0.579375
126580,0.0473738,0.589781
125589,0.0466753,0.60227
126785,0.045617,0.599582
125783,0.0473133,0.596448
125492,0.0477588,0.580053
126074,0.0483059,0.5801
122420,0.0472425,0.583132
123741,0.0462282,0.588839
112504,0.0499624,0.572371
116061,0.03952,0.586584
132033,0.0449917,0.593264
130770,0.0442563,0.583662
123032,0.0441881,0.570595
129620,0.0456007,0.592085
126494,0.0476879,0.58119
124091,0.0468658,0.598548
133835,0.0411709,0.585505
115665,0.0503256,0.585657
129480,0.042056,0.572478
130057,0.0453429,0.580673
128929,0.0441335,0.592213
129847,0.0478984,0.58907
123009,0.0466144,0.586734
131821,0.0433888,0.59486
126259,0.0475052,0.560625
135192,0.0445364,0.584809
121403,0.0439193,0.571958
122600,0.0470308,0.577761
122792,0.0429468,0.587298
122638,0.0494547,0.578047
124040,0.0434421,0.580216
126391,0.0462353,0.577387
128826,0.0491347,0.58834
120674,0.0458583,0.571664
132097,0.0462771,0.58325
128476,0.0453433,0.580377
125115,0.0497197,0.580446
119504,0.0452955,0.577173
115129,0.0465689,0.56927
128138,0.0496528,0.5749
122831,0.0416566,0.583546
125147,0.045623,0.583206
125412,0.0463794,0.587859
126233,0.0445269,0.599297
124817,0.0445774,0.570327
122266,0.044234,0.589122
132461,0.043875,0.593861
127843,0.0445617,0.579296
135242,0.0494818,0.595846
123826,0.0454959,0.574564
116048,0.0426395,0.584991
121149,0.0484607,0.571086
46039.7,0.0532723,0.57853
124337,0.0413207,0.582136
132397,0.0406306,0.586052
120097,0.044178,0.568761
129789,0.0440246,0.598784
117861,0.0439263,0.588579
129603,0.047923,0.576966
126145,0.0449644,0.586737
131844,0.0464904,0.582298
131692,0.0473542,0.58764
128657,0.0423445,0.58783
123017,0.0473685,0.58285
129558,0.0469744,0.589111
126430,0.0474457,0.584596
126034,0.046526,0.585636
116659,0.0470138,0.577632
128015,0.0422277,0.589056
124812,0.0405034,0.589278
126667,0.0410904,0.571976
119420,0.0418987,0.594461
124758,0.0500751,0.568328
127898,0.0505838,0.605748
127222,0.0436956,0.567936
130251,0.0460684,0.571408
125398,0.0481392,0.572178
121548,0.0471952,0.574966
131378,0.0442096,0.598148
116914,0.049593,0.581941
130019,0.045317,0.582507
131048,0.0410045,0.581001
132084,0.0423471,0.580362
127764,0.0440012,0.575068
124506,0.0446639,0.586281
128088,0.0436137,0.567208
126832,0.0429747,0.57959
125757,0.0460695,0.584146
126350,0.0402337,0.570839
129105,0.0488521,0.570396
115503,0.0441238,0.58134
128990,0.0443431,0.588061
125055,0.0450268,0.572048
128917,0.0410801,0.58647
127491,0.0480633,0.573982
126145,0.0492276,0.577082
131589,0.0449391,0.581154
127331,0.0471301,0.578763
125159,0.0441319,0.57965
85857,0.0508228,0.595944
126509,0.0486236,0.569221
126088,0.0415412,0.586983
130886,0.0457594,0.581494
126617,0.0445264,0.589139
127270,0.0442049,0.576063
131580,0.0448467,0.5826
125983,0.0484524,0.574669
130446,0.0405655,0.589819
133706,0.0472354,0.581855
126005,0.0435845,0.592345
121149,0.0437712,0.591974
128562,0.0442526,0.580953
129439,0.0459546,0.584055
129948,0.0450165,0.579524
129934,0.0479147,0.571163
126142,0.0455621,0.584666
123057,0.0478499,0.592112
129356,0.0476078,0.585907
120896,0.0500478,0.571587
121551,0.0486992,0.582582
121402,0.047462,0.576383
127952,0.0433618,0.583555
122518,0.0508485,0.597802
117729,0.0422392,0.578362
133444,0.0507643,0.598757
120236,0.0487631,0.582222
125555,0.0444182,0.579949
125325,0.0489546,0.575855
124826,0.0442204,0.578088
120249,0.0449003,0.576138
111380,0.049876,0.594393
118044,0.0462478,0.57036
130301,0.0447623,0.581822
122389,0.0423598,0.561378
124746,0.0425972,0.578147
120501,0.0482484,0.588364
127462,0.0471115,0.5792
125150,0.0489531,0.59557
123799,0.0517896,0.598482
123480,0.0428557,0.584309
126616,0.0465587,0.577229
120800,0.0475827,0.589888
127388,0.0461578,0.593702
133994,0.0476577,0.599127
130337,0.0456946,0.590143
125615,0.0399643,0.592099
128545,0.0489939,0.576526
118815,0.05027,0.588044
117980,0.0466933,0.599805
119425,0.0438836,0.582671
128726,0.0492483,0.57667
120068,0.0470726,0.575544
125755,0.0515631,0.593853
119839,0.0506579,0.591076
128636,0.0489338,0.582469
124116,0.0484493,0.585747
119853,0.044845,0.593414
124853,0.0485317,0.580503
132445,0.0440271,0.582163
127907,0.0471221,0.572795
130563,0.047325,0.588743
122285,0.0446152,0.583485
133030,0.049395,0.590555
128996,0.0444286,0.589836
122164,0.0466765,0.571236
122008,0.0463501,0.591514
122632,0.0500543,0.584591
133631,0.0498255,0.591345
125044,0.0485329,0.596134
132118,0.0510629,0.591384
129179,0.0456865,0.589496
125383,0.0442348,0.584533
126129,0.0478359,0.569643
128138,0.0437638,0.576449
111731,0.0489124,0.583965
129871,0.0450513,0.577415
127724,0.0464916,0.583583
125482,0.0460869,0.586044
121862,0.0487397,0.576808
132527,0.0385858,0.587989
125631,0.0466209,0.596533
121458,0.0468365,0.581753
108856,0.0461137,0.592117
125681,0.0481464,0.583592
116395,0.0466099,0.590464
124776,0.0485852,0.575804
130688,0.049216,0.588703
124925,0.0490649,0.586248
130012,0.0480419,0.585065
127900,0.0469763,0.57269
122091,0.050814,0.58216
130492,0.0462631,0.582537
119977,0.050719,0.59033
118031,0.0400351,0.580555
131062,0.0499736,0.571459
129300,0.0489033,0.584223
124863,0.0499553,0.581809
125118,0.0483064,0.57236
116846,0.0466153,0.589571
127275,0.0400371,0.570336
129626,0.045535,0.592219
133491,0.046407,0.603857
125773,0.0424898,0.569113
124149,0.0420067,0.57019
121304,0.0499488,0.587895
119964,0.0536064,0.576769
124424,0.0443571,0.579048
123982,0.0471812,0.592654
121594,0.0467797,0.562869
122138,0.0505405,0.579185
129218,0.0494477,0.583649
101879,0.0459793,0.589366
126246,0.0388139,0.581539
126134,0.0497724,0.579618
131625,0.0450704,0.588441
125599,0.043297,0.576959
127743,0.0466195,0.584388
133134,0.043762,0.596471
122902,0.0426593,0.582387
130785,0.0452915,0.585942
124824,0.0443824,0.579356
124020,0.047911,0.575637
124770,0.0466379,0.572998
129588,0.0421832,0.581844
125946,0.0448589,0.584787
129969,0.0458964,0.574479
127917,0.0503185,0.59503
125043,0.0463855,0.578289
119507,0.043659,0.579694
128082,0.045954,0.580788
130627,0.0432033,0.591581
131391,0.0480844,0.591125
119572,0.0502043,0.569749
118359,0.0426358,0.571756
123619,0.0467368,0.584518
128075,0.0470567,0.592961
126443,0.0420514,0.574991
126330,0.0411985,0.577428
122324,0.0433745,0.597581
121726,0.0400993,0.586312
132795,0.0449477,0.589973
121855,0.0501881,0.586315
129573,0.0437296,0.580842
125052,0.0447637,0.587372
119164,0.0459643,0.579626
129454,0.0440071,0.58323
131022,0.0463979,0.576961
131601,0.0456061,0.593613
120436,0.0458958,0.585784
129103,0.0461475,0.581795
127282,0.0516548,0.583889
131892,0.047797,0.596708
122517,0.0423007,0.583833
126757,0.0430572,0.5882
122205,0.0447114,0.579301
122717,0.0428057,0.589144
131661,0.047963,0.590597
133125,0.0454945,0.574719
119287,0.048406,0.58936
123739,0.0487474,0.589281
115532,0.0459697,0.571158
123505,0.0487413,0.574532
125124,0.049203,0.586646
126936,0.042209,0.596927
123181,0.0433134,0.581579
119778,0.045042,0.582348
124527,0.0443434,0.585897
126765,0.0445975,0.588108
124781,0.0466028,0.585397
125566,0.0471999,0.583403
125191,0.0460684,0.590214
131159,0.0491256,0.579305
123766,0.043695,0.587669
128169,0.0515319,0.58016
126478,0.0469639,0.590794
129804,0.0430062,0.589774
127816,0.0511001,0.584555
131610,0.0469688,0.587763
127097,0.0464176,0.580584
123449,0.0401416,0.580815
123131,0.0444682,0.591471
128833,0.0456494,0.587687
127494,0.0427345,0.583596
129351,0.0487416,0.585179
116572,0.0515565,0.576712
127817,0.0455611,0.580525
125544,0.0449428,0.580585
123278,0.0451246,0.586199
123852,0.0464722,0.568162
127687,0.0518078,0.587499
123832,0.0456916,0.581166
133606,0.04712,0.587867
124139,0.0433602,0.585207
124491,0.0495721,0.579821
127469,0.0411528,0.57787
130455,0.0453589,0.580909
120199,0.0495845,0.572039
117956,0.0459195,0.580501
133496,0.0425759,0.593504
123522,0.0429817,0.581488
118291,0.0427599,0.584614
120298,0.0434902,0.57146
130566,0.0442229,0.597816
116392,0.042989,0.581681
128213,0.0463954,0.581213
133625,0.0450144,0.598911
124684,0.0442778,0.56334
128110,0.0488864,0.58915
125260,0.0454629,0.57385
127377,0.0411308,0.584776
125279,0.0451597,0.585593
128811,0.0454026,0.584321
120663,0.0476993,0.572011
127002,0.0456436,0.57903
101671,0.0475716,0.568023
119554,0.0468451,0.582544
132501,0.0488098,0.587976
123257,0.043677,0.588555
130946,0.0472693,0.581228
128846,0.0438109,0.584985
128599,0.0543251,0.589927
122477,0.0489439,0.572675
119099,0.0448769,0.586802
119230,0.0455791,0.573324
122561,0.0481494,0.563523
128837,0.0484369,0.587021
125249,0.0453032,0.576455
128784,0.0500532,0.582075
125197,0.0475013,0.575889
127350,0.0418448,0.581708
127941,0.0440396,0.591206
130113,0.0401802,0.588961
132342,0.0443648,0.58826
120106,0.0485662,0.585108
119759,0.0464759,0.584737
128976,0.0444153,0.575266
130534,0.0466535,0.589046
124122,0.0432536,0.574241
124079,0.0477161,0.567844
128962,0.0449031,0.575592
126522,0.0461333,0.592474
132822,0.0407902,0.587572
122885,0.0444577,0.580588
133019,0.0438383,0.59431
128712,0.0466347,0.596793
130835,0.0495859,0.590247
125639,0.043406,0.584082
124903,0.0420649,0.579169
128775,0.0446734,0.586733
127043,0.04636,0.58516
127449,0.0409012,0.579777
120459,0.0448533,0.580666
121109,0.0421155,0.587483
125447,0.0499815,0.5683
133089,0.0432138,0.592416
130052,0.0443435,0.586969
131626,0.0452588,0.58863
121747,0.0469464,0.596422
129582,0.046028,0.579845
130273,0.0465289,0.589585
124417,0.040816,0.574877
131836,0.0441185,0.597367
123495,0.0475727,0.582343
117958,0.046036,0.57047
126296,0.0454551,0.576059
120139,0.04707,0.581119
125732,0.0455485,0.582258
133767,0.0417207,0.583391
117604,0.0483897,0.581881
129465,0.0500193,0.587143
127995,0.0418729,0.575866
132633,0.0475054,0.588986
129698,0.0466714,0.578255
117260,0.0467156,0.565628
131297,0.0443445,0.597443
121309,0.0442821,0.584973
116882,0.0464437,0.577574
132334,0.0476139,0.586519
127400,0.0457285,0.589234
131800,0.0435772,0.585945
119761,0.049362,0.574523
123545,0.0479962,0.587118
129862,0.0505625,0.594619
131174,0.0476815,0.587696
130700,0.0475428,0.595941
129025,0.0496844,0.59826
125957,0.0425627,0.592008
135865,0.046463,0.590369
124483,0.0493367,0.587771
126333,0.0482145,0.577232
117882,0.0499638,0.583902
118744,0.0480318,0.574484
134835,0.0395516,0.591972
129822,0.0457742,0.57828
128718,0.0467661,0.576889
112186,0.045898,0.572572
128664,0.0491153,0.575231
118438,0.0443712,0.570109
132714,0.0452498,0.594632
129619,0.0463165,0.575062
118722,0.0443661,0.579627
121876,0.0446545,0.595207
122138,0.0443117,0.577249
126531,0.0433947,0.576598
119723,0.0518412,0.57727
127404,0.0427973,0.582254
43073.7,0.0481066,0.581871
125124,0.0456193,0.58675
127725,0.0448514,0.582349
123759,0.0446191,0.576249
125664,0.041541,0.573521
126020,0.0423603,0.578686
131364,0.0444556,0.591307
129767,0.0439044,0.589553
121850,0.045267,0.572762
130754,0.0437182,0.587416
127009,0.047179,0.575633
127445,0.0476817,0.588595
128306,0.0452821,0.585448
121922,0.0438467,0.584164
127944,0.0461831,0.581875
125127,0.0463374,0.590052
129193,0.0460727,0.583363
62957,0.0520861,0.583144
125212,0.0476831,0.599843
128179,0.0477464,0.586083
99872,0.0467449,0.576418
125175,0.046665,0.577851
124046,0.0475594,0.589552
126426,0.0502595,0.583547
127595,0.0443327,0.586774
119261,0.0477624,0.574425
123553,0.0443646,0.576672
126976,0.0449361,0.570892
126492,0.0463815,0.583835
128675,0.0490838,0.582168
123783,0.0462558,0.586539
129275,0.0504344,0.600337
125314,0.0468869,0.569916
130282,0.0433324,0.579167
129774,0.0432097,0.580941
125828,0.0489857,0.583126
102751,0.0457725,0.570724
123193,0.0449703,0.581823
125000,0.047452,0.597124
129710,0.0453741,0.585899
131567,0.043334,0.581616
117500,0.0483389,0.588034
127887,0.0464701,0.586412
123730,0.0483178,0.58443
128520,0.0492876,0.585053
124581,0.0461509,0.586482
121997,0.046541,0.583985
129539,0.0405544,0.573036
125144,0.0467016,0.596689
124181,0.0443636,0.581381
130013,0.0476178,0.579334
126767,0.0423878,0.574672
122586,0.0437743,0.572806
122863,0.0551104,0.57475
123977,0.0479799,0.595756
114554,0.0442839,0.576614
111725,0.050077,0.593936
125386,0.0459082,0.568943
119579,0.0514777,0.575009
128824,0.0513046,0.589094
129076,0.0504785,0.591508
124576,0.0410067,0.588336
124451,0.0464694,0.575512
128099,0.0432783,0.595473
120957,0.0463117,0.582112
129020,0.0484287,0.57931
129427,0.0463939,0.584499
117543,0.0471293,0.581604
127573,0.0505718,0.579351
134321,0.0438387,0.585083
122695,0.0456151,0.572212
118953,0.049368,0.595802
123846,0.0448793,0.583979
126180,0.0441976,0.579636
131202,0.0532162,0.581249
123961,0.0412629,0.588274
131278,0.0490687,0.598817
130574,0.0493067,0.5827
129863,0.0463189,0.590865
128352,0.0469193,0.589118
123873,0.0446786,0.58612
131664,0.043364,0.591107
127493,0.0444216,0.585252
131167,0.0511672,0.598752
129657,0.0418736,0.572098
128680,0.0515537,0.572657
123953,0.0497396,0.596157
120857,0.0454999,0.578295
125337,0.0468049,0.570698
128291,0.0462466,0.573404
115044,0.0460262,0.584833
129735,0.0437903,0.585725
129629,0.0494693,0.580121
129758,0.0465781,0.590445
132067,0.0488694,0.592423
125631,0.0433847,0.573692
125612,0.0473462,0.570077
130500,0.0445419,0.581345
83125.7,0.0472033,0.598399
132948,0.0439715,0.584747
117733,0.0464023,0.583685
117624,0.0529248,0.585918
128764,0.0450019,0.580243
125469,0.046814,0.57955
124539,0.0448391,0.581051
126746,0.0511062,0.577888
117565,0.0404238,0.59536
126873,0.0506791,0.589357
116406,0.0429536,0.584583
128529,0.0511545,0.586864
125559,0.0493858,0.574324
120601,0.0463086,0.580903
132834,0.0455566,0.593406
126193,0.0499304,0.586408
128987,0.0381423,0.583179
131031,0.0460802,0.587838
127312,0.0441206,0.579918
136694,0.0448188,0.582926
128889,0.0445553,0.590077
127053,0.0480529,0.572954
128016,0.0455229,0.589934
124502,0.0466171,0.584091
115402,0.0427304,0.574422
122705,0.0392206,0.604885
122374,0.0508723,0.577512
121190,0.0440716,0.579565
122677,0.0429035,0.591211
122265,0.0423098,0.584362
128348,0.0449936,0.583784
128025,0.0493701,0.580438
123006,0.0471249,0.572476
123944,0.0395362,0.590928
119165,0.0432678,0.589191
128524,0.0472772,0.591715
121560,0.0487898,0.588035
119994,0.0446413,0.571962
123659,0.0461591,0.589844
83280.3,0.0496179,0.572544
130048,0.0519018,0.590863
123253,0.0398426,0.583551
127150,0.0471197,0.585407
127135,0.0487617,0.58159
129587,0.0445865,0.596024
115051,0.0436388,0.576714
117062,0.0447906,0.562851
129398,0.0480512,0.579348
122793,0.0474771,0.57327
124358,0.0479173,0.578161
118167,0.0446373,0.58565
126688,0.0448795,0.586413
130113,0.0468674,0.590029
128397,0.038438,0.593386
130770,0.046738,0.582897
128022,0.0452373,0.575964
123904,0.046021,0.571999
129288,0.0442601,0.584354
125543,0.044938,0.592634
87527.7,0.0468913,0.582745
117179,0.0474747,0.581755
124313,0.043325,0.58473
128256,0.0427791,0.587146
128197,0.0489055,0.587943
124889,0.0479281,0.581632
129632,0.0448115,0.584462
121591,0.0490462,0.578337
129477,0.0452112,0.575322
115977,0.0456885,0.583543
124102,0.0486545,0.582654
117425,0.0451756,0.579306
125486,0.0484482,0.590313
106538,0.0436602,0.59109
128354,0.0441475,0.594539
119617,0.0476677,0.579287
130869,0.0461151,0.592291
126191,0.0471547,0.581163
119497,0.0463358,0.575437
132424,0.0480372,0.588016
126611,0.047992,0.59434
124125,0.0452244,0.583489
119319,0.0476819,0.566951
126407,0.0435708,0.574798
125715,0.0470648,0.570899
110239,0.0458834,0.590213
116892,0.0490924,0.584014
123886,0.0452252,0.577797
124923,0.0436547,0.582059
133187,0.0497761,0.585767
130430,0.0435398,0.596201
127543,0.0491493,0.592275
126436,0.0433196,0.575109
127389,0.0434684,0.593909
115439,0.0493718,0.575633
133547,0.0444242,0.5925
124650,0.0513223,0.583377
127115,0.0453197,0.571887
125336,0.0431936,0.576586
120025,0.0445716,0.589798
122640,0.047484,0.575706
123367,0.0472832,0.597015
130369,0.040583,0.582178
126736,0.045934,0.575109
124442,0.0398852,0.576634
125240,0.0466197,0.578046
122229,0.0423731,0.589226
122201,0.0514858,0.568367
131411,0.0436491,0.579879
125722,0.0450776,0.575536
121604,0.0503639,0.573188
131065,0.0489003,0.585702
126858,0.0427892,0.579723
127498,0.0429701,0.584538
128440,0.0460057,0.585484
118938,0.0532593,0.576523
114249,0.0492294,0.580631
120311,0.0451232,0.576734
125787,0.0523903,0.576586
127802,0.0429822,0.586419
129219,0.048345,0.595833
112446,0.0470516,0.577259
123378,0.0426896,0.579617
124590,0.0380724,0.577731
112758,0.0511298,0.575822
121716,0.0500923,0.577939
129547,0.0446439,0.572252
129894,0.0455483,0.591571
125027,0.0453368,0.580446
126919,0.0466954,0.58782
121272,0.0464612,0.578188
131336,0.0474266,0.585624
125062,0.0426235,0.567235
128054,0.0448827,0.574621
122738,0.0460195,0.583063
128904,0.0453557,0.578458
126581,0.0494149,0.581561
116199,0.0514916,0.57769
125071,0.0465298,0.577508
126398,0.0405756,0.594234
128013,0.0467594,0.579773
123950,0.04463,0.59449
121900,0.0445484,0.595492
127987,0.0438946,0.577774
124207,0.0434028,0.574988
117750,0.0424436,0.570577
126207,0.0475904,0.574857
127860,0.0487385,0.588089
126277,0.0421444,0.585534
123419,0.0478564,0.585708
121120,0.0398212,0.583971
127694,0.0436345,0.586316
118142,0.0471596,0.590408
121029,0.0480607,0.578184
120397,0.0468871,0.573823
127801,0.0464612,0.576784
131786,0.0428177,0.576981
131296,0.0446005,0.592749
125925,0.0469382,0.582668
127010,0.0539567,0.590981
124984,0.0447504,0.577062
115231,0.0425697,0.583584
121714,0.046299,0.577054
124312,0.0447664,0.59086
127930,0.0506614,0.571453
96184.7,0.0449531,0.58938
126076,0.0398212,0.583367
125501,0.046476,0.577457
126283,0.0462099,0.591485
124606,0.0481162,0.58061
128642,0.0448103,0.575757
130118,0.0463226,0.592835
124431,0.0454475,0.587876
129384,0.045055,0.597845
120230,0.0452768,0.57286
129188,0.0450403,0.58639
129393,0.0460598,0.583065
125008,0.0450008,0.575935
122177,0.051374,0.56915
126977,0.0466439,0.567335
128171,0.0448829,0.575473
124161,0.0459268,0.584044
120231,0.0468351,0.579913
133287,0.048748,0.581328
116947,0.0510335,0.569322
125301,0.0445709,0.592067
131236,0.0464464,0.583681
128273,0.0463881,0.584975
125523,0.0478807,0.574684
124076,0.047633,0.575047
106533,0.0440976,0.591122
123894,0.0518156,0.57117
120094,0.0409649,0.577002
125527,0.0412354,0.584962
124704,0.0440419,0.580282
128869,0.0453742,0.581047
125227,0.0405736,0.589138
131812,0.0464328,0.593706
125242,0.0436997,0.581614
122148,0.045659,0.581929
131154,0.0473926,0.590546
122627,0.0460193,0.577719
119653,0.0431297,0.583692
129991,0.0467116,0.58319
122232,0.0453288,0.59745
125888,0.0484736,0.564561
49158.7,0.0537828,0.56359
128705,0.0461957,0.592564
129194,0.0473427,0.591312
122707,0.0504741,0.589148
131027,0.0480558,0.576984
125707,0.0422831,0.587887
117276,0.0486159,0.575569
125508,0.0425161,0.584573
120465,0.0448857,0.573167
129745,0.0471995,0.591033
130711,0.0417454,0.579878
124047,0.0487216,0.586995
129055,0.0497674,0.577393
113414,0.0423106,0.576142
126169,0.0417743,0.580598
127975,0.0485506,0.593541
125612,0.0425252,0.595409
122664,0.0441598,0.582983
124663,0.0452912,0.580669
116407,0.0485051,0.590811
129790,0.0467957,0.588451
117318,0.0513915,0.591644
121970,0.0471111,0.592527
129191,0.04605,0.57557
123972,0.047824,0.59536
129791,0.0456839,0.585534
120460,0.0493288,0.586585
118233,0.0460301,0.585361
123811,0.0440741,0.594224
125858,0.0439315,0.578958
114084,0.0497115,0.587116
129635,0.042294,0.589065
126139,0.0447319,0.579179
125599,0.047174,0.5675
125108,0.0468135,0.59282
119483,0.0465127,0.582526
129310,0.0458325,0.58284
132054,0.0493642,0.578082
127783,0.0451448,0.576837
126824,0.0492467,0.58274
127106,0.045991,0.575776
124432,0.0378973,0.573474
127175,0.0460239,0.591048
126899,0.0466303,0.577747
130887,0.0439457,0.605717
131016,0.0468802,0.598438
124850,0.0440843,0.581686
130560,0.0455884,0.582877
127545,0.050306,0.582704
118274,0.0441696,0.577054
120664,0.0400199,0.577993
133707,0.0411646,0.573362
117829,0.0500422,0.592567
131251,0.0467093,0.595763
131245,0.0475493,0.578845
128692,0.0447782,0.574231
127917,0.0438528,0.584493
121262,0.0453483,0.58318
128806,0.0417613,0.586991
126699,0.043265,0.58036
123006,0.04483,0.580935
128837,0.0397509,0.58869
130930,0.0452323,0.58723
129919,0.0432243,0.5869
121166,0.0447175,0.58554
88542.3,0.0476885,0.564314
120293,0.0433282,0.574319
128937,0.0451427,0.575525
120989,0.0439811,0.579673
129815,0.048126,0.582409
125923,0.044115,0.575777
125807,0.0422518,0.584681
120685,0.0438687,0.581133
128300,0.0476584,0.580335
122683,0.0450146,0.583565
110558,0.0435069,0.58538
130685,0.0450953,0.586636
120570,0.0500487,0.588082
119029,0.0466406,0.580354
130750,0.042482,0.578972
124601,0.0429178,0.588659
130852,0.0464145,0.587316
120249,0.0453615,0.573689
128693,0.0476375,0.575346
129381,0.0450124,0.57692
125962,0.0471272,0.592456
117540,0.051043,0.573843
122275,0.0449634,0.583181
128143,0.050058,0.577702
126824,0.0462185,0.580856
128760,0.0450277,0.58479
115752,0.0438607,0.567027
126477,0.0443472,0.590313
131081,0.0410412,0.581476
126655,0.0445973,0.581631
129633,0.0459227,0.580543
127257,0.0462353,0.570177
132813,0.0442663,0.59484
113933,0.0469406,0.598703
128783,0.0451295,0.565816
122481,0.0468282,0.583413
109452,0.0523896,0.568245
127768,0.0491182,0.596108
133943,0.0460188,0.597333
123886,0.0472233,0.591023
131938,0.0467181,0.589618
126014,0.0429298,0.576527
131300,0.0501833,0.584463
121923,0.0491608,0.599251
124628,0.0448704,0.573555
131425,0.0484315,0.586193
128272,0.0426156,0.600517
124253,0.0464169,0.578469
111310,0.0467964,0.58506
110230,0.0451213,0.581943
118457,0.0478348,0.587724
121550,0.0521856,0.577462
124742,0.0455699,0.579528
121742,0.0433703,0.58566
127946,0.0511399,0.583348
126214,0.0406749,0.588782
127938,0.043216,0.579378
124685,0.046342,0.584044
115200,0.0468274,0.581515
126173,0.0524764,0.586373
122758,0.0400598,0.584104
130466,0.0494398,0.587743
127394,0.0466624,0.579803
130077,0.0434244,0.590785
126540,0.0459358,0.58804
125213,0.0505713,0.579109
124917,0.0489672,0.598889
114585,0.0446177,0.583327
124245,0.0492782,0.575102
130409,0.0449627,0.585937
126352,0.0382243,0.580129
131303,0.0444857,0.575726
117538,0.04474,0.579923
124580,0.0461342,0.580635
124082,0.0459437,0.583215
123672,0.0490165,0.584093
131115,0.0459016,0.595
128204,0.0457389,0.591756
128442,0.0460103,0.582644
134346,0.045385,0.577535
128842,0.0463195,0.590483
126611,0.0448607,0.571033
131942,0.0464551,0.594307
125921,0.0471934,0.58366
129194,0.044552,0.591723
122128,0.0438643,0.580911
80148,0.0510347,0.589297
129734,0.0468637,0.577424
121528,0.0414206,0.594657
123783,0.0478391,0.591418
128592,0.044961,0.585289
127805,0.0461852,0.577829
125156,0.0417042,0.577459
124371,0.0458787,0.567383
116212,0.0464752,0.563324
119109,0.048416,0.574066
122584,0.0443628,0.581136
125104,0.0503988,0.585601
121967,0.0436043,0.586253
125020,0.047084,0.581327
125034,0.0456913,0.583953
128995,0.0455059,0.591221
129679,0.048756,0.592455
123177,0.0504773,0.599398
129726,0.0497656,0.594673
134025,0.0491372,0.585201
126257,0.0395069,0.583148
120445,0.0487312,0.5764
130366,0.0457926,0.592329
127301,0.0394676,0.581567
131231,0.0433776,0.587083
133685,0.048425,0.583599
120418,0.0491415,0.577281
111117,0.0430632,0.595125
125418,0.0510175,0.585534
123802,0.045867,0.59054
127874,0.0435204,0.580849
123677,0.0432174,0.57771
125431,0.0439099,0.576289
124244,0.0462115,0.581336
127469,0.0463086,0.576046
129122,0.0441083,0.572245
125397,0.045841,0.582322
122811,0.0439466,0.578194
120415,0.0485178,0.564519
118331,0.0437593,0.593551
133363,0.0455704,0.572423
133770,0.0460986,0.595249
125469,0.0513022,0.598797
130471,0.04748,0.585237
119945,0.044542,0.585581
132020,0.0448948,0.582923
126075,0.0446986,0.584045
122025,0.0423902,0.572522
121817,0.0527841,0.595249
124743,0.0509902,0.585439
125791,0.0491861,0.574409
128271,0.0443004,0.584929
124684,0.0465864,0.590244
129384,0.0466372,0.593485
130254,0.04334,0.586059
128100,0.0411871,0.588571
125055,0.0477574,0.588721
121544,0.0435726,0.584854
111122,0.0464374,0.581581
132225,0.0482745,0.586519
127459,0.045519,0.58183
123761,0.0498945,0.586538
124649,0.0434847,0.588087
127692,0.0470561,0.591204
130598,0.0434094,0.5937
123648,0.0462202,0.580839
129751,0.0478179,0.585706
116846,0.0483255,0.592853
124728,0.047173,0.580932
124983,0.0498953,0.588412
130996,0.045285,0.582854
126540,0.0475608,0.58261
122475,0.0461007,0.577644
127509,0.0477907,0.582982
120270,0.0468557,0.576432
121249,0.0454473,0.580966
127891,0.0483071,0.58673
125346,0.0529545,0.591941
120531,0.0475599,0.566796
127812,0.0503986,0.602033
131143,0.0427724,0.591938
123327,0.0459137,0.565302
123478,0.0493824,0.585513
131284,0.0438276,0.591569
125370,0.046365,0.573738
127015,0.0471684,0.564469
122127,0.0484008,0.592801
122144,0.0468847,0.580958
119799,0.0485201,0.586979
123682,0.0442399,0.586658
126653,0.0437902,0.591463
129844,0.0472099,0.584247
124858,0.0470595,0.591756
129366,0.0440532,0.587392
132125,0.0497021,0.588337
110401,0.0467196,0.587812
128952,0.0441819,0.583706
127488,0.044512,0.582506
129353,0.044256,0.589464
132536,0.0514744,0.58251
129398,0.0508039,0.597216
120309,0.0481284,0.583232
123179,0.045658,0.580026
129113,0.0481754,0.572649
126807,0.0464392,0.587152
126892,0.0497648,0.565232
131296,0.0473891,0.580189
129876,0.0513399,0.58527
132094,0.0439159,0.584693
121807,0.0461615,0.586661
128302,0.0473188,0.584457
130229,0.0490626,0.595409
126840,0.0457144,0.597781
127945,0.048217,0.597761
129517,0.0454362,0.575781
123981,0.0403889,0.583295
128094,0.0471269,0.576284
129185,0.0426792,0.582018
118752,0.0444058,0.585115
123057,0.0432828,0.572117
125534,0.0462341,0.580938
123275,0.0408197,0.560998
124628,0.0477443,0.581318
127383,0.0406585,0.580286
127626,0.0489903,0.581226
129743,0.0466417,0.57802
121307,0.0426866,0.587348
123382,0.0418994,0.574683
118401,0.0480843,0.572673
128141,0.0528157,0.585051
125543,0.0466808,0.573991
128257,0.0497384,0.582514
127270,0.0442504,0.587118
115867,0.0451834,0.572117
120216,0.0450343,0.581907
126877,0.0509409,0.584944
124683,0.0438434,0.575876
112676,0.0484125,0.576103
127084,0.0463473,0.5753
125567,0.0469097,0.595208
130020,0.0473378,0.579438
122697,0.0440618,0.569297
124257,0.0422143,0.585605
124329,0.0507894,0.593655
127556,0.0462549,0.565591
65345,0.0513061,0.58462
131209,0.0431169,0.580398
126178,0.0442683,0.578401
132591,0.0482128,0.593449
120507,0.0403674,0.587559
124738,0.0470889,0.583054
122636,0.0464516,0.580348
129284,0.0452742,0.582652
118757,0.049192,0.594142
131613,0.0470108,0.584885
118789,0.0425357,0.571337
122208,0.0468754,0.588476
126525,0.0496663,0.591587
125420,0.0466268,0.584648
121121,0.0488874,0.569963
127503,0.0427427,0.57663
131607,0.0428604,0.585459
118534,0.0494648,0.576678
120438,0.0476428,0.574412
119483,0.0465139,0.575923
130100,0.0470714,0.589201
119703,0.0477503,0.585712
130369,0.0436053,0.596664
125974,0.0453063,0.592948
127082,0.0441101,0.600081
121264,0.0498474,0.581838
126216,0.0420138,0.569575
124081,0.04442,0.582978
121779,0.0515266,0.579932
129842,0.0449129,0.582512
125251,0.0435327,0.588422
126282,0.0466374,0.572932
119756,0.0474258,0.579094
119863,0.0471538,0.586749
122041,0.0472466,0.591494
124925,0.0500094,0.573648
131023,0.04338,0.589931
118300,0.0528949,0.564636
124651,0.0490308,0.57107
126985,0.040995,0.585994
122906,0.0421624,0.571811
126840,0.042778,0.581169
125838,0.0503118,0.590938
131487,0.0482428,0.591344
131718,0.0461921,0.599565
124070,0.0433183,0.585371
124289,0.0503263,0.563385
124400,0.0460548,0.586141
124720,0.0420915,0.585355
119175,0.0457285,0.579111
125025,0.0464992,0.583215
128051,0.0453779,0.593303
129809,0.0445898,0.589046
127355,0.049997,0.582518
123460,0.0419915,0.581354
119491,0.0442467,0.579153
132128,0.0426574,0.596069
130587,0.0476246,0.580077
122258,0.0507802,0.585912
128193,0.0490338,0.577879
123972,0.0466691,0.582119
130151,0.0475197,0.57242
125257,0.0478418,0.574159
123428,0.0505528,0.593192
131568,0.0480729,0.573734
126895,0.0471771,0.570421
123090,0.0474895,0.594391
120914,0.0476947,0.579147
125580,0.0475446,0.584878
128186,0.047761,0.586187
128741,0.0422898,0.571174
127063,0.0476889,0.586252
130590,0.0457512,0.579834
123650,0.0443631,0.57184
122081,0.0448866,0.592595
126105,0.0507598,0.579347
125023,0.0444781,0.591567
128333,0.0427131,0.579002
127512,0.0466754,0.577659
117362,0.0446408,0.572668
124559,0.0427284,0.582848
127828,0.0453727,0.578039
128574,0.0419945,0.59127
123702,0.0517825,0.594853
131819,0.049747,0.589346
128300,0.0430983,0.587011
125615,0.050743,0.59147
130988,0.0491592,0.58587
121526,0.0396602,0.578901
123355,0.0412371,0.586807
131486,0.0472251,0.593196
124318,0.0487114,0.578593
130967,0.0428446,0.591649
127717,0.0488523,0.59422
125528,0.043556,0.592872
131865,0.0439399,0.585527
128298,0.0450344,0.585983
131334,0.0385846,0.583356
67949,0.0466133,0.568044
125988,0.0446671,0.585742
128773,0.0455475,0.589856
130296,0.0492919,0.58095
126690,0.0443482,0.582098
131524,0.0458175,0.580483
127583,0.0455511,0.586078
126789,0.0461779,0.587097
125019,0.0466409,0.583671
128725,0.048785,0.576652
119089,0.0484258,0.597797
129680,0.0450708,0.580432
124467,0.0439219,0.587558
129142,0.0482326,0.594628
46680.7,0.0520226,0.569086
128964,0.041423,0.588276
123720,0.048759,0.576709
128975,0.0453192,0.583349
124023,0.0420759,0.583847
129183,0.0416297,0.575242
127876,0.0423194,0.594861
125362,0.0457131,0.574931
126872,0.0404407,0.57785
126111,0.0464505,0.564768
126329,0.0465634,0.574365
119618,0.0465555,0.587457
127589,0.0449541,0.57726
121315,0.0467707,0.572769
77462,0.0526453,0.597467
132194,0.0448716,0.577284
119290,0.0502741,0.568711
127038,0.048251,0.575981
125190,0.0443506,0.584268
119277,0.0450336,0.57706
128685,0.0436267,0.589288
133848,0.0438337,0.598422
122172,0.0440909,0.579908
129492,0.0455217,0.581469
123493,0.046316,0.58837
127282,0.0505998,0.579241
131857,0.0410675,0.590461
114319,0.0490715,0.582086
126401,0.0430973,0.584628
135009,0.050785,0.601145
124279,0.0451322,0.577909
122434,0.0437633,0.578095
129186,0.0495413,0.592018
113549,0.0464786,0.583753
124736,0.0457549,0.577484
135736,0.0485252,0.581441
123679,0.0451693,0.574992
129492,0.0465121,0.585337
123689,0.0399456,0.575076
126133,0.0500016,0.587812
130616,0.0448317,0.576365
122359,0.0491706,0.582021
130649,0.0440106,0.585282
126447,0.0433382,0.581948
133888,0.0465326,0.596353
127957,0.0419681,0.586013
116604,0.0502608,0.589795
131680,0.0453968,0.575869
124502,0.0419859,0.589754
124520,0.0497711,0.582818
124178,0.0417868,0.56444
126453,0.0456222,0.58861
119659,0.0472018,0.573923
124958,0.0417052,0.586953
130746,0.0482236,0.572587
124361,0.0449415,0.588074
123656,0.0476812,0.58391
131068,0.0458841,0.590155
127098,0.0485138,0.579954
124901,0.0437994,0.572209
124112,0.0467438,0.575948
123762,0.03991,0.573104
112603,0.0449916,0.583484
129037,0.0441037,0.585514
122945,0.0432351,0.582956
129448,0.0474806,0.584092
136159,0.0460046,0.610834
122448,0.0393252,0.585191
132466,0.0464742,0.594673
34248.3,0.0620846,0.590267
120468,0.0419592,0.5833
124799,0.0491321,0.574744
123983,0.0470551,0.585975
118901,0.0479547,0.575079
119210,0.046027,0.580451
122010,0.0471662,0.588267
118236,0.0446821,0.587456
130583,0.0482538,0.590027
128939,0.0444698,0.586018
123510,0.0438687,0.581969
122813,0.0479621,0.585239
129217,0.0502542,0.591377
129678,0.0489254,0.583746
127081,0.0493043,0.583553
130642,0.049096,0.588647
126734,0.0474634,0.595945
116447,0.0423912,0.578371
124513,0.0422439,0.579241
118146,0.0476513,0.564793
128230,0.0436149,0.587129
116574,0.043447,0.568506
115034,0.0448346,0.57154
123586,0.0454432,0.581514
126874,0.048187,0.575469
117086,0.0490729,0.588341
133453,0.0414433,0.584532
123076,0.0425612,0.586325
110333,0.048209,0.578952
131059,0.0467677,0.588403
118532,0.0506101,0.581307
129883,0.0434861,0.589542
127848,0.0499424,0.584925
126598,0.0448121,0.585302
129441,0.0468243,0.58614
132116,0.0474519,0.595836
125115,0.0488669,0.573445
135266,0.0451661,0.596761
130899,0.0390992,0.580665
131653,0.0465342,0.579049
128198,0.0474095,0.592677
128562,0.0469129,0.585495
129149,0.0452988,0.575026
131196,0.0487783,0.588745
128292,0.0426506,0.58739
126089,0.0439539,0.589453
113330,0.0448018,0.574535
125501,0.0442164,0.5778
123906,0.0433211,0.59272
130636,0.0440749,0.591426
124457,0.0445505,0.575862
133822,0.0496909,0.589144
127903,0.0472494,0.587578
119739,0.043786,0.596155
134318,0.0465927,0.584896
124245,0.0475391,0.582724
124202,0.0529566,0.571827
121576,0.0414597,0.571384
124880,0.0476008,0.571769
132315,0.047143,0.588799
131058,0.047295,0.572819
124093,0.0457349,0.576926
115723,0.0497204,0.58408
131743,0.0461873,0.5895
135986,0.0475762,0.59583
128682,0.0444511,0.587529
126684,0.0432898,0.590789
121588,0.0446075,0.579728
124427,0.0481075,0.592159
131140,0.0433103,0.584959
131432,0.0469443,0.586208
121714,0.0479646,0.572329
130332,0.0468942,0.575081
121571,0.0444735,0.588306
125872,0.0520395,0.579076
122693,0.0452989,0.582254
128625,0.0437818,0.583809
131998,0.0408758,0.579262
128643,0.042841,0.582911
130243,0.0441536,0.589525
119923,0.0443652,0.570675
126255,0.0438437,0.569677
126140,0.0408679,0.577731
126364,0.0446211,0.592032
120373,0.0475918,0.575864
130616,0.0465264,0.571848
130705,0.049261,0.597077
130541,0.0456431,0.585061
122128,0.0390839,0.584514
125711,0.0496866,0.573291
123874,0.0439624,0.5782
122934,0.0469437,0.58971
131011,0.0454025,0.582016
106629,0.0438393,0.575341
127142,0.0472151,0.581802
125078,0.0412314,0.581777
115229,0.0458637,0.574547
125602,0.0417213,0.569653
127543,0.0491803,0.578507
128041,0.047957,0.584539
115029,0.0414038,0.563597
128234,0.0403668,0.574493
129869,0.0450382,0.589637
127336,0.0458554,0.598248
130243,0.0479133,0.582039
122689,0.038668,0.586038
128463,0.0408815,0.579361
130604,0.0450351,0.583087
124863,0.04906,0.585265
132790,0.0435285,0.588535
124317,0.048512,0.581513
125798,0.0469585,0.575228
126761,0.0414329,0.578025
117852,0.0487739,0.567254
132635,0.0481491,0.587556
126484,0.049626,0.575674
122639,0.0460478,0.575824
121615,0.0467523,0.574391
127433,0.0480946,0.584264
109431,0.0441989,0.571502
121252,0.0430518,0.577772
118037,0.0463161,0.588998
130873,0.0448856,0.587849
124626,0.0472464,0.579554
128222,0.0517499,0.592344
127884,0.0480835,0.591391
124048,0.0480652,0.57903
116674,0.0434372,0.579461
128408,0.0440211,0.586533
125493,0.0426335,0.583678
131774,0.0470341,0.583727
128192,0.0493132,0.5761
125578,0.0448711,0.587455
124083,0.0450687,0.579358
130440,0.0494936,0.587094
127947,0.0449767,0.591452
125855,0.0449334,0.577395
121107,0.0494358,0.584338
107758,0.0492243,0.590926
126995,0.0519138,0.578499
125740,0.0423202,0.58541
128895,0.0489887,0.580461
123566,0.0460286,0.594019
127304,0.0443864,0.584424
123217,0.0482709,0.588113
126021,0.0453675,0.58762
121212,0.0459245,0.572456
118157,0.049209,0.567876
129681,0.0450833,0.586358
130084,0.045256,0.590365
130008,0.046404,0.580087
127870,0.0435849,0.585743
130321,0.0467798,0.596051
127423,0.0461616,0.588803
131752,0.0462071,0.58445
105406,0.0459375,0.584739
128680,0.0469928,0.584147
127415,0.0499855,0.589087
127705,0.0507439,0.574304
119397,0.0509777,0.576032
122505,0.0453532,0.580854
126025,0.0412714,0.573969
125312,0.0457337,0.572679
132569,0.0439234,0.58161
122585,0.0544456,0.574385
128757,0.0448079,0.575515
126640,0.0471731,0.589233
126031,0.0436594,0.595111
120206,0.0469224,0.590191
134155,0.047096,0.586959
120563,0.0455174,0.587149
118534,0.0453159,0.582474
129366,0.0443217,0.58275
122655,0.0466992,0.577918
127460,0.0478982,0.59004
116356,0.0467677,0.573348
124374,0.0456723,0.582827
117199,0.0531312,0.581178
122428,0.0453696,0.584601
131557,0.043839,0.577289
122629,0.0412152,0.576491
121439,0.0473282,0.594068
126194,0.0457247,0.594624
126654,0.0464155,0.579385
127064,0.0455121,0.583497
134352,0.0453848,0.589906
124597,0.0501625,0.576149
120003,0.0476857,0.572423
126809,0.0435381,0.58553
118025,0.0452206,0.581211
128813,0.0506992,0.591788
125009,0.0530695,0.58197
127204,0.0442681,0.583362
128594,0.0405058,0.584693
119093,0.0423292,0.585207
122156,0.0480319,0.574736
133633,0.0436457,0.591886
121510,0.0463383,0.580022
121228,0.0511704,0.577548
132502,0.0479006,0.598696
121190,0.0465896,0.585622
124249,0.0443618,0.572821
117620,0.0462842,0.582494
128970,0.0458882,0.579604
131603,0.0451365,0.584728
132216,0.0453138,0.58052
124897,0.0487775,0.576583
127258,0.045402,0.590497
130475,0.0462374,0.575478
128043,0.0447207,0.58148
125434,0.0494598,0.590793
129350,0.0487697,0.594356
131236,0.0464345,0.590516
123298,0.0434263,0.588379
126387,0.0458645,0.578102
124036,0.0478599,0.594178
131923,0.0447195,0.579857
125226,0.0514783,0.58935
126673,0.0481738,0.593181
129928,0.0430786,0.581865
131173,0.0433524,0.594219
128577,0.0444258,0.585284
126423,0.0468452,0.589201
118154,0.0438986,0.573942
125643,0.0479457,0.580311
124834,0.0485469,0.592639
130807,0.0477237,0.584995
121503,0.0478074,0.582961
118505,0.049074,0.586861
124735,0.0471047,0.593987
130862,0.0451685,0.576221
125750,0.0459917,0.584402
128508,0.0420595,0.579766
128657,0.0443272,0.580664
126770,0.0484729,0.587958
123767,0.0461063,0.579787
133051,0.0485135,0.584968
121260,0.0449898,0.571862
133698,0.0515594,0.601539
124768,0.0462108,0.577396
126035,0.0468151,0.573988
127512,0.0475419,0.576565
123708,0.0541868,0.588527
126617,0.042793,0.575957
129729,0.0473377,0.591537
118984,0.0441095,0.586411
126330,0.0436953,0.575307
134056,0.0513595,0.599238
129812,0.0474006,0.590958
129292,0.0493283,0.592538
131408,0.0477177,0.579756
131493,0.0458156,0.579251
121209,0.0569807,0.573831
130276,0.0509203,0.580533
124004,0.0493351,0.574582
123215,0.0452039,0.587871
123838,0.0410255,0.586775
129149,0.0478418,0.580318
126386,0.0466189,0.581587
109514,0.0456112,0.569466
126882,0.045997,0.577155
122182,0.043627,0.585782
131588,0.0446323,0.585038
123618,0.0444272,0.591067
125069,0.046834,0.574243
115503,0.0431202,0.583851
126594,0.0468159,0.587125
115829,0.0458202,0.581655
107523,0.0491014,0.58295
131446,0.0438706,0.586119
121665,0.0434058,0.576694
128205,0.0481914,0.590582
126152,0.0491034,0.590038
133139,0.0435621,0.595055
123127,0.0464228,0.574712
125067,0.0419498,0.593018
119166,0.0488298,0.57354
123205,0.0437256,0.588211
131715,0.0442117,0.588092
126815,0.0440561,0.590927
131133,0.0490164,0.589924
130255,0.041235,0.595228
129618,0.0448784,0.592317
127089,0.0444279,0.581864
131437,0.0443618,0.586574
72716.3,0.0477208,0.582423
127213,0.0497399,0.595403
129367,0.0429314,0.588983
123891,0.0445771,0.584639
126042,0.0446641,0.586483
115601,0.0477753,0.574883
122606,0.050334,0.587479
129753,0.042842,0.581274
128485,0.0479115,0.579142
126683,0.0471508,0.596757
125609,0.044551,0.590698
127938,0.0500119,0.59494
130233,0.0425263,0.582353
124499,0.0461746,0.574997
121924,0.0480027,0.584835
125529,0.0407419,0.57086
129369,0.0421923,0.58107
129448,0.0425833,0.58695
118374,0.0473974,0.58694
117748,0.0493406,0.594749
132727,0.044591,0.593828
125436,0.0460608,0.57688
126450,0.0454836,0.576493
121530,0.047097,0.576195
124917,0.0470357,0.575738
113668,0.0462014,0.601027
125956,0.0449814,0.596601
127229,0.0466787,0.58768
130516,0.0442626,0.584814
132927,0.0490304,0.597339
123895,0.0444258,0.582792
110138,0.0434139,0.579364
126384,0.0474708,0.577941
125151,0.0475882,0.590135
117513,0.0448606,0.568954
120741,0.0435998,0.595817
96637.3,0.0449281,0.582359
124525,0.0465562,0.587496
121850,0.0439144,0.584263
125730,0.0404648,0.576319
126975,0.0458564,0.582122
109484,0.0488197,0.582537
125894,0.0480174,0.586744
132826,0.0423613,0.577526
132475,0.0423288,0.578162
137063,0.048069,0.589222
128654,0.0459413,0.579885
130652,0.0443497,0.598464
130742,0.0380198,0.586177
129188,0.0474883,0.581219
127544,0.0462908,0.580407
123114,0.0488444,0.578874
127048,0.0506989,0.591532
122477,0.0429655,0.586335
122626,0.0500483,0.584835
124534,0.0472183,0.569214
130037,0.0487076,0.581511
133909,0.0480416,0.590263
116768,0.0511618,0.584839
130050,0.049269,0.573252
126212,0.0430822,0.580424
131132,0.0425932,0.58671
127052,0.0453683,0.578275
133830,0.0468115,0.582623
129105,0.0488496,0.586898
124697,0.0466323,0.569104
121134,0.0467989,0.570261
129226,0.0450764,0.575755
123370,0.0483785,0.577932
122952,0.0456771,0.584244
121441,0.0433455,0.591749
127393,0.0444192,0.579141
127190,0.043586,0.585895
126650,0.0455781,0.583967
128449,0.0445433,0.586159
122578,0.0483066,0.582482
116078,0.0435407,0.585472
118668,0.048204,0.563294
126059,0.0468589,0.583445
124295,0.0436984,0.584054
129086,0.0435581,0.589154
126796,0.0474929,0.587507
121763,0.0457294,0.587473
128930,0.0491959,0.591546
131779,0.0510982,0.592754
125708,0.0522381,0.576913
128176,0.0488632,0.577671
105670,0.0413522,0.5686
130486,0.0456777,0.59068
124440,0.0495754,0.593053
130948,0.0470178,0.583334
131125,0.0483216,0.587184
117100,0.0480833,0.581166
119532,0.0513783,0.591657
128768,0.045437,0.582222
129908,0.0468726,0.581669
126414,0.0447754,0.5916
122261,0.0449715,0.576271
127153,0.0468121,0.581575
126004,0.0465084,0.579525
130158,0.0428757,0.588796
131991,0.043763,0.576437
132219,0.0445697,0.602293
129284,0.0459676,0.584841
133247,0.0438359,0.580966
122450,0.0460271,0.567138
131150,0.0442374,0.582871
121598,0.0432429,0.574487
132372,0.0399742,0.588021
129303,0.0500161,0.566808
125494,0.0466382,0.5689
128681,0.0486272,0.603815
124388,0.0433636,0.582669
125802,0.0470657,0.578421
120488,0.0463337,0.592669
125775,0.0491751,0.574554
133292,0.0469253,0.594807
131402,0.0461298,0.587255
128629,0.0426843,0.573976
121052,0.0456694,0.584385
128897,0.0487596,0.584226
126364,0.0491465,0.581506
121001,0.0491137,0.576793
131433,0.0464654,0.587219
126430,0.0504311,0.589555
119420,0.042965,0.587594
124051,0.0499534,0.597355
123469,0.0440717,0.569795
129507,0.0479553,0.581737
126611,0.0446344,0.577628
127221,0.046768,0.595833
121197,0.0472588,0.583838
124686,0.0428626,0.578906
121982,0.0440938,0.578971
125278,0.0494179,0.572622
125687,0.0504815,0.594004
129336,0.0490121,0.585981
126460,0.0462674,0.583295
131048,0.0458965,0.57991
121375,0.0451959,0.57944
127385,0.043941,0.573949
122277,0.0456554,0.600575
129329,0.0472819,0.581567
130365,0.046333,0.579876
125734,0.0444807,0.584142
121367,0.0485556,0.582221
130864,0.0472364,0.591423
124108,0.0432948,0.585631
130313,0.0480775,0.594296
127402,0.0468239,0.586431
132857,0.0507819,0.591489
130847,0.0390244,0.591037
129431,0.0506741,0.578115
121218,0.0446674,0.583469
122893,0.047809,0.594786
122162,0.0460602,0.571311
134245,0.04605,0.591903
117880,0.0411729,0.571191
127929,0.046779,0.571383
121020,0.0460983,0.581177
122958,0.0474577,0.565234
128475,0.0484235,0.589271
126691,0.0442811,0.587366
131984,0.0381525,0.587848
125797,0.0455267,0.598893
127684,0.0511646,0.576677
129449,0.0435996,0.576304
125383,0.0415565,0.585103
125023,0.0511079,0.577594
122852,0.0422322,0.585245
126669,0.043973,0.571943
124034,0.0428513,0.582179
129935,0.044614,0.586612
126702,0.0433538,0.580776
130224,0.0468175,0.590728
123861,0.0452654,0.589935
132787,0.0418591,0.585607
124596,0.0452611,0.58306
119944,0.0473294,0.584589
127138,0.0471721,0.589631
124337,0.0430365,0.603066
126029,0.0470269,0.598366
124672,0.048502,0.585657
125384,0.0477025,0.585183
126723,0.0456676,0.576115
130935,0.0476102,0.590155
133354,0.0436785,0.58038
127531,0.046341,0.591389
134451,0.0525644,0.600073
127134,0.0451295,0.592835
126622,0.0506338,0.590494
120941,0.0481436,0.570754
124972,0.0413648,0.584707
120852,0.0422841,0.566309
120690,0.0477201,0.574936
125478,0.046246,0.579799
121752,0.0445766,0.589391
122689,0.0431932,0.57021
131013,0.0498558,0.586121
129783,0.0431357,0.597201
118611,0.0475857,0.585608
128725,0.0427035,0.595801
120455,0.044485,0.59203
125239,0.0429466,0.584
127992,0.0475218,0.577712
126610,0.0500444,0.594392
112768,0.0465421,0.575944
125093,0.0445027,0.598139
129253,0.0394,0.577093
120691,0.046629,0.576998
122064,0.0448073,0.585443
122282,0.0443307,0.593162
128890,0.0437884,0.586298
118389,0.0438768,0.601449
124237,0.0434031,0.580785
124174,0.0416746,0.588702
126948,0.0476609,0.570403
127196,0.0452131,0.57911
123868,0.0432199,0.592869
131752,0.0502388,0.583972
129169,0.0457689,0.601573
127685,0.042012,0.601269
134110,0.0453801,0.584226
124744,0.0465854,0.567053
128323,0.0503603,0.586964
116450,0.0480773,0.588957
132153,0.0461197,0.592219
128866,0.0456821,0.571729
122614,0.0495988,0.591009
133367,0.0458736,0.588481
127418,0.0448065,0.583438
128227,0.0425959,0.585216
124554,0.0506836,0.590961
115728,0.0462975,0.583856
127536,0.0456293,0.58271
122175,0.0415819,0.577508
133192,0.0470601,0.588162
129139,0.0461839,0.582152
126102,0.0473156,0.578361
131404,0.0484132,0.591355
134699,0.0478405,0.590227
123583,0.0458105,0.599116
124238,0.0407069,0.584789
127403,0.0445208,0.593353
132749,0.0448431,0.588185
129588,0.0444401,0.582832
125798,0.0427581,0.588857
127966,0.0492147,0.587629
121411,0.0403932,0.574689
124568,0.0462292,0.571346
126954,0.043801,0.588142
126972,0.046633,0.583936
116050,0.0494005,0.576217
121927,0.0429338,0.581934
122954,0.0504549,0.592531
133596,0.0473737,0.593547
130932,0.0425028,0.596604
122766,0.0485971,0.576556
125418,0.0513372,0.576381
122161,0.0471032,0.575941
127055,0.0470862,0.57993
128352,0.0475938,0.577685
120886,0.0479029,0.57357
119231,0.045985,0.580386
122333,0.0406744,0.586084
126591,0.0516589,0.595299
114088,0.0397118,0.583335
129518,0.0446571,0.599272
131723,0.0452566,0.608212
129077,0.0444512,0.580255
115797,0.0452838,0.576625
133266,0.0445483,0.589441
125080,0.0514818,0.591337
132079,0.0424948,0.590287
132729,0.0445484,0.581663
121035,0.0494034,0.586347
119332,0.0467739,0.565737
122291,0.0453015,0.581776
128603,0.0459848,0.589318
129064,0.0414326,0.570376
130348,0.0420471,0.595502
121429,0.0486067,0.58108
126941,0.0464929,0.575058
127196,0.0428583,0.583773
119898,0.043084,0.576953
122968,0.0473426,0.579029
124228,0.0466424,0.576106
127305,0.0457634,0.586261
118199,0.0460624,0.574768
126988,0.0416903,0.576314
120471,0.0505036,0.585348
127104,0.0443373,0.577401
123079,0.0448662,0.568826
118299,0.0436413,0.573543
127030,0.0435509,0.585476
128588,0.0457773,0.584681
122272,0.0450487,0.580444
128650,0.0507889,0.585573
127424,0.0447461,0.593723
128107,0.0465918,0.593937
130365,0.0467594,0.581257
129134,0.0510747,0.58382
128853,0.045002,0.584623
127828,0.0457846,0.578508
126268,0.0434365,0.588665
123077,0.0432477,0.596854
124597,0.0445828,0.587791
127912,0.0465463,0.582561
124733,0.0476943,0.584777
119359,0.0457832,0.583446
117227,0.0445008,0.5923
123317,0.0511574,0.568664
123592,0.050268,0.582303
130394,0.0467887,0.576744
127418,0.0440881,0.587904
131263,0.0488427,0.59906
130142,0.0479721,0.584915
129407,0.0438274,0.599717
128412,0.0491903,0.594423
123017,0.0480224,0.575664
126210,0.0473756,0.587794
130731,0.0447872,0.599804
126740,0.0448103,0.578369
125765,0.0469843,0.571132
125683,0.0455655,0.580973
126890,0.0467305,0.580003
122861,0.0436119,0.591254
44292,0.0528013,0.605708
121630,0.047048,0.582237
132323,0.0463246,0.595078
125658,0.046836,0.584265
123092,0.0486283,0.5747
122323,0.0501912,0.576645
125356,0.0436613,0.587012
123536,0.0486035,0.5891
127487,0.0409844,0.581985
125098,0.0488246,0.602472
127406,0.0466539,0.578042
124011,0.0456142,0.594286
127925,0.0451852,0.59031
130855,0.0450547,0.582756
125396,0.0489762,0.578484
124396,0.0489725,0.571855
125390,0.0473601,0.580768
129590,0.043517,0.590474
121556,0.0449616,0.581596
124585,0.0516473,0.589782
127853,0.046873,0.587217
126601,0.0509584,0.588088
124160,0.0494703,0.587568
127159,0.047996,0.595782
129324,0.0429605,0.575512
127717,0.0460919,0.570045
125047,0.0480026,0.580366
129096,0.0499678,0.592245
125599,0.045656,0.584499
120421,0.047322,0.585259
124885,0.0465019,0.581074
125619,0.0479041,0.577568
126028,0.0514248,0.56979
122607,0.0486721,0.589008
124517,0.0443217,0.587209
129695,0.0461675,0.588854
124109,0.0519533,0.577867
132807,0.0486691,0.583572
129055,0.0470615,0.58656
126266,0.0480882,0.580077
130855,0.0478067,0.594062
128860,0.0480054,0.588333
130989,0.0477056,0.582847
128609,0.0440471,0.594278
122974,0.0445431,0.583205
130695,0.0436901,0.578014
131535,0.0412296,0.592595
132365,0.0458166,0.589385
123535,0.0429225,0.577132
127305,0.0478225,0.577028
130792,0.0476478,0.599314
124061,0.0456664,0.580912
129090,0.0424408,0.588934
110117,0.0451246,0.584388
131401,0.043133,0.579954
126017,0.0466495,0.581648
128802,0.04839,0.575733
127935,0.0459326,0.582503
123123,0.0498269,0.582978
42312.7,0.0581815,0.589784
127745,0.0455863,0.576477
124517,0.0463175,0.571982
124198,0.0439495,0.58577
128778,0.0432823,0.574124
130755,0.0449576,0.582613
124919,0.0429808,0.567864
129028,0.0469911,0.584846
130637,0.0477453,0.594093
121588,0.0486096,0.598796
126295,0.048641,0.593202
130272,0.0493576,0.592142
120447,0.0439007,0.586254
131964,0.0430246,0.593279
116975,0.046533,0.576892
128770,0.0454662,0.578543
121344,0.0437149,0.582311
132081,0.0490575,0.598341
117943,0.0398184,0.588882
130265,0.0423482,0.586777
125606,0.0495437,0.589236
122406,0.042458,0.573252
107343,0.0489415,0.580671
132725,0.0443167,0.591761
127031,0.0388606,0.583727
128325,0.0436143,0.585903
129052,0.0435714,0.583505
132261,0.0512102,0.592283
127888,0.0453172,0.579613
123053,0.0473875,0.585077
131682,0.0474966,0.585627
125472,0.0464178,0.575208
123803,0.0435933,0.582046
120257,0.0437245,0.578461
126100,0.0526435,0.562538
129465,0.0407414,0.58593
117133,0.0466583,0.576699
129951,0.0420057,0.602088
121862,0.0384711,0.585313
131520,0.0485557,0.587694
121301,0.039987,0.586199
119840,0.0424525,0.58173
129181,0.0493486,0.582384
127169,0.0431504,0.588245
122246,0.0447083,0.582195
125261,0.0484995,0.578017
129327,0.0478049,0.588636
121973,0.0469108,0.587831
128351,0.0529743,0.572909
126767,0.0443981,0.587081
124710,0.0414912,0.599025
123364,0.046419,0.584899
129246,0.0477641,0.601458
126845,0.0480483,0.586105
136320,0.0449914,0.588336
127482,0.0440475,0.577097
127663,0.037956,0.584034
121467,0.0451487,0.587406
118578,0.0485694,0.578104
119543,0.044071,0.573112
128072,0.0453235,0.577094
106079,0.0497005,0.584498
120816,0.0474889,0.56882
127078,0.0549152,0.599144
124808,0.0479063,0.576566
126825,0.0503563,0.581199
124280,0.0472984,0.594742
124171,0.0448688,0.58119
128089,0.0458291,0.580999
124378,0.0494295,0.574607
119712,0.046804,0.568895
125621,0.0408456,0.586964
121018,0.0512683,0.591941
126834,0.0403763,0.586574
134705,0.0457792,0.609803
129324,0.047186,0.579301
126984,0.0449744,0.587507
127044,0.0479925,0.588823
124467,0.0432067,0.595118
119634,0.0457935,0.576028
125037,0.0423329,0.578321
128806,0.0432417,0.57993
123970,0.0453895,0.591062
117982,0.0452403,0.580953
127570,0.0460246,0.58259
129416,0.0447175,0.580291
125114,0.0446176,0.574836
124320,0.0496998,0.592201
129267,0.0501358,0.583463
125663,0.0482893,0.585272
123276,0.0414429,0.589693
129927,0.0480693,0.585356
130490,0.0449538,0.585133
131559,0.0462273,0.599997
122541,0.0474675,0.588277
124821,0.0418729,0.568306
134198,0.0462697,0.576763
126975,0.0489178,0.580035
123223,0.047196,0.587394
126760,0.0431991,0.575359
37566.3,0.0631019,0.582614
123630,0.0432858,0.600097
117999,0.0441945,0.572357
130245,0.0460489,0.601954
126823,0.0447614,0.580546
131172,0.0438476,0.586394
124999,0.0466725,0.569976
131057,0.0480208,0.60191
124798,0.0483214,0.585686
125816,0.0400527,0.570798
131222,0.0439175,0.588243
128857,0.0448776,0.584458
128293,0.0414709,0.580948
133404,0.0477791,0.596669
131446,0.0470353,0.59095
124935,0.0509009,0.57796
127803,0.0455846,0.583476
114456,0.0484889,0.582604
125614,0.042252,0.581062
118123,0.0431324,0.579587
121305,0.0430571,0.589551
127020,0.0449776,0.577637
129144,0.0410914,0.574131
114554,0.0461135,0.571831
130752,0.0403583,0.59448
124413,0.0419033,0.589737
121948,0.0507907,0.57625
122042,0.0438358,0.572852
130545,0.0479248,0.589862
128116,0.0440612,0.585891
125690,0.0437869,0.583662
128005,0.0501391,0.591125
129974,0.043656,0.575957
125372,0.0457507,0.578159
126635,0.0470206,0.587906
127670,0.0435134,0.588521
126347,0.0450018,0.576741
124666,0.0472305,0.583792
127985,0.043332,0.586061
125144,0.0469584,0.586529
132932,0.0443635,0.589403
121424,0.0441192,0.582772
124927,0.0519921,0.581327
130654,0.0457878,0.582504
132088,0.045195,0.5941
118892,0.0477852,0.577049
130551,0.0421256,0.582864
127260,0.0407806,0.578308
125052,0.0430175,0.578443
125864,0.0458397,0.579522
130393,0.0430027,0.590281
126815,0.0472099,0.573524
119264,0.0458954,0.589151
127139,0.0487382,0.597771
128988,0.0480612,0.581376
128965,0.0467251,0.582674
133504,0.0433636,0.585911
130958,0.0450286,0.5934
121981,0.0468499,0.585481
126238,0.0440052,0.571805
126264,0.0527424,0.5716
131081,0.0486786,0.584433
119489,0.0522972,0.571454
126125,0.0496268,0.586204
130821,0.0465901,0.58747
127158,0.0488085,0.58762
126671,0.045895,0.580169
120355,0.0478738,0.579536
112603,0.0468906,0.580513
124302,0.042318,0.588542
121174,0.046578,0.581932
128074,0.0379598,0.581699
122317,0.0468454,0.590388
122741,0.04589,0.588878
127626,0.0484034,0.566401
119416,0.0442991,0.578955
123294,0.0485536,0.589044
130244,0.0514194,0.585144
124034,0.0456882,0.56859
127305,0.0507329,0.594517
126933,0.0497027,0.575701
123943,0.0419894,0.57397
127819,0.0413916,0.587616
128412,0.045085,0.588851
127805,0.0469188,0.579531
137064,0.0463214,0.589786
124106,0.0503458,0.586027
132728,0.0508959,0.590192
125566,0.0475681,0.583605
128736,0.0433994,0.578514
126177,0.0456378,0.572026
128332,0.0432844,0.583085
127691,0.0476104,0.57652
126085,0.04966,0.5802
119284,0.0502651,0.582744
123728,0.0412469,0.598927
122481,0.0413075,0.584964
118833,0.0480936,0.581964
125210,0.0456806,0.592868
127726,0.0465978,0.580105
131221,0.0503842,0.576379
118598,0.041703,0.58283
124315,0.0465374,0.580565
105272,0.0418731,0.590556
129389,0.047309,0.587272
121503,0.0452726,0.567143
123406,0.0436506,0.581884
131735,0.0388658,0.58026
125982,0.0499443,0.575261
127891,0.0537941,0.589048
125107,0.0484843,0.5744
91694.7,0.0407312,0.583287
128954,0.046872,0.569672
122203,0.04857,0.584462
127928,0.0418488,0.586377
128416,0.0453776,0.588661
117393,0.0527985,0.576981
122264,0.0461745,0.573722
130858,0.0505007,0.582337
121849,0.0461467,0.582204
124250,0.0483221,0.57029
128510,0.0467024,0.587234
131715,0.0476874,0.589345
130567,0.042149,0.578948
127499,0.0493588,0.582373
115006,0.0462059,0.582813
126294,0.0440226,0.588361
118416,0.0481862,0.580234
124690,0.0439286,0.567167
122339,0.0423727,0.577543
119285,0.0449038,0.581888
129098,0.0442324,0.573471
127925,0.0445079,0.578608
129467,0.0436349,0.575537
132587,0.0455256,0.592875
126137,0.0443907,0.577685
126912,0.045785,0.573929
121233,0.0403538,0.577071
121104,0.0448332,0.583577
129370,0.0462393,0.57581
117426,0.0451075,0.576027
127885,0.0499794,0.601427
122954,0.0444654,0.581331
112517,0.0421863,0.591768
131139,0.0418881,0.584273
130126,0.0437195,0.603926
120209,0.0486635,0.574391
118662,0.0455585,0.595107
125304,0.0447525,0.593353
124672,0.0446122,0.585059
122116,0.0395803,0.580104
132023,0.0440797,0.583701
129587,0.047913,0.583592
118933,0.0456783,0.57994
132569,0.0510403,0.60547
130120,0.0428773,0.585079
130694,0.0462773,0.574927
127780,0.0460481,0.580463
127675,0.0435288,0.576091
127471,0.0443655,0.585016
129680,0.0441623,0.583879
130864,0.0480493,0.586227
117288,0.0432211,0.571427
125909,0.0470229,0.585963
123546,0.048371,0.595908
127579,0.0491652,0.591343
124973,0.0478584,0.586987
130372,0.0459926,0.587346
128244,0.0428227,0.580031
126964,0.045492,0.576427
127362,0.050468,0.580938
124832,0.0509321,0.584982
125311,0.0441106,0.579506
118129,0.0392221,0.567782
122755,0.0497444,0.579325
134209,0.0486996,0.594863
123578,0.0456501,0.604691
122594,0.0425589,0.573287
122431,0.0481293,0.568275
122791,0.0453143,0.591379
130337,0.0481881,0.593849
124968,0.0453079,0.587267
124828,0.0479021,0.586995
127374,0.0484248,0.571922
129547,0.0483356,0.584977
127560,0.0481421,0.583087
122305,0.0467411,0.582507
115812,0.0432627,0.586878
119464,0.0507811,0.597469
127277,0.0456733,0.575976
120056,0.0450553,0.569239
124798,0.0437639,0.583258
129224,0.0442957,0.576685
125146,0.0486281,0.585824
127823,0.0460141,0.60058
124876,0.0509002,0.574458
129077,0.0449107,0.580627
130539,0.0443604,0.58042
129046,0.0492729,0.596505
130102,0.0429007,0.590575
124449,0.0452014,0.575348
120991,0.0462639,0.57575
126713,0.0427128,0.571871
127526,0.045124,0.582316
125975,0.0465622,0.580667
121810,0.0446458,0.57311
120754,0.0488716,0.567174
122826,0.0455353,0.591052
123427,0.0463151,0.573894
124073,0.0520447,0.589399
132775,0.0436998,0.586812
128221,0.0522555,0.595702
131690,0.0411227,0.586723
123777,0.0476159,0.594165
126039,0.0455306,0.582387
131822,0.0466014,0.590816
131296,0.043914,0.593533
129147,0.0468727,0.599093
126014,0.0469203,0.592811
126023,0.0404352,0.593634
124492,0.047951,0.592548
128214,0.0486184,0.589268
125179,0.0464607,0.580513
119962,0.0426361,0.578971
127311,0.0443484,0.582632
132483,0.0437534,0.575202
125430,0.0427405,0.57332
127944,0.0446656,0.580117
122328,0.0489153,0.585766
124800,0.0476293,0.581502
129469,0.0490385,0.579683
126241,0.0432873,0.575324
129099,0.0405388,0.599574
121766,0.0473774,0.594398
123007,0.0467964,0.580105
128797,0.0427934,0.571504
126609,0.0462842,0.601762
128159,0.0484752,0.597118
118231,0.0448558,0.578338
124901,0.0517072,0.575688
130529,0.0503093,0.588417
124313,0.0492978,0.586146
130745,0.049286,0.590948
129862,0.0418249,0.578811
125576,0.0481084,0.574461
118949,0.0459285,0.571745
126778,0.0465506,0.573613
124233,0.0448622,0.577443
126775,0.0455977,0.586685
101109,0.0522868,0.57396
132771,0.042496,0.582511
113994,0.0506382,0.584009
130973,0.0442905,0.595233
123708,0.0438962,0.588616
122814,0.0479948,0.573852
122970,0.0453855,0.592104
132975,0.0427148,0.58746
129163,0.0425451,0.58221
130663,0.0484059,0.586861
127843,0.0492418,0.565385
131872,0.0467699,0.59466
126464,0.0448129,0.561824
126955,0.0494754,0.587775
133864,0.0471837,0.58475
136218,0.0471702,0.593075
132742,0.0478756,0.591136
127128,0.0499647,0.58281
128175,0.0460197,0.588071
132022,0.0444319,0.587326
114262,0.0417541,0.572929
123503,0.0471031,0.587468
126029,0.0474292,0.571317
124313,0.0447294,0.594351
129197,0.0483136,0.576883
127939,0.048109,0.578483
118605,0.0457142,0.568635
131086,0.0444996,0.580402
128481,0.04619,0.5803
122448,0.0454446,0.577801
130270,0.047137,0.595037
130061,0.0481432,0.590342
120389,0.0424424,0.586524
123545,0.0498102,0.572176
128257,0.0458165,0.565911
123195,0.0454943,0.596197
128315,0.0473434,0.601902
123264,0.0448604,0.598865
126896,0.0488894,0.59044
121527,0.042656,0.58482
126402,0.0415157,0.586276
119764,0.0471563,0.577945
122869,0.0393965,0.586071
133331,0.0510759,0.590016
73060,0.0518531,0.589748
132353,0.0443852,0.580395
125292,0.0508331,0.5942
125349,0.0429329,0.574807
129529,0.0499893,0.591585
128192,0.0444521,0.592249
133336,0.0494283,0.59373
128990,0.0467133,0.592798
122497,0.046821,0.589774
123768,0.0473419,0.575064
124835,0.0474658,0.570381
129037,0.0434918,0.572801
124496,0.0448938,0.588421
125370,0.0456258,0.584059
131133,0.0433843,0.58194
132809,0.0483992,0.59002
130450,0.0421733,0.58578
125292,0.0474792,0.571916
130292,0.044425,0.580278
126066,0.0450483,0.582429
119618,0.043552,0.590601
131040,0.0421772,0.591624
124342,0.0460429,0.579655
131498,0.0441318,0.594393
123273,0.0490055,0.576919
126629,0.0424857,0.58408
128977,0.0463359,0.58812
126720,0.0427057,0.581325
124506,0.0481251,0.574322
128530,0.0482731,0.583821
125576,0.0513275,0.587497
124274,0.0508866,0.591596
125150,0.0498735,0.590899
126482,0.0394622,0.581059
129445,0.0489334,0.580486
118564,0.0423233,0.572049
126820,0.0413497,0.582791
124004,0.0473359,0.584638
126127,0.043241,0.576911
131427,0.0474686,0.583765
126852,0.0440489,0.588698
122758,0.0485338,0.58498
127735,0.0471673,0.596324
128323,0.0492694,0.583399
112032,0.0461847,0.578402
127224,0.0466029,0.584885
123540,0.0454547,0.582051
135461,0.048014,0.580492
129628,0.0536278,0.587774
121803,0.0430749,0.569859
131657,0.0471932,0.586953
136735,0.0438415,0.58534
118368,0.0420418,0.587114
123076,0.0476624,0.589441
124853,0.0433005,0.582986
132189,0.0491707,0.593994
128223,0.0463889,0.586006
130894,0.0416988,0.589397
123643,0.0481215,0.600503
131112,0.0428871,0.585728
118483,0.0476205,0.580674
127417,0.0460994,0.582265
118175,0.0446606,0.580685
133073,0.0516923,0.574538
128460,0.0434465,0.581621
133922,0.0472742,0.582679
124735,0.0451002,0.58842
122986,0.0509597,0.583924
126267,0.0476497,0.583121
129140,0.0448793,0.574373
120965,0.0480208,0.586087
118785,0.0479193,0.57482
124976,0.0499904,0.571041
130279,0.0453986,0.577042
126438,0.0447882,0.589289
123352,0.0434071,0.578251
128460,0.0416877,0.585003
132528,0.0502577,0.597583
125761,0.0502785,0.582375
128969,0.0460264,0.580876
120107,0.0484452,0.576269
128043,0.0504952,0.596464
127219,0.0450129,0.570556
117075,0.0469086,0.587299
120408,0.0432976,0.583329
126910,0.0374522,0.579383
123338,0.0418749,0.581325
120768,0.0466274,0.574179
122864,0.0535149,0.594564
124983,0.0447196,0.587732
127748,0.0412971,0.583606
125042,0.0439264,0.591797
127836,0.0410367,0.590213
120535,0.0505116,0.588497
119099,0.0470288,0.582415
127475,0.0471928,0.589555
119577,0.0467437,0.581617
131430,0.0448974,0.585053
129200,0.0475146,0.570147
123379,0.0511107,0.575613
70546.3,0.0490379,0.581159
127895,0.046052,0.57978
121748,0.0445911,0.579972
126200,0.0483967,0.586407
126640,0.0458076,0.564976
133554,0.0485755,0.58589
132729,0.0409941,0.591811
129528,0.0486624,0.5891
126519,0.043354,0.580905
128496,0.0472678,0.579228
130122,0.0454439,0.590223
123906,0.0448837,0.582401
124766,0.0449843,0.588826
127230,0.0410743,0.57769
132310,0.0473176,0.584321
128236,0.0420155,0.575178
120809,0.0468852,0.579026
133548,0.0450745,0.585845
119740,0.0445665,0.590926
126301,0.0471855,0.594718
127475,0.0470685,0.583495
122934,0.0409331,0.577737
129724,0.0469862,0.582571
123633,0.0519921,0.576307
120566,0.043193,0.577132
110987,0.0435136,0.572612
133693,0.0450813,0.584066
116685,0.0489361,0.572242
124081,0.0514844,0.581608
122392,0.0424054,0.584241
125480,0.0460303,0.576447
129802,0.0427043,0.587753
129988,0.0436271,0.589082
126201,0.0483885,0.581731
122430,0.0453704,0.573299
119122,0.0419724,0.586063
108431,0.0459695,0.603453
121722,0.0451253,0.57909
120239,0.0524809,0.577325
126505,0.0426666,0.579546
120927,0.0460435,0.593726
123821,0.0475565,0.582877
125075,0.0468003,0.590398
126564,0.0433521,0.585415
131603,0.0431148,0.581609
120368,0.0431974,0.589609
127578,0.046703,0.58527
39222,0.0540149,0.588139
125434,0.0502924,0.602951
119848,0.0439984,0.588884
128389,0.0418155,0.581962
125763,0.0494243,0.574974
125103,0.0480382,0.589383
129577,0.0435669,0.572467
130741,0.0446434,0.579746
124287,0.0507492,0.590388
129595,0.0454953,0.571573
124816,0.0438362,0.580859
129548,0.049883,0.592734
130919,0.0416579,0.582272
126581,0.0443353,0.582181
125782,0.0496307,0.578545
125479,0.0503801,0.574036
117492,0.0490103,0.579823
120878,0.0467764,0.581917
129660,0.0478566,0.595862
125567,0.0443719,0.588845
114122,0.0425183,0.596103
128681,0.0465367,0.584057
127427,0.0471435,0.578449
123026,0.0450919,0.581329
90544.3,0.0471781,0.581325
131756,0.0519143,0.592736
124901,0.0427989,0.586196
127612,0.0457129,0.583985
123444,0.0474791,0.576662
124885,0.0502169,0.575722
118210,0.0429652,0.593668
122640,0.0448362,0.588418
131080,0.0498078,0.572189
43943.7,0.0483387,0.582162
122997,0.0457861,0.579173
122242,0.0472376,0.578888
128943,0.0470156,0.58432
124901,0.0457091,0.588382
134745,0.0451565,0.576964
126951,0.0483375,0.572126
120321,0.048403,0.56744
129662,0.0465787,0.588993
126479,0.046795,0.561461
127191,0.0452377,0.574762
124301,0.0485964,0.571464
93350,0.0419363,0.589705
130384,0.0410891,0.581386
119874,0.0497925,0.586495
120882,0.0537676,0.58378
125185,0.0449454,0.586568
124498,0.0473472,0.575447
134433,0.0449645,0.595096
126763,0.0451709,0.590161
129761,0.0488409,0.597726
124508,0.0467644,0.572907
125500,0.0429619,0.58104
129965,0.0505757,0.583157
117186,0.0468426,0.584954
129282,0.0468589,0.581744
134489,0.0449971,0.585431
128546,0.0457801,0.576766
126163,0.0476049,0.568063
119937,0.0478178,0.578416
124049,0.0496441,0.581452
126277,0.0452961,0.60106
124200,0.0439063,0.583965
125754,0.0464734,0.600923
124226,0.0464284,0.577508
127815,0.0437543,0.57631
130052,0.0509726,0.583551
126115,0.0521392,0.579067
131153,0.0443997,0.597207
118631,0.0464176,0.578601
128708,0.0487345,0.570598
128697,0.0465278,0.580049
128932,0.04409,0.584351
127037,0.0497393,0.579843
125325,0.0423851,0.589487
129974,0.0443119,0.592238
121155,0.0425351,0.58097
126982,0.047807,0.574538
127361,0.0442585,0.607152
126394,0.048834,0.57428
127329,0.0402078,0.580972
124976,0.0453725,0.57009
128585,0.0515341,0.584411
127961,0.0455713,0.593618
121688,0.0460545,0.575657
127687,0.0414025,0.592041
125297,0.0448307,0.591531
124144,0.048977,0.590036
129668,0.0409892,0.574961
124546,0.0443836,0.59861
118567,0.0457711,0.58313
125813,0.0429645,0.602227
127038,0.0461865,0.589292
120687,0.0445559,0.577229
127476,0.0461303,0.572425
124904,0.0452,0.584309
126385,0.0451366,0.592298
129379,0.046841,0.585103
125485,0.0461712,0.572204
132636,0.0497729,0.593048
131432,0.0464939,0.589221
121183,0.0449855,0.586877
130794,0.0447937,0.588146
122857,0.0480565,0.568258
129354,0.0433188,0.581949
125351,0.047784,0.587499
119818,0.0456228,0.574955
131655,0.0406022,0.57972
125075,0.045158,0.592888
120313,0.0425428,0.584979
124657,0.0438287,0.570722
127208,0.0462701,0.593052
126411,0.047645,0.583992
127056,0.0479141,0.589972
129814,0.0459887,0.591049
124250,0.0410508,0.583263
132078,0.045191,0.57468
125096,0.0455797,0.589783
130016,0.0491042,0.587562
124816,0.0410991,0.574974
127310,0.0446867,0.56926
69460,0.0478759,0.590426
125602,0.0496799,0.581061
123663,0.0410291,0.594968
125111,0.0459042,0.59456
116338,0.0467702,0.596993
126915,0.0411086,0.582929
125747,0.0430407,0.578789
118857,0.0459778,0.576087
131381,0.043793,0.580685
120350,0.0413685,0.591778
130710,0.0446617,0.586462
131139,0.0466735,0.597023
119697,0.0403205,0.590562
124315,0.0457674,0.59636
117045,0.0460351,0.585403
128536,0.0473513,0.584252
128921,0.0431112,0.577233
119706,0.0437651,0.577611
115977,0.0466838,0.584116
121899,0.0465485,0.585973
126524,0.0461011,0.597752
122368,0.0467231,0.59107
123893,0.0482491,0.585332
124333,0.0427059,0.581234
125423,0.0424537,0.593898
119734,0.053047,0.569934
131114,0.0492351,0.582501
116106,0.0485785,0.57373
122151,0.0523689,0.585631
125408,0.0427802,0.583994
121299,0.0425351,0.578401
111378,0.0431168,0.579473
124010,0.0429082,0.578542
126504,0.0500313,0.58225
130820,0.0423665,0.582866
122807,0.0528904,0.573693
117691,0.0486175,0.591452
129739,0.0441537,0.580153
117436,0.0498285,0.57482
122477,0.0519059,0.59154
128382,0.0459633,0.583481
126442,0.0480002,0.58252
126472,0.048137,0.579045
123378,0.0404754,0.592354
132035,0.0451551,0.58945
125023,0.0467588,0.579754
128371,0.0463592,0.590223
107648,0.0485761,0.593959
117259,0.0457355,0.572604
129067,0.0517696,0.585638
121488,0.0436378,0.586021
128162,0.0510803,0.576618
131499,0.0482632,0.58713
130132,0.0422879,0.57721
127717,0.0424376,0.571658
128366,0.0492477,0.587745
133177,0.0476435,0.596706
126163,0.0504795,0.583432
125850,0.0436699,0.585098
126187,0.0448557,0.580828
127859,0.0467174,0.580057
127429,0.0475251,0.577816
125422,0.0475605,0.579998
121952,0.0481932,0.581306
124403,0.0479118,0.586385
128547,0.0449816,0.593615
126681,0.0458508,0.577841
120806,0.0506731,0.57308
126632,0.0496022,0.587486
126325,0.047633,0.579438
122207,0.0435045,0.563949
127895,0.0456063,0.577447
127556,0.0429252,0.587589
128470,0.0440516,0.594181
121443,0.0461655,0.574669
125227,0.0441351,0.577827
125261,0.0478753,0.590316
126486,0.0472896,0.588816
126772,0.045306,0.573151
123247,0.0503445,0.572489
104976,0.0482776,0.580256
136328,0.0482757,0.598494
124378,0.0451887,0.585715
131262,0.0466508,0.581992
124773,0.0466591,0.581801
119226,0.0453932,0.573793
122007,0.0514012,0.586692
123830,0.0424246,0.58353
126559,0.0387831,0.575823
127336,0.0475886,0.593925
123863,0.0471162,0.580032
127987,0.0527573,0.56537
126390,0.041218,0.584054
130207,0.0465661,0.593413
124503,0.0465612,0.594471
128259,0.0426004,0.592493
123504,0.0460566,0.573131
127625,0.0473931,0.58673
114983,0.0475212,0.568749
126184,0.0490533,0.576385
40397.3,0.0557346,0.572752
128260,0.0414553,0.577366
124355,0.0471847,0.597262
132001,0.043916,0.581151
125630,0.0416325,0.587551
126247,0.0461402,0.578144
133549,0.0473092,0.57696
112661,0.0442506,0.584616
131878,0.0423166,0.576741
119826,0.0480208,0.582791
123169,0.0444076,0.577601
132980,0.0443078,0.577564
123246,0.0492331,0.579341
132329,0.0442671,0.58115
124890,0.046743,0.57933
136657,0.0444665,0.604158
133382,0.0452852,0.600152
120000,0.0486817,0.578121
122067,0.0422947,0.586559
123129,0.0473715,0.583213
127412,0.0411047,0.575844
119229,0.0432483,0.602006
127302,0.0454619,0.590321
129111,0.0483673,0.599728
126267,0.0473442,0.574398
127023,0.0482994,0.580285
130049,0.0506666,0.592972
87856,0.0438062,0.58169
123669,0.0486014,0.575807
131387,0.0487949,0.582915
122567,0.0450057,0.576493
132042,0.0489246,0.586048
122210,0.0457295,0.583049
128246,0.0455176,0.590853
128461,0.0475271,0.578331
120637,0.0481197,0.575611
129525,0.042195,0.585134
133250,0.0461504,0.584878
128553,0.0466599,0.573425
136468,0.0451,0.592729
129293,0.0462817,0.597325
119822,0.0491583,0.580557
122742,0.0489456,0.582995
124463,0.0455462,0.58993
133305,0.0473062,0.594239
127987,0.0441879,0.58636
129444,0.049224,0.585597
131149,0.0454056,0.574557
127098,0.0395155,0.588873
119096,0.041533,0.594995
128932,0.0471079,0.584812
123513,0.0510694,0.580048
121431,0.0449224,0.577559
120986,0.0419909,0.583493
116628,0.0469787,0.579453
128960,0.043322,0.586767
120992,0.0424478,0.574381
128819,0.0438367,0.591008
134110,0.0422351,0.588878
129420,0.0443716,0.591218
124378,0.0455369,0.594969
126592,0.0442588,0.582928
125505,0.0467319,0.587363
127397,0.0467425,0.584982
129001,0.0434042,0.583891
125990,0.0485148,0.589892
134970,0.0485452,0.594017
130982,0.0453835,0.595685
130283,0.0477681,0.5866
128719,0.0499991,0.592853
121011,0.0442157,0.564317
128850,0.0484894,0.578056
121201,0.0447485,0.580131
129457,0.0457563,0.589675
129431,0.0447425,0.589696
126692,0.0507069,0.580021
125029,0.0458053,0.59393
120576,0.0444163,0.584034
124146,0.0466078,0.589198
132174,0.0465625,0.594795
126325,0.0470226,0.584805
130959,0.0432333,0.577001
121683,0.049018,0.574106
129489,0.0429865,0.58064
129694,0.0476508,0.590382
128324,0.0425928,0.599946
131373,0.0488787,0.591895
126178,0.0456766,0.590646
107017,0.0447063,0.578562
126840,0.0452021,0.582407
123877,0.0430226,0.589194
123384,0.0438789,0.568116
125803,0.0488725,0.57096
123906,0.047908,0.581808
106112,0.046847,0.581438
127201,0.0450784,0.581505
124583,0.0519887,0.578024
123037,0.0491442,0.573279
108582,0.0508054,0.574336
117457,0.0434213,0.575475
120751,0.0445957,0.587142
125521,0.0442386,0.600425
120856,0.0462074,0.578039
123137,0.0467233,0.58562
51686.3,0.0500269,0.579566
131517,0.0433629,0.588232
132072,0.0409617,0.594384
119573,0.0458003,0.595536
129787,0.0415595,0.589392
124510,0.0455156,0.581049
123859,0.0497702,0.576111
125560,0.0465594,0.593629
130016,0.0446767,0.5925
128051,0.0516999,0.574697
124274,0.0479152,0.589488
127114,0.044937,0.586918
116995,0.0479242,0.574713
123330,0.0450767,0.597904
127235,0.0493941,0.596165
124665,0.0469999,0.593859
116089,0.0460214,0.58801
121797,0.0474577,0.578212
124723,0.0460966,0.577901
128587,0.0470277,0.580704
125187,0.0483124,0.583995
123070,0.0420841,0.582266
132745,0.0450539,0.586301
126562,0.0471351,0.583544
118657,0.0422744,0.577796
125264,0.0487382,0.570731
129135,0.0453318,0.585484
121465,0.0480417,0.594542
130895,0.0494088,0.578716
114910,0.0418841,0.587124
123209,0.0450247,0.581146
121624,0.0434709,0.587577
123696,0.0458173,0.575544
123883,0.0464057,0.570954
133805,0.0453932,0.590576
129386,0.0448585,0.59229
127774,0.0483122,0.588152
130636,0.0432833,0.584069
109697,0.0462049,0.578543
131918,0.0459199,0.595813
124383,0.0423018,0.595294
133176,0.0471732,0.577946
132420,0.0498917,0.587748
127671,0.0460354,0.582388
123297,0.0439153,0.579904
104452,0.0487961,0.57929
129479,0.0456297,0.590127
128281,0.0460322,0.596866
125033,0.0448326,0.57043
126831,0.0467428,0.583055
130718,0.0455193,0.588836
122559,0.0429317,0.578664
113096,0.0471719,0.592161
130283,0.0475159,0.583415
119017,0.0455758,0.570897
122255,0.0437713,0.580303
129808,0.0462186,0.590661
124399,0.0472575,0.571693
122028,0.0453175,0.569804
126037,0.0482047,0.574891
125363,0.0446063,0.590034
128444,0.0458603,0.597268
128920,0.048298,0.585394
125735,0.0484162,0.594309
132154,0.0450805,0.583524
126775,0.0484557,0.5862
124835,0.0404339,0.5791
121172,0.0481793,0.586621
123930,0.0435519,0.590644
131265,0.0464634,0.582478
125939,0.0442734,0.567263
126390,0.0441799,0.584437
122713,0.0508945,0.595165
125642,0.04783,0.598323
130619,0.0473652,0.605436
130875,0.0496836,0.58463
125792,0.0438687,0.582175
127058,0.0419806,0.584264
129393,0.0453441,0.577949
124141,0.0471254,0.575406
125476,0.0393617,0.582482
128838,0.0489422,0.579973
124251,0.0425684,0.589412
124958,0.0472039,0.595636
128720,0.0505862,0.592099
125872,0.0435628,0.570885
123961,0.0447702,0.590734
129814,0.0494587,0.585041
121787,0.0447506,0.568731
120233,0.0489481,0.57411
126003,0.0454701,0.599557
123281,0.0444666,0.584522
122642,0.0454248,0.579671
129077,0.0451814,0.583156
120273,0.0484099,0.580168
126631,0.0479686,0.587281
130830,0.047177,0.589899
129883,0.0465999,0.580303
125697,0.0524238,0.573971
123450,0.0449278,0.577104
123694,0.045696,0.58388
123211,0.0450455,0.596984
123831,0.0459751,0.590733
133919,0.0411938,0.599097
127312,0.0471979,0.571985
127339,0.046601,0.573316
123321,0.0430033,0.585723
126496,0.0474731,0.576575
130136,0.0460585,0.57944
137004,0.0442372,0.600022
129066,0.0462092,0.578305
128416,0.0422844,0.594568
123143,0.0493088,0.576626
116795,0.0491331,0.594983
124069,0.0496648,0.59049
124260,0.0469968,0.579434
129125,0.0435963,0.586342
123747,0.04474,0.583582
125797,0.0449325,0.586111
127916,0.0465516,0.592323
126258,0.0475852,0.566305
129691,0.0414416,0.588441
128508,0.0415104,0.573229
129274,0.0434852,0.595955
134576,0.0420526,0.590031
126420,0.0485659,0.571654
129398,0.0436292,0.575446
125623,0.0492132,0.564264
59967.3,0.0532047,0.584196
128019,0.042469,0.580175
130730,0.0428974,0.584449
133671,0.0506595,0.579569
132484,0.0435262,0.595102
125899,0.0438966,0.581541
110931,0.0437526,0.585585
120756,0.0438524,0.57475
129817,0.0502616,0.573526
126364,0.0478882,0.58267
125830,0.0427123,0.584145
124026,0.0457529,0.579588
129352,0.0439054,0.57599
134768,0.0443235,0.587791
129043,0.0472911,0.594852
127213,0.0459284,0.582609
112830,0.0541865,0.588917
121149,0.0472583,0.586608
130275,0.046618,0.588555
125696,0.048422,0.589379
118796,0.0470514,0.601115
116401,0.0433717,0.576009
124991,0.0494511,0.576778
127192,0.0535857,0.590945
129782,0.0429964,0.590787
123812,0.0454801,0.583813
128166,0.0437114,0.587843
126868,0.0464466,0.580292
127942,0.042816,0.588165
95200.7,0.0496802,0.57917
127590,0.0465934,0.587346
122820,0.0475631,0.584258
130244,0.0480815,0.582142
129821,0.0420295,0.58199
129087,0.0462059,0.586864
126492,0.0437886,0.583958
123032,0.0485396,0.574822
124950,0.0473917,0.580508
130813,0.0450697,0.582255
121374,0.0430086,0.577908
124611,0.0423364,0.585277
133724,0.0437199,0.578101
123110,0.045054,0.582032
128303,0.0470635,0.580279
122893,0.0446062,0.580847
126855,0.0477166,0.596787
127445,0.0445068,0.588583
130127,0.0477745,0.597966
128585,0.0459841,0.587802
127203,0.0440335,0.575478
129133,0.0501908,0.581342
118142,0.0484566,0.575079
126003,0.0461904,0.582411
123938,0.038839,0.594737
128863,0.0486351,0.573419
122685,0.0460727,0.581689
123777,0.0471983,0.57814
125087,0.0474375,0.598959
127527,0.0473356,0.585841
129998,0.0436767,0.587786
131455,0.0437707,0.597539
122485,0.0457348,0.584247
129074,0.0471807,0.575627
130364,0.048623,0.580647
120799,0.0476129,0.581611
125342,0.0446673,0.58746
125970,0.046901,0.584596
127336,0.0397365,0.602646
129960,0.0452629,0.589497
128359,0.0468677,0.591883
125169,0.0499397,0.580235
131053,0.0457977,0.593
125608,0.0489999,0.584664
125138,0.0487511,0.593573
122317,0.0445726,0.576792
132199,0.0494832,0.586506
124543,0.0432162,0.577921
116136,0.0472646,0.572789
120251,0.0468108,0.576091
122188,0.0455357,0.57457
124620,0.0512964,0.579486
107350,0.0419239,0.58762
126400,0.0446555,0.584241
127676,0.0477926,0.580042
131809,0.0479298,0.577104
122146,0.0445772,0.596671
127356,0.0475107,0.58009
126923,0.0446899,0.579753
119544,0.0457154,0.582786
125774,0.0473728,0.586945
128235,0.0449964,0.587067
128166,0.0433294,0.583396
128642,0.0473251,0.580273
123312,0.0471466,0.579639
124837,0.0461772,0.587971
127936,0.0473445,0.592222
135235,0.0455268,0.587847
132204,0.0487846,0.598677
130248,0.0455443,0.589975
117924,0.0473067,0.58544
57636.7,0.0479463,0.572454
121186,0.0461551,0.56823
123316,0.0423848,0.572395
125348,0.0444279,0.574964
129423,0.0441326,0.57994
129793,0.0523264,0.598603
124814,0.0456214,0.580997
127626,0.0504571,0.577378
129092,0.0464671,0.576798
130766,0.0433487,0.575001
131805,0.047535,0.592963
122074,0.0507632,0.567267
124473,0.0483369,0.58924
127128,0.0456661,0.587718
121956,0.0490784,0.579237
128230,0.0500917,0.594748
129503,0.0465133,0.592913
122944,0.0458428,0.593176
127792,0.0504417,0.587815
123214,0.0486983,0.592327
120078,0.0442343,0.570275
124296,0.0461803,0.583462
123214,0.0491239,0.590363
119654,0.0440401,0.582413
128172,0.044767,0.590234
128185,0.045934,0.591352
125787,0.044992,0.589055
130257,0.0456446,0.597308
130417,0.0439258,0.593443
128762,0.0447335,0.576241
114899,0.044788,0.578591
128859,0.0462062,0.582446
124499,0.0425614,0.583784
128539,0.0508319,0.582178
116117,0.0412815,0.586206
128548,0.0459152,0.595241
121168,0.0475359,0.575502
128173,0.0419549,0.576151
130826,0.0493296,0.589871
121075,0.0474259,0.590316
123332,0.0484693,0.592818
124934,0.0445901,0.576985
121804,0.0447355,0.595284
127886,0.049679,0.584395
126448,0.0474886,0.581753
126676,0.0436081,0.601949
127309,0.0444705,0.603799
126377,0.0483822,0.585435
122353,0.0467058,0.58158
119617,0.0473341,0.576803
130260,0.0486113,0.576267
99131.3,0.0442875,0.566397
122566,0.0461481,0.582368
105502,0.0474836,0.581961
138972,0.0449567,0.594537
125450,0.0458186,0.592997
120529,0.0422775,0.567693
133502,0.0473054,0.596542
127815,0.0447189,0.592712
132690,0.0437063,0.57652
120970,0.0460162,0.578098
131973,0.0483158,0.582525
125676,0.0496622,0.566834
127149,0.048353,0.58129
126265,0.0477995,0.571148
125749,0.0457783,0.58274
126770,0.0397527,0.579443
130276,0.0461493,0.574876
129015,0.0437746,0.591811
129825,0.0452469,0.581078
131798,0.043635,0.586295
133305,0.0446344,0.588031
125583,0.0449876,0.575512
128208,0.0451788,0.583134
42912,0.049335,0.597782
132770,0.0482739,0.601427
121563,0.0443191,0.563555
124142,0.051625,0.603781
126243,0.0464047,0.5905
112934,0.0427401,0.567876
118403,0.0431366,0.568613
123410,0.0452433,0.560672
123750,0.0436551,0.579624
126838,0.046135,0.579349
123116,0.0469745,0.583299
126469,0.0450898,0.597241
126211,0.0463238,0.582236
122731,0.0524226,0.58088
131980,0.0464945,0.576281
119587,0.0433404,0.576049
124734,0.0463279,0.580479
129798,0.0447085,0.5865
116978,0.0456555,0.579891
130494,0.0489214,0.601633
125609,0.0502142,0.586347
124608,0.0419296,0.566613
132384,0.0465773,0.578495
118073,0.0462098,0.578087
121834,0.0456914,0.588108
124363,0.0481764,0.58915
123355,0.0407854,0.588014
125339,0.044334,0.584451
134332,0.0471674,0.58437
129745,0.0434429,0.591661
131285,0.04717,0.592539
121936,0.0446594,0.595854
117648,0.0440245,0.587239
129852,0.0472274,0.581485
130369,0.0451645,0.582569
129801,0.0487629,0.591779
109281,0.0418572,0.584319
133935,0.0441625,0.589133
129642,0.0398748,0.577641
122913,0.0433018,0.585516
126827,0.0462754,0.578031
124169,0.0496356,0.581236
119946,0.0404382,0.577864
118862,0.0499845,0.573013
129026,0.0450913,0.587173
127763,0.0459976,0.579158
126528,0.046703,0.593948
130819,0.0488138,0.590385
